id,season,week,seasonType,startDate,startTimeTBD,completed,neutralSite,conferenceGame,attendance,venueId,venue,homeId,homeTeam,homeClassification,homeConference,homePoints,homeLineScores,homePostgameWinProbability,homePregameElo,homePostgameElo,awayId,awayTeam,awayClassification,awayConference,awayPoints,awayLineScores,awayPostgameWinProbability,awayPregameElo,awayPostgameElo,excitementIndex,highlights,notes,playoff
401525434,2023,1,regular,2023-08-26T18:30:00.000Z,False,True,True,False,49000.0,3504.0,Aviva Stadium,87,Notre Dame,fbs,FBS Independents,42.0,"[14, 14, 7, 7]",0.9764059782028198,1733.0,1819.0,2426,Navy,fbs,American Athletic,3.0,"[0, 0, 0, 3]",0.023594021797180176,1471.0,1385.0,1.6464656004293619,,,
401540199,2023,1,regular,2023-08-26T19:30:00.000Z,False,True,True,False,,3689.0,Cramton Bowl,2382,Mercer,fcs,Southern,17.0,"[7, 3, 0, 7]",0.9685580730438232,,,2453,North Alabama,fcs,UAC,7.0,"[7, 0, 0, 0]",0.03144192695617676,,,4.165937017377442,,,
401520145,2023,1,regular,2023-08-26T21:30:00.000Z,False,True,False,True,17982.0,3662.0,AmFirst Stadium,55,Jacksonville State,fbs,Conference USA,17.0,"[3, 7, 7, 0]",0.8074830770492554,1500.0,1499.0,2638,UTEP,fbs,Conference USA,14.0,"[0, 7, 0, 7]",0.19251692295074463,1369.0,1370.0,4.604489649314535,,,
401540628,2023,1,regular,2023-08-26T23:00:00.000Z,False,True,False,False,,4419.0,Bob Ford Field,399,UAlbany,fcs,Coastal Athletic,34.0,"[7, 14, 3, 10]",0.9600834846496582,,,2230,Fordham,fcs,Patriot,13.0,"[3, 3, 7, 0]",0.0399165153503418,,,3.5321785113608146,,,
401532392,2023,1,regular,2023-08-26T23:00:00.000Z,False,True,False,False,23867.0,7311.0,Snapdragon Stadium,21,San Diego State,fbs,Mountain West,20.0,"[3, 7, 0, 10]",0.8783165216445923,1488.0,1497.0,195,Ohio,fbs,Mid-American,13.0,"[3, 3, 0, 7]",0.12168347835540771,1482.0,1473.0,5.105936586622695,,,
401525450,2023,1,regular,2023-08-26T23:00:00.000Z,False,True,False,False,15356.0,3601.0,Aggie Memorial Stadium,166,New Mexico State,fbs,Conference USA,30.0,"[0, 10, 0, 20]",0.11750931292772293,1322.0,1274.0,113,Massachusetts,fbs,FBS Independents,41.0,"[7, 3, 3, 28]",0.8824906870722771,1074.0,1122.0,5.430057635222613,,,
401520147,2023,1,regular,2023-08-26T23:30:00.000Z,False,True,False,False,21407.0,3973.0,FirstBank Stadium,238,Vanderbilt,fbs,SEC,35.0,"[14, 7, 7, 7]",0.31702595949172974,1322.0,1327.0,62,Hawai'i,fbs,Mountain West,28.0,"[7, 7, 0, 14]",0.6829740405082703,1246.0,1241.0,4.0057227822225805,,,
401539999,2023,1,regular,2023-08-26T23:30:00.000Z,False,True,True,False,,4246.0,Center Parc Stadium,2296,Jackson State,fcs,SWAC,37.0,"[7, 10, 17, 3]",0.9922460317611694,,,2569,South Carolina State,fcs,MEAC,7.0,"[0, 0, 0, 7]",0.007753968238830566,,,1.88069837124351,,,
401523986,2023,1,regular,2023-08-27T00:00:00.000Z,False,True,False,False,63411.0,477.0,Los Angeles Memorial Coliseum,30,USC,fbs,Pac-12,56.0,"[7, 14, 21, 14]",0.9233670830726624,1663.0,1713.0,23,San José State,fbs,Mountain West,28.0,"[0, 14, 7, 7]",0.07663291692733765,1462.0,1412.0,3.430252536771744,,,
401520146,2023,1,regular,2023-08-27T01:00:00.000Z,False,True,False,True,16299.0,3776.0,Joe Aillet Stadium,2348,Louisiana Tech,fbs,Conference USA,22.0,"[0, 13, 0, 9]",0.9391083121299744,1251.0,1249.0,2229,Florida International,fbs,Conference USA,17.0,"[14, 3, 0, 0]",0.060891687870025635,1072.0,1074.0,5.388823302392496,,,
401540527,2023,1,regular,2023-08-31T04:00:00.000Z,True,True,False,False,,3774.0,Jayne Stadium,2413,Morehead State,fcs,Pioneer,37.0,"[10, 14, 7, 6]",0.3616123583892206,,,2707,West Virginia State,ii,Mountain East,35.0,"[7, 7, 14, 7]",0.6383876416107794,,,6.776992216,,,
401540288,2023,1,regular,2023-08-31T04:00:00.000Z,True,True,False,False,,4762.0,Memorial Stadium (Commerce TX),2837,East Texas A&M,fcs,Southland,10.0,"[0, 3, 0, 7]",0.03025494187177197,,,302,UC Davis,fcs,Big Sky,48.0,"[10, 21, 3, 14]",0.969745058128228,,,2.0170513597,,,
401545743,2023,1,regular,2023-08-31T04:00:00.000Z,True,True,False,False,,6058.0,Ralph F. DellaCamera Stadium,2441,New Haven,ii,Northeast 10,24.0,"[7, 10, 7, 0, 0]",,,,341,Frostburg State,ii,Mountain East,27.0,"[0, 14, 7, 3, 3]",,,,,,,
401540607,2023,1,regular,2023-08-31T04:00:00.000Z,True,True,False,False,,4899.0,Fifth Third Stadium,338,Kennesaw State,fcs,FCS Independents,38.0,"[0, 10, 7, 21]",0.9651605763875958,,,2839,Tusculum,ii,South Atlantic,7.0,"[7, 0, 0, 0]",0.03483942361240422,,,5.9040772809,,,
401540244,2023,1,regular,2023-08-31T04:00:00.000Z,True,True,False,False,,3882.0,Provost Umphrey Stadium,2320,Lamar,fcs,Southland,17.0,"[0, 0, 3, 14]",0.0,,,70,Idaho,fcs,Big Sky,42.0,"[14, 14, 7, 7]",1.0,,,2.5507608776081185,,,
401550265,2023,1,regular,2023-08-31T04:00:00.000Z,True,True,False,False,,5855.0,Charles A. Henry Field,2274,Hiram,iii,North Coast,14.0,"[0, 7, 7, 0]",,,,191,Heidelberg,iii,Ohio,68.0,"[13, 21, 21, 13]",,,,,,,
401553950,2023,1,regular,2023-08-31T18:00:00.000Z,False,True,False,False,,3747.0,Hantz Stadium,2886,Northwood,ii,Great Midwest Athletic,9.0,"[2, 0, 0, 7]",,,,2249,Glenville State,ii,Mountain East,44.0,"[13, 14, 0, 17]",,,,,,,
401544917,2023,1,regular,2023-08-31T22:00:00.000Z,False,True,False,False,,5781.0,Irwin Belk Stadium,351,Wingate,ii,South Atlantic,30.0,"[14, 3, 13, 0]",,,,2013,Albany State,ii,SIAC,7.0,"[0, 0, 0, 7]",,,,,,,
401540470,2023,1,regular,2023-08-31T22:00:00.000Z,False,True,False,False,,3658.0,Buccaneer Field,2127,Charleston Southern,fcs,Big South-OVC,13.0,"[0, 3, 0, 10]",0.8807313484329646,,,2822,North Greenville,ii,Gulf South,10.0,"[3, 7, 0, 0]",0.11926865156703537,,,6.0366800426,,,
401545860,2023,1,regular,2023-08-31T22:00:00.000Z,False,True,False,False,,4421.0,Multi-Sport Performance Stadium,2017,Alderson-Broaddus,ii,Mountain East,0.0,[],,,,2858,California (PA),ii,Pennsylvania State Athletic,0.0,[],,,,,,,
401540990,2023,1,regular,2023-08-31T22:00:00.000Z,False,True,False,False,,6060.0,Grace P. Johnson Stadium,2882,UNC Pembroke,ii,Mountain East,19.0,"[3, 3, 7, 6]",,,,2220,Fayetteville State,ii,CIAA,17.0,"[7, 0, 3, 7]",,,,,,,
401549697,2023,1,regular,2023-08-31T22:00:00.000Z,False,True,True,False,,7505.0,Keiser Multi-Purpose Field,126110,Keiser University,,,14.0,"[0, 7, 7, 0]",,,,2401,Mississippi College,ii,Gulf South,17.0,"[7, 0, 7, 3]",,,,,,,
401540802,2023,1,regular,2023-08-31T22:00:00.000Z,False,True,False,False,,3885.0,Harvey Randall Wickes Memorial Stadium,129,Saginaw Valley State,ii,GLIAC,34.0,"[10, 17, 7, 0]",,,,2851,Winona State,ii,Northern Sun,24.0,"[0, 7, 10, 7]",,,,,,,
401550193,2023,1,regular,2023-08-31T22:00:00.000Z,False,True,False,False,,6112.0,Richard Wackar Stadium,2827,Rowan,iii,New Jersey,17.0,"[10, 7, 0, 0]",,,,471,Stevenson,iii,Mid Atlantic,20.0,"[0, 14, 3, 3]",,,,,,,
401541838,2023,1,regular,2023-08-31T22:00:00.000Z,False,True,False,False,,7075.0,Electric Supply Company Field,122666,Barton,ii,South Atlantic,41.0,"[14, 10, 10, 7]",,,,2804,Chowan,ii,Gulf South,0.0,"[0, 0, 0, 0]",,,,,,,
401541855,2023,1,regular,2023-08-31T23:00:00.000Z,False,True,False,False,,3925.0,Seibert Stadium,2535,Samford,fcs,Southern,69.0,"[14, 35, 13, 7]",0.9989409891171906,,,2560,Shorter,ii,Gulf South,14.0,"[7, 0, 7, 0]",0.0010590108828093525,,,2.7899141061,,,
401540323,2023,1,regular,2023-08-31T23:00:00.000Z,False,True,False,True,,3788.0,Kenneth P. LaValle Stadium,2619,Stony Brook,fcs,Coastal Athletic,13.0,"[0, 3, 10, 0]",0.34259411692619324,,,48,Delaware,fcs,CAA,37.0,"[7, 10, 7, 13]",0.6574058830738068,,,5.099129637469332,,,
401541872,2023,1,regular,2023-08-31T23:00:00.000Z,False,True,False,False,,3957.0,Tiger Stadium (AL),2695,West Alabama,ii,Gulf South,14.0,"[7, 7, 0, 0]",,,,2025,Angelo State,ii,Lone Star,38.0,"[7, 3, 21, 7]",,,,,,,
401541801,2023,1,regular,2023-08-31T23:00:00.000Z,False,True,False,False,,4433.0,George P. Miller Stadium,2291,IU Pennsylvania,ii,Pennsylvania State Athletic,24.0,"[7, 7, 0, 10]",,,,308,Ashland,ii,Great Midwest Athletic,17.0,"[7, 0, 0, 10]",,,,,,,
401545751,2023,1,regular,2023-08-31T23:00:00.000Z,False,True,False,False,,3723.0,QU Stadium,2825,Quincy,ii,Great Lakes,34.0,"[0, 15, 6, 13]",,,,2123,Chadron State,ii,Rocky Mountain,35.0,"[22, 7, 0, 6]",,,,,,,
401541033,2023,1,regular,2023-08-31T23:00:00.000Z,False,True,False,False,,3663.0,Burke-Tarr Stadium,2105,Carson Newman,ii,South Atlantic,35.0,"[7, 7, 14, 7]",,,,2355,Virginia Lynchburg,,,3.0,"[0, 3, 0, 0]",,,,,,,
401545869,2023,1,regular,2023-08-31T23:00:00.000Z,False,True,False,False,,3808.0,Lincoln University Stadium,2339,Lincoln (PA),ii,CIAA,20.0,[],,,,2134,Clarion,ii,Pennsylvania State Athletic,30.0,[],,,,,,,
401541751,2023,1,regular,2023-08-31T23:00:00.000Z,False,True,False,True,,3934.0,Southern Nazarene University Football Stadium,200,Southern Nazarene,ii,Great American,20.0,"[0, 0, 6, 14]",,,,2264,Harding,ii,Great American,53.0,"[14, 21, 11, 7]",,,,,,,
401541001,2023,1,regular,2023-08-31T23:00:00.000Z,False,True,False,False,,5943.0,Duvall-Rosier Field,2986,Fairmont State,ii,Mountain East,34.0,"[0, 14, 10, 10]",,,,2071,Bloomsburg,ii,Pennsylvania State Athletic,30.0,"[7, 3, 0, 20]",,,,,,,
401541949,2023,1,regular,2023-08-31T23:00:00.000Z,False,True,False,True,,6062.0,Gable Field at Doc Wadley Stadium,196,Northeastern State,ii,Mid America,0.0,"[0, 0, 0, 0]",,,,2231,Fort Hays,ii,Mid America,56.0,"[7, 28, 7, 14]",,,,,,,
401540794,2023,1,regular,2023-08-31T23:00:00.000Z,False,True,False,False,,6051.0,James S. Malosky Stadium,134,Minnesota Duluth,ii,Northern Sun,47.0,"[20, 14, 13, 0]",,,,128,Northern Michigan,ii,GLIAC,10.0,"[0, 10, 0, 0]",,,,,,,
401550240,2023,1,regular,2023-08-31T23:00:00.000Z,False,True,False,False,,5918.0,Taylor Field,6353,Lakeland,iii,NACC,13.0,"[0, 0, 13, 0]",,,,272,Wisconsin Platteville,iii,Wisconsin,80.0,"[35, 21, 7, 17]",,,,,,,
401545810,2023,1,regular,2023-08-31T23:00:00.000Z,False,True,False,True,,5874.0,Chet Anderson Stadium,132,Bemidji State,ii,Northern Sun,49.0,"[21, 15, 7, 6]",,,,425,Northern State,ii,Northern Sun,13.0,"[6, 0, 7, 0]",,,,,,,
401525816,2023,1,regular,2023-08-31T23:00:00.000Z,False,True,False,False,44088.0,3652.0,FBC Mortgage Stadium,2116,UCF,fbs,Big 12,56.0,"[14, 14, 14, 14]",0.9949033856391907,1534.0,1668.0,2309,Kent State,fbs,Mid-American,6.0,"[3, 0, 3, 0]",0.005096614360809326,1396.0,1262.0,5.4815593103650375,,,
401554814,2023,1,regular,2023-08-31T23:00:00.000Z,False,True,False,False,,5810.0,Coyer Field,2085,Buffalo State,iii,Liberty League,6.0,"[0, 3, 3, 0]",,,,2781,Brockport,iii,Empire 8,42.0,"[14, 7, 7, 14]",,,,,,,
401545847,2023,1,regular,2023-08-31T23:00:00.000Z,False,True,False,True,,6052.0,Herb Parker Stadium,568,Minot State,ii,Northern Sun,23.0,"[7, 10, 0, 6]",,,,2587,Southwest Minnesota State,ii,Northern Sun,28.0,"[0, 7, 7, 14]",,,,,,,
401540728,2023,1,regular,2023-08-31T23:00:00.000Z,False,True,False,False,,3609.0,Allgood-Bailey Stadium,2402,Missouri S&T,ii,Great Lakes,20.0,"[6, 0, 0, 14]",,,,2170,Delta State,ii,Gulf South,48.0,"[7, 10, 21, 10]",,,,,,,
401541833,2023,1,regular,2023-08-31T23:00:00.000Z,False,True,False,False,,3718.0,Tom Benson Hall of Fame Stadium,2682,Walsh,ii,Great Midwest Athletic,24.0,"[14, 3, 7, 0]",,,,2699,West Liberty,ii,Mountain East,21.0,"[0, 0, 7, 14]",,,,,,,
401531834,2023,1,regular,2023-08-31T23:00:00.000Z,False,True,False,False,15546.0,4246.0,Center Parc Stadium,2247,Georgia State,fbs,Sun Belt,42.0,"[14, 7, 14, 7]",0.8389883637428284,1490.0,1490.0,227,Rhode Island,fcs,Coastal Athletic,35.0,"[0, 14, 14, 7]",0.16101163625717163,,,4.7410541202201895,,,
401532393,2023,1,regular,2023-08-31T23:00:00.000Z,False,True,False,False,19432.0,3980.0,Waldo Stadium,2711,Western Michigan,fbs,Mid-American,35.0,"[7, 14, 7, 7]",0.957788348197937,1367.0,1367.0,2598,Saint Francis,fcs,NEC,17.0,"[0, 10, 7, 0]",0.04221165180206299,,,3.411162173406661,,,
401547175,2023,1,regular,2023-08-31T23:00:00.000Z,False,True,True,False,,3983.0,War Memorial Stadium (AR),241,McMurry,iii,American Southwest,19.0,"[0, 0, 0, 19]",,,,3,Birmingham-Southern,iii,Southern Athletic,20.0,"[6, 7, 0, 7]",,,,,,,
401540775,2023,1,regular,2023-08-31T23:00:00.000Z,False,True,False,True,,4763.0,Ranger Field,2823,Northwestern (OK),ii,Great American,24.0,"[14, 0, 10, 0]",,,,2028,Arkansas Monticello,ii,Great American,49.0,"[10, 17, 8, 14]",,,,,,,
401545779,2023,1,regular,2023-08-31T23:00:00.000Z,False,True,False,False,,6212.0,Bishop Schmitt Field,112335,Wheeling,ii,Mountain East,35.0,"[7, 0, 14, 14]",,,,611,Seton Hill,ii,Pennsylvania State Athletic,24.0,"[10, 0, 0, 14]",,,,,,,
401541012,2023,1,regular,2023-08-31T23:00:00.000Z,False,True,False,False,,5121.0,University of Charleston Stadium,2128,Charleston (WV),ii,Mountain East,22.0,"[0, 3, 6, 13]",,,,367,Gannon,ii,Pennsylvania State Athletic,13.0,"[0, 0, 6, 7]",,,,,,,
401545842,2023,1,regular,2023-08-31T23:00:00.000Z,False,True,False,True,,6070.0,Bob Young Field,2894,Sioux Falls,ii,Northern Sun,26.0,"[0, 13, 13, 0]",,,,2364,Minnesota State,ii,Northern Sun,54.0,"[7, 13, 27, 7]",,,,,,,
401547053,2023,1,regular,2023-08-31T23:00:00.000Z,False,True,False,True,,6042.0,Alumni Stadium (KY),2310,Kentucky State,ii,SIAC,34.0,"[7, 14, 0, 13]",,,,2805,Clark Atlanta,ii,SIAC,20.0,"[0, 7, 7, 6]",,,,,,,
401545791,2023,1,regular,2023-08-31T23:00:00.000Z,False,True,False,False,,4431.0,Chryst Field at Biemesderfer Stadium,210,Millersville,ii,Pennsylvania State Athletic,33.0,"[0, 12, 8, 13]",,,,2830,Saint Anselm,ii,Northeast 10,7.0,"[0, 7, 0, 0]",,,,,,,
401541787,2023,1,regular,2023-08-31T23:00:00.000Z,False,True,False,True,,5891.0,Wilkins Stadium,2568,Southern Arkansas,ii,Great American,34.0,"[7, 10, 7, 10]",,,,199,Southeastern Oklahoma State,ii,Great American,19.0,"[7, 9, 3, 0]",,,,,,,
401545835,2023,1,regular,2023-08-31T23:00:00.000Z,False,True,False,True,,6035.0,"Memorial Stadium (Wayne, NE)",2844,Wayne State (NE),ii,Northern Sun,31.0,"[7, 10, 7, 7]",,,,2817,Minnesota St Moorhead,ii,Northern Sun,23.0,"[7, 3, 7, 6]",,,,,,,
401541782,2023,1,regular,2023-08-31T23:00:00.000Z,False,True,False,True,,6073.0,Milam Stadium,2927,Southwestern Oklahoma State,ii,Great American,14.0,"[0, 0, 7, 7]",,,,2888,Ouachita Baptist,ii,Great American,38.0,"[7, 21, 3, 7]",,,,,,,
401541881,2023,1,regular,2023-08-31T23:00:00.000Z,False,True,False,False,,5888.0,University Stadium (GA),2698,West Georgia,ii,Gulf South,21.0,"[7, 0, 0, 14]",,,,2336,Limestone,ii,South Atlantic,19.0,"[0, 6, 0, 13]",,,,,,,
401540311,2023,1,regular,2023-08-31T23:00:00.000Z,False,True,False,True,,3629.0,Barker-Lane Stadium,2097,Campbell,fcs,Coastal Athletic,24.0,"[7, 7, 0, 10]",0.4003959477855617,,,2729,William & Mary,fcs,Coastal Athletic,34.0,"[7, 17, 3, 7]",0.5996040522144384,,,3.2557304502,,,
401540534,2023,1,regular,2023-08-31T23:00:00.000Z,False,True,False,False,,3868.0,Paladin Stadium,231,Furman,fcs,Southern,45.0,"[7, 14, 3, 21]",0.9807046055793762,,,2635,Tennessee Tech,fcs,Big South-OVC,10.0,"[3, 7, 0, 0]",0.01929539442062378,,,3.8062730203753476,,,
401550360,2023,1,regular,2023-08-31T23:00:00.000Z,False,True,False,False,,5802.0,Belhaven Bowl Stadium,2056,Belhaven,iii,USA South,47.0,"[13, 20, 7, 7]",,,,2398,Millsaps,iii,Southern Athletic,7.0,"[0, 0, 7, 0]",,,,,,,
401525461,2023,1,regular,2023-08-31T23:00:00.000Z,False,True,False,False,30028.0,3630.0,Allegacy Federal Credit Union Stadium,154,Wake Forest,fbs,ACC,37.0,"[10, 14, 6, 7]",1.0,1608.0,1608.0,2210,Elon,fcs,Coastal Athletic,17.0,"[0, 0, 14, 3]",0.0,,,2.293933281529059,,,
401540299,2023,1,regular,2023-08-31T23:00:00.000Z,False,True,False,False,,3829.0,Memorial Stadium,282,Indiana State,fcs,MVFC,0.0,"[0, 0, 0, 0]",0.15306541323661804,,,2197,Eastern Illinois,fcs,Big South-OVC,27.0,"[6, 12, 9, 0]",0.846934586763382,,,2.8862158491670398,,,
401558399,2023,1,regular,2023-08-31T23:00:00.000Z,False,True,True,False,,5922.0,Wildcat Field,2347,Louisiana Christian,,,34.0,"[10, 14, 0, 10]",,,,2194,East Texas Baptist,iii,American Southwest,14.0,"[7, 0, 0, 7]",,,,,,,
401551497,2023,1,regular,2023-08-31T23:05:00.000Z,False,True,False,False,,4439.0,Eiler-Martin Stadium,2188,East Stroudsburg,ii,Pennsylvania State Athletic,62.0,"[14, 6, 14, 28]",,,,2487,Pace,ii,Northeast 10,9.0,"[3, 3, 0, 3]",,,,,,,
401549695,2023,1,regular,2023-08-31T23:30:00.000Z,False,True,False,False,,3960.0,Top Taggart Field,2222,Ferris State,ii,GLIAC,54.0,"[21, 7, 12, 14]",,,,2385,Mercyhurst,ii,Pennsylvania State Athletic,12.0,"[12, 0, 0, 0]",,,,,,,
401520174,2023,1,regular,2023-08-31T23:30:00.000Z,False,True,False,False,36526.0,3892.0,Pratt & Whitney Stadium,41,UConn,fbs,FBS Independents,14.0,"[7, 0, 7, 0]",0.3113931119441986,1260.0,1264.0,152,NC State,fbs,ACC,24.0,"[7, 3, 14, 0]",0.6886068880558014,1557.0,1553.0,4.350008436699794,,,
401540451,2023,1,regular,2023-08-31T23:30:00.000Z,False,True,False,False,,844.0,Stambaugh Stadium,2754,Youngstown State,fcs,MVFC,52.0,"[7, 10, 28, 7]",,,,2674,Valparaiso,fcs,Pioneer,10.0,"[3, 7, 0, 0]",,,,,,,
401545819,2023,1,regular,2023-08-31T23:30:00.000Z,False,True,False,True,,5933.0,Sea Foam Stadium,3066,Concordia St. Paul,ii,Northern Sun,43.0,"[13, 10, 7, 13]",,,,389,Upper Iowa,ii,Northern Sun,20.0,"[0, 12, 0, 8]",,,,,,,
401541958,2023,1,regular,2023-09-01T00:00:00.000Z,False,True,False,True,,6054.0,Fred G. Hughes Stadium,2403,Missouri Southern State,ii,Mid America,24.0,"[7, 10, 7, 0]",,,,138,Northwest Missouri State,ii,Mid America,31.0,"[0, 17, 7, 7]",,,,,,,
401541928,2023,1,regular,2023-09-01T00:00:00.000Z,False,True,False,True,,6055.0,Craig Field at Spratt Memorial Stadium,137,Missouri Western,ii,Mid America,38.0,"[7, 10, 7, 14]",,,,2118,Central Missouri,ii,Mid America,45.0,"[10, 14, 7, 14]",,,,,,,
401520165,2023,1,regular,2023-09-01T00:00:00.000Z,False,True,False,False,50434.0,3838.0,Memorial Stadium,142,Missouri,fbs,SEC,35.0,"[14, 14, 0, 7]",0.9934393763542175,1480.0,1480.0,233,South Dakota,fcs,MVFC,10.0,"[0, 3, 0, 7]",0.006560623645782471,,,2.0731976336654157,,,
401551490,2023,1,regular,2023-09-01T00:00:00.000Z,False,True,False,False,,5938.0,Al Whitehead Field at Greyhound Stadium,2201,Eastern New Mexico,ii,Lone Star,28.0,"[7, 14, 0, 7]",,,,2424,New Mexico Highlands,ii,Rocky Mountain,26.0,"[0, 0, 13, 13]",,,,,,,
401549650,2023,1,regular,2023-09-01T00:00:00.000Z,False,True,False,False,,3945.0,Strong Stadium,266,Beloit,iii,Midwest,34.0,"[0, 10, 14, 10]",,,,2524,Rockford,iii,NACC,27.0,"[7, 7, 7, 6]",,,,,,,
401540745,2023,1,regular,2023-09-01T00:00:00.000Z,False,True,False,False,,5883.0,Marv Kay Stadium at Campbell Field,2146,Colorado School of Mines,ii,Rocky Mountain,31.0,"[7, 7, 14, 3]",,,,125,Grand Valley State,ii,GLIAC,28.0,"[7, 0, 0, 21]",,,,,,,
401520176,2023,1,regular,2023-09-01T00:00:00.000Z,False,True,False,False,53644.0,587.0,Rice-Eccles Stadium,254,Utah,fbs,Pac-12,24.0,"[7, 10, 7, 0]",0.9870097637176514,1776.0,1784.0,57,Florida,fbs,SEC,11.0,"[3, 0, 0, 8]",0.012990236282348633,1554.0,1546.0,2.6993799294899743,,,
401520148,2023,1,regular,2023-09-01T00:00:00.000Z,False,True,False,True,53629.0,3953.0,Huntington Bank Stadium,135,Minnesota,fbs,Big Ten,13.0,"[0, 3, 0, 10]",0.32836392521858215,1672.0,1671.0,158,Nebraska,fbs,Big Ten,10.0,"[0, 0, 7, 3]",0.6716360747814178,1521.0,1522.0,5.859107066644544,,,
401531377,2023,1,regular,2023-09-01T00:00:00.000Z,False,True,False,False,25363.0,7221.0,Protective Stadium,5,UAB,fbs,American Athletic,35.0,"[7, 14, 7, 7]",0.9868582487106323,1510.0,1510.0,2448,North Carolina A&T,fcs,Coastal Athletic,6.0,"[3, 0, 0, 3]",0.013141751289367676,,,2.380855120875344,,,
401541775,2023,1,regular,2023-09-01T00:00:00.000Z,False,True,False,True,,6064.0,Crain Family Stadium,319,Oklahoma Baptist,ii,Great American,23.0,"[7, 6, 7, 3]",,,,2033,Arkansas Tech,ii,Great American,21.0,"[0, 7, 0, 14]",,,,,,,
401541984,2023,1,regular,2023-09-01T00:00:00.000Z,False,True,False,True,,6067.0,Carnie Smith Stadium,90,Pittsburg State,ii,Mid America,34.0,"[0, 6, 7, 21]",,,,2687,Washburn,ii,Mid America,7.0,"[0, 0, 7, 0]",,,,,,,
401540278,2023,1,regular,2023-09-01T00:00:00.000Z,False,True,False,False,,5440.0,Wildcat Stadium (TX),2000,Abilene Christian,fcs,UAC,31.0,"[14, 7, 10, 0]",0.9956128597259521,,,2458,Northern Colorado,fcs,Big Sky,11.0,"[0, 3, 0, 8]",0.0043871402740478516,,,1.9068188270357094,,,
401541939,2023,1,regular,2023-09-01T00:00:00.000Z,False,True,False,True,,5878.0,Wantland Stadium,2122,Central Oklahoma,ii,Mid America,24.0,"[3, 14, 7, 0]",,,,2438,Nebraska Kearney,ii,Mid America,21.0,"[7, 0, 7, 7]",,,,,,,
401531337,2023,1,regular,2023-09-01T00:00:00.000Z,False,True,False,False,17529.0,3674.0,Chapman Stadium,202,Tulsa,fbs,American Athletic,42.0,"[0, 28, 7, 7]",0.9862125515937805,1418.0,1418.0,2029,Arkansas-Pine Bluff,fcs,SWAC,7.0,"[7, 0, 0, 0]",0.013787448406219482,,,4.05006904987319,,,
401540463,2023,1,regular,2023-09-01T00:00:00.000Z,False,True,False,False,,5237.0,Dana J. Dykhouse Stadium,2571,South Dakota State,fcs,MVFC,45.0,"[21, 21, 3, 0]",0.9989717818393455,,,2848,Western Oregon,ii,Lone Star,7.0,"[0, 0, 0, 7]",0.0010282181606544594,,,1.9381977834,,,
401541760,2023,1,regular,2023-09-01T00:00:00.000Z,False,True,False,True,,5113.0,Ruggles Field at Carpenter-Haygood Stadium,2271,Henderson State,ii,Great American,41.0,"[3, 21, 10, 7]",,,,2191,East Central,ii,Great American,13.0,"[7, 6, 0, 0]",,,,,,,
401544875,2023,1,regular,2023-09-01T00:00:00.000Z,False,True,False,False,,5942.0,Francis G. Welch Stadium,2214,Emporia State,ii,Mid America,56.0,"[14, 14, 14, 14]",,,,2876,Lincoln (MO),ii,Independent DII,10.0,"[7, 0, 3, 0]",,,,,,,
401550428,2023,1,regular,2023-09-01T00:00:00.000Z,False,True,False,False,,3749.0,Hunter Stadium,2815,Lindenwood,fcs,Big South-OVC,77.0,"[21, 35, 7, 14]",0.9989709362300486,,,2743,Wisconsin Stevens Point,iii,Wisconsin,9.0,"[0, 0, 2, 7]",0.0010290637699513772,,,2.1849370661,,,
401541923,2023,1,regular,2023-09-01T00:00:00.000Z,False,True,False,False,,3942.0,Stewart Stadium,2692,Weber State,fcs,Big Sky,35.0,"[14, 0, 21, 0]",,,,2120,Central Washington,ii,Lone Star,10.0,"[7, 3, 0, 0]",,,,,,,
401550414,2023,1,regular,2023-09-01T00:00:00.000Z,False,True,True,False,,6220.0,Trojan Stadium,512,Dakota State University,,,6.0,"[0, 0, 0, 6]",,,,2740,Wisconsin La Crosse,iii,Wisconsin,31.0,"[3, 14, 0, 14]",,,,,,,
401523987,2023,1,regular,2023-09-01T02:00:00.000Z,False,True,False,False,47773.0,3947.0,Mountain America Stadium,9,Arizona State,fbs,Pac-12,24.0,"[7, 14, 0, 3]",0.8446309628185182,1464.0,1464.0,253,Southern Utah,fcs,UAC,21.0,"[0, 7, 7, 7]",0.15536903718148176,,,6.1818221504,,,
401550131,2023,1,regular,2023-09-01T22:00:00.000Z,False,True,False,False,,5637.0,Vendetti Field,2884,Nichols,iii,Commonwealth Coast,6.0,"[0, 0, 0, 6]",,,,379,UMass Dartmouth,iii,MSCAC,57.0,"[7, 29, 14, 7]",,,,,,,
401541826,2023,1,regular,2023-09-01T22:00:00.000Z,False,True,True,False,,6036.0,Blue Wahoos Stadium,110242,West Florida,ii,Gulf South,35.0,"[14, 7, 7, 7]",,,,2316,Kentucky Wesleyan,ii,Great Midwest Athletic,3.0,"[0, 3, 0, 0]",,,,,,,
401532394,2023,1,regular,2023-09-01T22:30:00.000Z,False,True,False,False,18065.0,3912.0,Rynearson Stadium,2199,Eastern Michigan,fbs,Mid-American,33.0,"[16, 14, 0, 3]",0.8579922318458557,1433.0,1433.0,47,Howard,fcs,MEAC,23.0,"[0, 9, 14, 0]",0.1420077681541443,,,3.0958467316268306,,,
401552881,2023,1,regular,2023-09-01T23:00:00.000Z,False,True,False,False,,5899.0,"Alumni Stadium (Worcester, MA)",2749,WPI,iii,NEWMAC,44.0,"[14, 7, 7, 16]",,,,402,Worcester State,iii,MSCAC,13.0,"[0, 0, 6, 7]",,,,,,,
401525463,2023,1,regular,2023-09-01T23:00:00.000Z,False,True,False,False,49024.0,3948.0,Hard Rock Stadium,2390,Miami,fbs,ACC,38.0,"[10, 6, 8, 14]",0.9931799173355103,1377.0,1481.0,193,Miami (OH),fbs,Mid-American,3.0,"[0, 3, 0, 0]",0.006820082664489746,1420.0,1316.0,1.9951117020266815,,,
401520163,2023,1,regular,2023-09-01T23:00:00.000Z,False,True,False,False,,3936.0,Spartan Stadium,127,Michigan State,fbs,Big Ten,31.0,"[0, 10, 7, 14]",0.9442346692085266,1533.0,1575.0,2117,Central Michigan,fbs,Mid-American,7.0,"[0, 7, 0, 0]",0.05576533079147339,1370.0,1328.0,4.443887684865362,,,
401549580,2023,1,regular,2023-09-01T23:00:00.000Z,False,True,False,False,,5788.0,Merrill Field at Yunevich Stadium,365,Alfred,iii,Empire 8,9.0,"[0, 0, 9, 0]",,,,174,Hobart,iii,Liberty League,31.0,"[3, 7, 14, 7]",,,,,,,
401550109,2023,1,regular,2023-09-01T23:00:00.000Z,False,True,False,False,,3621.0,Arnold Field (PA),388,Lebanon Valley,iii,Mid Atlantic,12.0,[],,,,2234,Franklin & Marshall,iii,Centennial,16.0,[],,,,,,,
401549629,2023,1,regular,2023-09-01T23:00:00.000Z,False,True,False,False,,6089.0,Scotty Wood Stadium,2422,Muhlenberg,iii,Centennial,53.0,"[7, 16, 23, 7]",,,,323,Moravian,iii,Landmark Conference,12.0,"[0, 6, 6, 0]",,,,,,,
401553027,2023,1,regular,2023-09-01T23:00:00.000Z,False,True,False,False,,6202.0,Cardinal Stadium (DC),2108,Catholic,iii,Landmark Conference,34.0,"[13, 14, 7, 0]",,,,2700,McDaniel,iii,Centennial,7.0,"[0, 0, 7, 0]",,,,,,,
401550079,2023,1,regular,2023-09-01T23:00:00.000Z,False,True,False,True,,5830.0,Walter M. Katz Field,40,Curry,iii,Commonwealth Coast,0.0,"[0, 0, 0, 0]",,,,2776,Salve Regina,iii,Commonwealth Coast,48.0,"[21, 14, 13, 0]",,,,,,,
401552447,2023,1,regular,2023-09-01T23:30:00.000Z,False,True,False,False,,6136.0,Patterson Field,2667,Ursinus,iii,Centennial,38.0,"[7, 17, 14, 0]",,,,111674,Alvernia,iii,Mid Atlantic,6.0,"[0, 0, 0, 6]",,,,,,,
401525462,2023,1,regular,2023-09-01T23:30:00.000Z,False,True,True,True,,5348.0,Mercedes-Benz Stadium,59,Georgia Tech,fbs,ACC,34.0,"[0, 28, 0, 6]",0.2420738786458969,1348.0,1362.0,97,Louisville,fbs,ACC,39.0,"[6, 7, 10, 16]",0.7579261213541031,1668.0,1654.0,6.134197926796435,,Aflac Kickoff,
401553008,2023,1,regular,2023-09-02T00:00:00.000Z,False,True,False,False,,5114.0,Shelton Stadium,2810,Hardin Simmons,iii,American Southwest,47.0,"[21, 7, 13, 6]",,,,2015,Albright,iii,Mid Atlantic,3.0,"[0, 0, 3, 0]",,,,,,,
401525815,2023,1,regular,2023-09-02T00:00:00.000Z,False,True,False,False,41091.0,3833.0,Memorial Stadium,2305,Kansas,fbs,Big 12,48.0,"[7, 10, 10, 21]",0.9784412384033203,1415.0,1415.0,2623,Missouri State,fcs,MVFC,17.0,"[7, 3, 0, 7]",0.021558761596679688,,,3.7307256006665828,,,
401546011,2023,1,regular,2023-09-02T00:00:00.000Z,False,True,False,False,,3860.0,O'Harra Stadium,613,South Dakota Mines,ii,Rocky Mountain,31.0,"[7, 14, 3, 7]",,,,628,Valley City State,,,14.0,"[7, 7, 0, 0]",,,,,,,
401523988,2023,1,regular,2023-09-02T03:00:00.000Z,False,True,False,False,13739.0,7220.0,Clarence T.C. Ching Athletics Complex,62,Hawai'i,fbs,Mountain West,24.0,"[0, 10, 0, 14]",0.0062299128621816635,1241.0,1220.0,24,Stanford,fbs,Pac-12,37.0,"[7, 14, 6, 10]",0.9937700871378183,1324.0,1345.0,3.9578121076040955,,,
401546995,2023,1,regular,2023-09-02T04:00:00.000Z,True,True,False,False,,3769.0,Jack Britt Memorial Stadium,437,Lake Erie,ii,Great Midwest Athletic,10.0,"[0, 7, 3, 0]",,,,112334,Franklin Pierce,ii,Northeast 10,26.0,"[7, 13, 6, 0]",,,,,,,
401545759,2023,1,regular,2023-09-02T04:00:00.000Z,True,True,False,False,,6063.0,Mueller Field,587,Notre Dame College,ii,Mountain East,23.0,"[3, 13, 0, 7]",,,,2477,Ohio Dominican,ii,Great Midwest Athletic,21.0,"[7, 0, 7, 7]",,,,,,,
401540166,2023,1,regular,2023-09-02T04:00:00.000Z,True,True,False,True,,3631.0,BBVA Compass Stadium,2640,Texas Southern,fcs,SWAC,34.0,"[3, 14, 17, 0, 0]",0.5267286896705627,,,2504,Prairie View A&M,fcs,SWAC,37.0,"[14, 3, 7, 10, 3]",0.47327131032943726,,,8.154128855704359,,,
401545706,2023,1,regular,2023-09-02T04:00:00.000Z,True,True,False,False,,3667.0,Callaghan Stadium,2148,Concord,ii,Mountain East,10.0,"[0, 3, 7, 0]",,,,2213,Emory & Henry,ii,South Atlantic,56.0,"[21, 0, 7, 28]",,,,,,,
401540078,2023,1,regular,2023-09-02T04:00:00.000Z,True,True,False,False,,3741.0,Goodman Stadium,2329,Lehigh,fcs,Patriot,10.0,"[0, 3, 0, 7]",0.0,,,222,Villanova,fcs,Coastal Athletic,38.0,"[14, 17, 7, 0]",1.0,,,3.4036216701976976,,,
401550253,2023,1,regular,2023-09-02T04:00:00.000Z,True,True,False,False,,5812.0,Bernlohr Stadium,424,Capital,iii,Ohio,35.0,"[7, 0, 14, 14]",,,,2171,Denison,iii,North Coast,45.0,"[14, 17, 14, 0]",,,,,,,
401539993,2023,1,regular,2023-09-02T04:00:00.000Z,True,True,False,False,,3862.0,O'Kelly-Riddick Stadium,2428,North Carolina Central,fcs,MEAC,47.0,"[10, 27, 0, 10]",0.9986904289204915,,,2736,Winston-Salem State,ii,CIAA,21.0,"[0, 0, 7, 14]",0.0013095710795084647,,,2.5657284603,,,
401540396,2023,1,regular,2023-09-02T04:00:00.000Z,True,True,False,False,,3597.0,Alumni Memorial Field,2678,VMI,fcs,Southern,12.0,"[0, 6, 0, 6]",0.9211074113845825,,,2166,Davidson,fcs,Pioneer,7.0,"[0, 0, 7, 0]",0.07889258861541748,,,5.124773273621557,,,
401544096,2023,1,regular,2023-09-02T04:00:00.000Z,True,True,False,False,,5931.0,Don Drumm Stadium,317,Marietta,iii,Ohio,31.0,"[7, 14, 7, 3]",,,,374,St. John Fisher,iii,Empire 8,7.0,"[0, 7, 0, 0]",,,,,,,
401540562,2023,1,regular,2023-09-02T04:00:00.000Z,True,True,False,False,,5116.0,O'Shaughnessy Stadium,2900,St. Thomas (MN),fcs,Pioneer,36.0,"[14, 8, 0, 14]",0.9857574077831909,,,2069,Black Hills State,ii,Rocky Mountain,26.0,"[0, 10, 3, 13]",0.014242592216809125,,,4.1834671949,,,
401540219,2023,1,regular,2023-09-02T04:00:00.000Z,True,True,False,False,,3643.0,Bobcat Stadium,147,Montana State,fcs,Big Sky,63.0,"[14, 21, 7, 21]",0.9941574335098267,,,3101,Utah Tech,fcs,UAC,20.0,"[3, 7, 0, 10]",0.00584256649017334,,,2.28505258480802,,,
401544077,2023,1,regular,2023-09-02T04:00:00.000Z,True,True,True,False,,,,101161,Lyon,,,18.0,"[7, 0, 3, 8]",,,,65,Grinnell,iii,Midwest,12.0,"[9, 0, 0, 3]",,,,,,,
401549784,2023,1,regular,2023-09-02T04:00:00.000Z,True,True,False,False,,5892.0,Armfield Athletic Center,2258,Guilford,iii,Old Dominion,36.0,"[9, 0, 13, 14]",,,,2256,Greensboro,iii,USA South,21.0,"[7, 6, 0, 8]",,,,,,,
401540225,2023,1,regular,2023-09-02T04:00:00.000Z,True,True,False,False,,1027.0,Alex G. Spanos Stadium,13,Cal Poly,fcs,Big Sky,27.0,"[10, 7, 3, 7]",1.0,,,301,San Diego,fcs,Pioneer,10.0,"[3, 0, 7, 0]",0.0,,,3.642266208165136,,,
401540003,2023,1,regular,2023-09-02T04:00:00.000Z,True,True,False,False,,3624.0,Arute Field,2115,Central Connecticut,fcs,NEC,44.0,"[10, 20, 0, 14]",0.9989027075006197,,,2022,American International,ii,Northeast 10,0.0,"[0, 0, 0, 0]",0.0010972924993802868,,,2.5513990372,,,
401540285,2023,1,regular,2023-09-02T04:00:00.000Z,True,True,False,False,,3779.0,Manning Field at John L. Guidry Stadium,2447,Nicholls,fcs,Southland,24.0,"[0, 3, 7, 14]",0.008555038832128048,,,16,Sacramento State,fcs,Big Sky,38.0,"[7, 10, 7, 14]",0.991444961167872,,,3.868387261857282,,,
401540012,2023,1,regular,2023-09-02T04:00:00.000Z,True,True,False,False,,3623.0,Arthur J. Rooney Athletic Field,2184,Duquesne,fcs,NEC,49.0,"[21, 14, 7, 7]",0.9987854357890449,,,2205,Edinboro,ii,Pennsylvania State Athletic,7.0,"[0, 0, 7, 0]",0.0012145642109551158,,,3.0549383309,,,
401541905,2023,1,regular,2023-09-02T04:00:00.000Z,True,True,False,False,,5917.0,Ratliff Stadium,110243,UT Permian Basin,ii,Lone Star,96.0,"[20, 34, 28, 14]",,,,2637,Texas College,,,0.0,"[0, 0, 0, 0]",,,,,,,
401541912,2023,1,regular,2023-09-02T04:00:00.000Z,True,True,False,False,,5782.0,Mountaineer Bowl,2714,Western Colorado,ii,Rocky Mountain,28.0,"[14, 0, 0, 14]",,,,2704,West Texas,ii,Lone Star,6.0,"[0, 6, 0, 0]",,,,,,,
401540737,2023,1,regular,2023-09-02T04:00:00.000Z,True,True,False,False,,3698.0,Donnell Stadium,2224,Findlay,ii,Great Midwest Athletic,10.0,"[7, 3, 0, 0]",,,,2654,Truman State,ii,Great Lakes,20.0,"[0, 10, 10, 0]",,,,,,,
401540163,2023,1,regular,2023-09-02T04:00:00.000Z,True,True,True,False,,3933.0,Soldier Field,2400,Mississippi Valley State,fcs,SWAC,21.0,"[7, 6, 0, 8]",,,,2119,Central State,ii,SIAC,24.0,"[7, 0, 7, 10]",,,,,,,
401550454,2023,1,regular,2023-09-02T04:00:00.000Z,True,True,False,False,,6145.0,Blue Jay Stadium,433,Westminster (MO),iii,Upper Midwest,0.0,"[0, 0, 0, 0]",,,,2519,Rhodes,iii,Southern Athletic,47.0,"[7, 17, 9, 14]",,,,,,,
401540065,2023,1,regular,2023-09-02T04:00:00.000Z,True,True,False,False,,3722.0,Fitton Field,107,Holy Cross,fcs,Patriot,42.0,"[7, 7, 14, 14]",0.9864017963409424,,,2771,Merrimack,fcs,NEC,20.0,"[3, 14, 3, 0]",0.013598203659057617,,,5.3503072806882,,,
401520162,2023,1,regular,2023-09-02T16:00:00.000Z,False,True,False,False,109480.0,3558.0,Michigan Stadium,130,Michigan,fbs,Big Ten,30.0,"[7, 16, 7, 0]",0.9838669896125793,1916.0,1941.0,151,East Carolina,fbs,American Athletic,3.0,"[0, 0, 0, 3]",0.016133010387420654,1506.0,1481.0,1.9907809851504554,,,
401558747,2023,1,regular,2023-09-02T16:00:00.000Z,False,True,False,False,,5824.0,Lions Stadium,2442,The College of New Jersey,iii,New Jersey,41.0,"[3, 21, 3, 14]",,,,127954,Eastern,iii,Mid Atlantic,21.0,"[0, 14, 7, 0]",,,,,,,
401520157,2023,1,regular,2023-09-02T16:00:00.000Z,False,True,False,False,69250.0,3793.0,Kinnick Stadium,2294,Iowa,fbs,Big Ten,24.0,"[14, 3, 0, 7]",1.0,1665.0,1664.0,328,Utah State,fbs,Mountain West,14.0,"[0, 3, 3, 8]",0.0,1395.0,1396.0,3.116227445666645,,,
401545891,2023,1,regular,2023-09-02T16:00:00.000Z,False,True,False,False,,5133.0,Ram Stadium (WV),2974,Shepherd,ii,Pennsylvania State Athletic,27.0,"[0, 7, 7, 13]",,,,2583,Southern Connecticut State,ii,Northeast 10,26.0,"[7, 7, 6, 6]",,,,,,,
401525464,2023,1,regular,2023-09-02T16:00:00.000Z,False,True,False,False,30122.0,3615.0,"Alumni Stadium (Chestnut Hill, MA)",103,Boston College,fbs,ACC,24.0,"[0, 0, 7, 14, 3]",0.321573406457901,1314.0,1309.0,2459,Northern Illinois,fbs,Mid-American,27.0,"[0, 7, 7, 7, 6]",0.678426593542099,1304.0,1309.0,6.054022167957001,,,
401550145,2023,1,regular,2023-09-02T16:00:00.000Z,False,True,False,False,,5904.0,Angell Field,126,Kalamazoo,iii,Michigan,42.0,"[14, 14, 14, 0]",,,,391,Oberlin,iii,North Coast,10.0,"[0, 3, 0, 7]",,,,,,,
401546992,2023,1,regular,2023-09-02T16:00:00.000Z,False,True,False,False,,5934.0,Farmers Insurance Athletic Complex,110254,Davenport,ii,GLIAC,31.0,"[14, 10, 0, 7]",,,,2646,Thomas More,,,17.0,"[0, 0, 10, 7]",,,,,,,
401550282,2023,1,regular,2023-09-02T16:00:00.000Z,False,True,False,False,,6101.0,"Memorial Stadium (Westerville, OH)",359,Otterbein,iii,Ohio,21.0,"[0, 0, 7, 14]",,,,2980,Ohio Wesleyan,iii,North Coast,35.0,"[7, 0, 7, 21]",,,,,,,
401541110,2023,1,regular,2023-09-02T16:00:00.000Z,False,True,False,False,,6092.0,Bishop Stadium,286,North Carolina Wesleyan,iii,USA South,9.0,"[0, 0, 6, 3]",,,,2516,Randolph Macon,iii,Old Dominion,51.0,"[17, 14, 6, 14]",,,,,,,
401544051,2023,1,regular,2023-09-02T16:00:00.000Z,False,True,False,False,,3717.0,Edwin Fauver Stadium,184,Rochester (NY),iii,Liberty League,17.0,"[0, 10, 0, 7]",,,,390,Utica,iii,Empire 8,20.0,"[13, 7, 0, 0]",,,,,,,
401551929,2023,1,regular,2023-09-02T16:00:00.000Z,False,True,False,False,,7082.0,Athletic Field Complex,122774,Keystone,iii,Landmark Conference,27.0,"[6, 14, 0, 7]",,,,417,Gallaudet,iii,ECFC,6.0,"[0, 0, 6, 0]",,,,,,,
401520160,2023,1,regular,2023-09-02T16:00:00.000Z,False,True,False,False,18811.0,3992.0,Williams Stadium (VA),2335,Liberty,fbs,Conference USA,34.0,"[7, 17, 7, 3]",0.9466548562049866,1442.0,1446.0,189,Bowling Green,fbs,Mid-American,24.0,"[0, 14, 10, 0]",0.05334514379501343,1250.0,1246.0,3.414625854504111,,,
401549622,2023,1,regular,2023-09-02T16:00:00.000Z,False,True,False,False,,3709.0,Hempstead Stadium,452,Endicott,iii,Commonwealth Coast,31.0,"[14, 7, 3, 7]",,,,2779,St. Lawrence,iii,Liberty League,0.0,"[0, 0, 0, 0]",,,,,,,
401525822,2023,1,regular,2023-09-02T16:00:00.000Z,False,True,False,False,83221.0,3835.0,"Memorial Stadium (Norman, OK)",201,Oklahoma,fbs,Big 12,73.0,"[28, 17, 21, 7]",0.9919655919075012,1608.0,1793.0,2032,Arkansas State,fbs,Sun Belt,0.0,"[0, 0, 0, 0]",0.00803440809249878,1256.0,1071.0,1.888097348552917,,,
401550056,2023,1,regular,2023-09-02T16:00:00.000Z,False,True,False,False,,5125.0,Stadium Red Field,2782,SUNY Cortland,iii,Empire 8,42.0,"[21, 0, 7, 14]",,,,2808,Delaware Valley,iii,Mid Atlantic,13.0,"[0, 6, 0, 7]",,,,,,,
401520170,2023,1,regular,2023-09-02T16:00:00.000Z,False,True,False,False,54898.0,3907.0,Ross-Ade Stadium,2509,Purdue,fbs,Big Ten,35.0,"[7, 14, 7, 7]",0.06276433914899826,1473.0,1479.0,278,Fresno State,fbs,Mountain West,39.0,"[7, 10, 8, 14]",0.9372356608510017,1677.0,1671.0,6.545679013960952,,,
401547185,2023,1,regular,2023-09-02T16:00:00.000Z,False,True,False,False,,5124.0,Homewood Field,118,Johns Hopkins,iii,Centennial,27.0,"[7, 14, 6, 0]",,,,175,Ithaca,iii,Liberty League,17.0,"[7, 3, 0, 7]",,,,,,,
401523994,2023,1,regular,2023-09-02T16:00:00.000Z,False,True,False,False,53294.0,3616.0,Amon G. Carter Stadium,2628,TCU,fbs,Big 12,42.0,"[0, 14, 14, 14]",0.32280170917510986,1652.0,1613.0,38,Colorado,fbs,Pac-12,45.0,"[7, 10, 14, 14]",0.6771982908248901,1157.0,1196.0,10.277529007460286,,,
401545963,2023,1,regular,2023-09-02T16:00:00.000Z,False,True,False,False,,4429.0,Seth Grove Stadium,2559,Shippensburg,ii,Pennsylvania State Athletic,10.0,"[0, 7, 0, 3]",,,,2444,Newberry,ii,South Atlantic,14.0,"[7, 0, 7, 0]",,,,,,,
401549310,2023,1,regular,2023-09-02T16:00:00.000Z,False,True,True,False,,7512.0,St. Francis High School,125974,Hilbert,iii,North Coast,0.0,"[0, 0, 0, 0]",,,,237,Union,iii,Liberty League,65.0,"[28, 23, 7, 7]",,,,,,,
401550292,2023,1,regular,2023-09-02T16:00:00.000Z,False,True,False,False,,5790.0,Bahlke Field,2800,Alma,iii,Michigan,52.0,"[13, 22, 10, 7]",,,,427,Ohio Northern,iii,Ohio,7.0,"[0, 7, 0, 0]",,,,,,,
401520159,2023,1,regular,2023-09-02T16:00:00.000Z,False,True,False,False,58286.0,3683.0,Kroger Field,96,Kentucky,fbs,SEC,44.0,"[3, 20, 14, 7]",0.8427433967590332,1570.0,1625.0,2050,Ball State,fbs,Mid-American,14.0,"[7, 0, 7, 0]",0.1572566032409668,1360.0,1305.0,2.93496709628458,,,
401545782,2023,1,regular,2023-09-02T16:00:00.000Z,False,True,False,False,,3848.0,Multi-Sport Stadium,2038,Assumption,ii,Northeast 10,31.0,"[7, 14, 3, 7]",,,,2315,Kutztown,ii,Pennsylvania State Athletic,20.0,"[0, 14, 6, 0]",,,,,,,
401520172,2023,1,regular,2023-09-02T16:00:00.000Z,False,True,False,False,21490.0,3735.0,Gerald J. Ford Stadium,2567,SMU,fbs,American Athletic,38.0,"[14, 17, 0, 7]",0.99502032995224,1502.0,1535.0,2348,Louisiana Tech,fbs,Conference USA,14.0,"[0, 0, 7, 7]",0.00497967004776001,1249.0,1216.0,2.512494140014819,,,
401549730,2023,1,regular,2023-09-02T16:00:00.000Z,False,True,False,False,,6142.0,Westside Athletic Complex,2843,Western Connecticut State,iii,MSCAC,35.0,"[14, 0, 14, 7]",,,,2383,Merchant Marine,iii,NEWMAC,52.0,"[7, 17, 21, 7]",,,,,,,
401520179,2023,1,regular,2023-09-02T16:00:00.000Z,False,True,True,False,69507.0,3810.0,Nissan Stadium,2633,Tennessee,fbs,SEC,49.0,"[7, 14, 14, 14]",0.9875525236129761,1833.0,1887.0,258,Virginia,fbs,ACC,13.0,"[0, 3, 7, 3]",0.012447476387023926,1393.0,1339.0,2.857223860667069,,,
401541053,2023,1,regular,2023-09-02T16:00:00.000Z,False,True,False,False,,5905.0,Kean Alumni Stadium,2871,Kean,iii,New Jersey,14.0,"[0, 0, 7, 7]",,,,3110,SUNY Morrisville,iii,Empire 8,24.0,"[7, 10, 0, 7]",,,,,,,
401552473,2023,1,regular,2023-09-02T16:00:00.000Z,False,True,False,False,,5831.0,Dale Lippert Field,110438,Dean,iii,ECFC,33.0,"[6, 7, 6, 14]",,,,114,Fitchburg State,iii,MSCAC,17.0,"[7, 3, 0, 7]",,,,,,,
401553021,2023,1,regular,2023-09-02T16:00:00.000Z,False,True,False,True,,3920.0,Schmidt Stadium,398,Wilkes,iii,Landmark Conference,23.0,"[0, 16, 0, 7]",,,,247,King's,iii,Mid Atlantic,27.0,"[0, 6, 14, 7]",,,,,,,
401545971,2023,1,regular,2023-09-02T16:00:00.000Z,False,True,False,False,,5876.0,Bentley University Football Stadium,2060,Bentley,ii,Northeast 10,19.0,"[7, 7, 5, 0]",,,,223,West Chester,ii,Pennsylvania State Athletic,20.0,"[0, 7, 3, 10]",,,,,,,
401549737,2023,1,regular,2023-09-02T16:00:00.000Z,False,True,False,False,,5926.0,Henry G. Steinbrenner '27 Stadium,109,MIT,iii,NEWMAC,41.0,"[7, 13, 7, 14]",,,,18,Bridgewater State,iii,MSCAC,27.0,"[0, 13, 7, 7]",,,,,,,
401540708,2023,1,regular,2023-09-02T16:00:00.000Z,False,True,False,False,,3731.0,Frost-Kalnow Stadium,2838,Tiffin,ii,Great Midwest Athletic,79.0,"[20, 17, 14, 28]",,,,2816,McKendree,ii,Great Lakes,14.0,"[14, 0, 0, 0]",,,,,,,
401540057,2023,1,regular,2023-09-02T16:30:00.000Z,False,True,False,False,,3847.0,Cooper Field,46,Georgetown,fcs,Patriot,49.0,"[14, 7, 14, 14]",0.9944312572479248,,,2368,Marist,fcs,Pioneer,7.0,"[7, 0, 0, 0]",0.005568742752075195,,,2.731942510238219,,,
401549615,2023,1,regular,2023-09-02T17:00:00.000Z,False,True,False,False,,5835.0,Biddle Field,2175,Dickinson,iii,Centennial,27.0,"[0, 7, 0, 20]",,,,2528,Rensselaer,iii,Liberty League,38.0,"[7, 7, 7, 17]",,,,,,,
401550309,2023,1,regular,2023-09-02T17:00:00.000Z,False,True,False,False,,3618.0,Apprentice Field,3111,Apprentice School,iii,Independent DIII,14.0,"[0, 14, 0, 0]",,,,2047,Averett,iii,Old Dominion,34.0,"[7, 3, 10, 14]",,,,,,,
401540684,2023,1,regular,2023-09-02T17:00:00.000Z,False,True,False,False,,5784.0,Cebe Ross Field,455,West Virginia Wesleyan,ii,Mountain East,6.0,"[3, 3, 0, 0]",,,,2304,Johnson C. Smith,ii,CIAA,49.0,"[7, 14, 14, 14]",,,,,,,
401544954,2023,1,regular,2023-09-02T17:00:00.000Z,False,True,False,False,,5801.0,George Finnie Stadium,188,Baldwin Wallace,iii,Ohio,33.0,"[7, 7, 6, 13]",,,,2419,Mount St Joseph,iii,Heartland,46.0,"[6, 13, 13, 14]",,,,,,,
401551917,2023,1,regular,2023-09-02T17:00:00.000Z,False,True,False,False,,6083.0,Mangelsdorf Field,2969,Misericordia,iii,Mid Atlantic,14.0,"[7, 0, 7, 0]",,,,3162,Alfred State,iii,ECFC,24.0,"[14, 3, 0, 7]",,,,,,,
401540099,2023,1,regular,2023-09-02T17:00:00.000Z,False,True,False,False,,3744.0,Hancock Stadium,2287,Illinois State,fcs,MVFC,41.0,"[21, 10, 10, 0]",0.9988028531682448,,,2168,Dayton,fcs,Pioneer,0.0,"[0, 0, 0, 0]",0.0011971468317552025,,,3.0363766817,,,
401550391,2023,1,regular,2023-09-02T17:00:00.000Z,False,True,False,True,,5864.0,Robert E. Thorn Field,146,Grove City,iii,Presidents',17.0,"[7, 10, 0, 0]",,,,2849,Westminster (PA),iii,Presidents',7.0,"[7, 0, 0, 0]",,,,,,,
401544115,2023,1,regular,2023-09-02T17:00:00.000Z,False,True,False,True,,3677.0,Chuck Noll Field,2614,Saint Vincent,iii,Presidents',0.0,"[0, 0, 0, 0]",,,,2686,Washington & Jefferson,iii,Presidents',51.0,"[14, 7, 16, 14]",,,,,,,
401553000,2023,1,regular,2023-09-02T17:00:00.000Z,False,True,False,False,,4855.0,Leslie C. Quick Jr. Stadium,2725,Widener,iii,Mid Atlantic,42.0,"[14, 14, 14, 0]",,,,2354,Lycoming,iii,Landmark Conference,21.0,"[0, 14, 7, 0]",,,,,,,
401544871,2023,1,regular,2023-09-02T17:00:00.000Z,False,True,False,False,,5941.0,Roebuck Stadium,2207,Elizabeth City State,ii,CIAA,23.0,"[7, 7, 0, 9]",,,,2107,Catawba,ii,South Atlantic,31.0,"[0, 21, 10, 0]",,,,,,,
401549752,2023,1,regular,2023-09-02T17:00:00.000Z,False,True,False,False,,6090.0,Sherman Field at McConagha Stadium,332,Muskingum,iii,Ohio,31.0,"[0, 14, 14, 3]",,,,366,Ferrum,iii,Old Dominion,20.0,"[0, 10, 0, 10]",,,,,,,
401550025,2023,1,regular,2023-09-02T17:00:00.000Z,False,True,False,True,,6140.0,John F. Wiley Stadium,2845,Waynesburg,iii,Presidents',36.0,"[0, 7, 14, 12, 3]",,,,2018,Allegheny,iii,Presidents',39.0,"[6, 20, 0, 7, 6]",,,,,,,
401550366,2023,1,regular,2023-09-02T17:00:00.000Z,False,True,False,False,,3823.0,Hardee-McGee Field,2553,Sewanee,iii,Southern Athletic,8.0,"[0, 8, 0, 0]",,,,2373,Maryville (TN),iii,USA South,28.0,"[7, 7, 7, 7]",,,,,,,
401547195,2023,1,regular,2023-09-02T17:00:00.000Z,False,True,False,False,,3995.0,Dr. John W. Winkin Sports Complex,2280,Husson,iii,Commonwealth Coast,28.0,"[7, 7, 7, 7]",,,,2467,Norwich,iii,NEWMAC,14.0,"[0, 7, 0, 7]",,,,,,,
401550187,2023,1,regular,2023-09-02T17:00:00.000Z,False,True,False,False,,5117.0,Clemens Stadium,2600,Saint John's (MN),iii,Minnesota,34.0,"[7, 0, 7, 17, 3]",,,,386,Trinity (TX),iii,Southern Athletic,31.0,"[7, 14, 7, 3, 0]",,,,,,,
401540508,2023,1,regular,2023-09-02T17:00:00.000Z,False,True,False,False,,6075.0,W.B. Mason Stadium,284,Stonehill,fcs,NEC,17.0,"[0, 10, 0, 7]",,,,160,New Hampshire,fcs,Coastal Athletic,51.0,"[27, 10, 14, 0]",,,,,,,
401550226,2023,1,regular,2023-09-02T17:00:00.000Z,False,True,False,False,,6138.0,Wilson Field,2688,Washington and Lee,iii,Old Dominion,7.0,"[0, 0, 0, 7]",,,,2532,Salisbury,iii,New Jersey,28.0,"[7, 7, 7, 7]",,,,,,,
401550061,2023,1,regular,2023-09-02T17:00:00.000Z,False,True,False,False,,5638.0,Dave Wolk Stadium,293,Vermont State Castleton,iii,ECFC,25.0,"[0, 0, 12, 13]",,,,2972,Plymouth State,iii,MSCAC,21.0,"[7, 7, 7, 0]",,,,,,,
401549802,2023,1,regular,2023-09-02T17:00:00.000Z,False,True,False,False,,6116.0,Shentel Stadium,2828,Shenandoah,iii,Old Dominion,44.0,"[9, 7, 7, 21]",,,,291,Methodist,iii,USA South,29.0,"[7, 0, 14, 8]",,,,,,,
401541092,2023,1,regular,2023-09-02T17:00:00.000Z,False,True,False,False,,6152.0,Wiliams Stadium (OH),2733,Wilmington (OH),iii,Ohio,63.0,"[15, 21, 14, 13]",,,,2748,Wooster,iii,North Coast,43.0,"[8, 7, 7, 21]",,,,,,,
401541101,2023,1,regular,2023-09-02T17:00:00.000Z,False,True,False,False,,6143.0,Golden Bear Stadium,2702,Western New England,iii,Commonwealth Coast,14.0,"[0, 14, 0, 0]",,,,81,Springfield,iii,NEWMAC,28.0,"[3, 6, 6, 13]",,,,,,,
401550289,2023,1,regular,2023-09-02T17:00:00.000Z,False,True,False,False,,5896.0,Lewis C. Everett Stadium,297,Hampden Sydney,iii,Old Dominion,28.0,"[7, 7, 0, 14]",,,,89,Wabash,iii,North Coast,29.0,"[0, 14, 7, 8]",,,,,,,
401549817,2023,1,regular,2023-09-02T17:00:00.000Z,False,True,False,False,,5800.0,Jopson Athletic Complex,2079,Bridgewater,iii,Old Dominion,19.0,"[7, 9, 3, 0]",,,,216,Susquehanna,iii,Landmark Conference,51.0,"[16, 14, 14, 7]",,,,,,,
401547204,2023,1,regular,2023-09-02T17:00:00.000Z,False,True,False,False,,6135.0,Blue Storm Stadium,111675,New England,iii,Commonwealth Coast,44.0,"[14, 7, 9, 14]",,,,2557,Coast Guard,iii,NEWMAC,28.0,"[7, 14, 7, 0]",,,,,,,
401539970,2023,1,regular,2023-09-02T17:00:00.000Z,False,True,False,False,,3613.0,Alumni Stadium,2169,Delaware State,fcs,MEAC,11.0,"[0, 3, 0, 8]",,,,2075,Bowie State,ii,CIAA,22.0,"[7, 8, 0, 7]",,,,,,,
401544060,2023,1,regular,2023-09-02T17:00:00.000Z,False,True,False,False,,6150.0,Wightman Stadium,2970,William Paterson,iii,New Jersey,29.0,"[14, 0, 0, 15]",,,,2221,FDU Florham,iii,Mid Atlantic,33.0,"[14, 2, 7, 10]",,,,,,,
401549810,2023,1,regular,2023-09-02T17:00:00.000Z,False,True,False,False,,5807.0,Brevard Memorial Stadium,2913,Brevard,iii,USA South,23.0,"[3, 0, 3, 17, 0]",,,,2683,Warner,,,29.0,"[14, 9, 0, 0, 6]",,,,,,,
401532570,2023,1,regular,2023-09-02T17:00:00.000Z,False,True,False,False,30142.0,3713.0,Falcon Stadium,2005,Air Force,fbs,Mountain West,42.0,"[14, 14, 7, 7]",0.9977195858955383,1678.0,1678.0,2523,Robert Morris,fcs,Big South,7.0,"[0, 0, 0, 7]",0.00228041410446167,,,1.8056256916361575,,,
401552992,2023,1,regular,2023-09-02T17:00:00.000Z,False,True,False,True,,5851.0,Shirk Field at Musselman Stadium,2248,Gettysburg,iii,Centennial,40.0,"[10, 7, 6, 17]",,,,246,Juniata,iii,Landmark Conference,20.0,"[0, 14, 0, 6]",,,,,,,
401544106,2023,1,regular,2023-09-02T17:30:00.000Z,False,True,False,False,,5832.0,Justin F. Coressel Stadium,190,Defiance College,iii,Heartland,6.0,"[0, 0, 6, 0]",,,,426,Mount Union,iii,Ohio,45.0,"[14, 7, 17, 7]",,,,,,,
401544962,2023,1,regular,2023-09-02T17:30:00.000Z,False,True,False,False,,3716.0,"Stewart """"Red"""" Faught Stadium",2233,Franklin,iii,Heartland,32.0,"[6, 7, 6, 13]",,,,354,Olivet,iii,Michigan,35.0,"[14, 0, 8, 13]",,,,,,,
401550091,2023,1,regular,2023-09-02T17:30:00.000Z,False,True,False,False,,5818.0,Farris Stadium,2121,Centre,iii,Southern Athletic,7.0,"[7, 0, 0, 0]",,,,2262,Hanover,iii,Heartland,10.0,"[7, 3, 0, 0]",,,,,,,
401547099,2023,1,regular,2023-09-02T18:00:00.000Z,False,True,False,False,,5828.0,Van Metre Field at Ash Park,2155,Cornell (IA),iii,Midwest,6.0,"[0, 0, 6, 0]",,,,2141,Coe,iii,American Rivers,56.0,"[14, 14, 7, 21]",,,,,,,
401531387,2023,1,regular,2023-09-02T18:00:00.000Z,False,True,False,False,12456.0,3806.0,Lincoln Financial Field,218,Temple,fbs,American Athletic,24.0,"[0, 10, 6, 8]",0.7588973641395569,1262.0,1263.0,2006,Akron,fbs,Mid-American,21.0,"[7, 14, 0, 0]",0.24110263586044312,1269.0,1268.0,5.370081153886473,,,
401532395,2023,1,regular,2023-09-02T18:00:00.000Z,False,True,False,False,18453.0,3876.0,Peden Stadium,195,Ohio,fbs,Mid-American,27.0,"[3, 14, 10, 0]",0.9781262278556824,1366.0,1366.0,2341,Long Island University,fcs,NEC,10.0,"[0, 3, 0, 7]",0.021873772144317627,,,2.099950145424942,,,
401554953,2023,1,regular,2023-09-02T18:00:00.000Z,False,True,True,False,,,,127991,Roosevelt,,,7.0,"[0, 0, 0, 7]",,,,3071,North Central College,iii,CCIW,41.0,"[20, 14, 0, 7]",,,,,,,
401549767,2023,1,regular,2023-09-02T18:00:00.000Z,False,True,False,False,,5827.0,Tomasini Stadium,409,Concordia (WI),iii,NACC,55.0,"[7, 21, 6, 21]",,,,446,Martin Luther,iii,Upper Midwest,14.0,"[0, 0, 7, 7]",,,,,,,
401547148,2023,1,regular,2023-09-02T18:00:00.000Z,False,True,False,False,,5901.0,David Smith Stadium at Ramer Field,2723,Wisconsin River Falls,iii,Wisconsin,45.0,"[14, 21, 3, 7]",,,,2371,Mary Hardin Baylor,iii,American Southwest,22.0,"[0, 10, 3, 9]",,,,,,,
401549644,2023,1,regular,2023-09-02T18:00:00.000Z,False,True,False,False,,4423.0,Young-Wise Memorial Stadium,418,Hendrix,iii,Southern Athletic,27.0,"[7, 7, 6, 7]",,,,143,Washington St. Louis,iii,CCIW,44.0,"[7, 7, 16, 14]",,,,,,,
401540258,2023,1,regular,2023-09-02T18:00:00.000Z,False,True,False,False,,3987.0,Washington-Grizzly Stadium,149,Montana,fcs,Big Sky,35.0,"[10, 11, 7, 7]",0.9929022192955017,,,2086,Butler,fcs,Pioneer,20.0,"[3, 3, 14, 0]",0.007097780704498291,,,3.788859006977488,,,
401545800,2023,1,regular,2023-09-02T18:00:00.000Z,False,True,False,True,,5872.0,Kirkeby-Over Stadium,2043,Augustana (SD),ii,Northern Sun,38.0,"[14, 10, 7, 7]",,,,559,University of Mary,ii,Northern Sun,7.0,"[0, 0, 7, 0]",,,,,,,
401547090,2023,1,regular,2023-09-02T18:00:00.000Z,False,True,False,False,,5813.0,Klein Field at Manitou,133,St. Olaf,iii,Minnesota,24.0,"[0, 10, 0, 14]",,,,2964,Central College,iii,American Rivers,34.0,"[7, 10, 7, 10]",,,,,,,
401550451,2023,1,regular,2023-09-02T18:00:00.000Z,False,True,True,False,,,,2591,St. Ambrose,,,7.0,"[0, 7, 0, 0]",,,,2744,Wisconsin Stout,iii,Wisconsin,35.0,"[14, 7, 14, 0]",,,,,,,
401546947,2023,1,regular,2023-09-02T18:00:00.000Z,False,True,True,False,,7504.0,Liberty North High School,2911,William Jewell,ii,Great Lakes,42.0,"[14, 7, 14, 7]",,,,2237,Fort Lewis,ii,Rocky Mountain,6.0,"[6, 0, 0, 0]",,,,,,,
401550179,2023,1,regular,2023-09-02T18:00:00.000Z,False,True,False,False,,5895.0,Klas Field,162,Hamline,iii,Minnesota,45.0,"[14, 14, 14, 3]",,,,509,Crown,iii,Upper Midwest,13.0,"[0, 6, 7, 0]",,,,,,,
401547107,2023,1,regular,2023-09-02T18:00:00.000Z,False,True,False,False,,5836.0,Chalmers Field,49,Dubuque,iii,American Rivers,27.0,"[14, 0, 13, 0]",,,,2746,Wittenberg,iii,North Coast,28.0,"[0, 7, 7, 14]",,,,,,,
401550219,2023,1,regular,2023-09-02T18:00:00.000Z,False,True,False,False,,5797.0,Vago Field,2044,Aurora,iii,NACC,38.0,"[14, 0, 3, 21]",,,,2812,Hope,iii,Michigan,17.0,"[3, 0, 0, 14]",,,,,,,
401550212,2023,1,regular,2023-09-02T18:00:00.000Z,False,True,False,False,,5820.0,Amos Alonzo Stagg Field,80,Chicago,iii,Midwest,15.0,"[6, 9, 0, 0]",,,,17,Claremont Mudd Scripps,iii,So. Cal.,24.0,"[10, 7, 7, 0]",,,,,,,
401549776,2023,1,regular,2023-09-02T18:00:00.000Z,False,True,False,False,,5916.0,Carson Park,2738,Wisconsin Eau Claire,iii,Wisconsin,31.0,"[8, 7, 13, 3]",,,,2152,Concordia (MN),iii,Minnesota,28.0,"[0, 14, 0, 14]",,,,,,,
401549638,2023,1,regular,2023-09-02T18:00:00.000Z,False,True,False,False,,5816.0,Art Keller Field,2106,Carthage,iii,CCIW,20.0,"[0, 6, 6, 8]",,,,2790,Albion,iii,Michigan,41.0,"[21, 3, 3, 14]",,,,,,,
401550286,2023,1,regular,2023-09-02T18:00:00.000Z,False,True,False,False,,5863.0,Don Shula Stadium at Wasmer Field,2302,John Carroll,iii,Ohio,23.0,"[6, 7, 3, 7]",,,,2745,Wisconsin Whitewater,iii,Wisconsin,27.0,"[0, 3, 14, 10]",,,,,,,
401550207,2023,1,regular,2023-09-02T18:00:00.000Z,False,True,False,False,,6121.0,Donald J. Schneider Stadium,2832,St. Norbert,iii,NACC,23.0,"[0, 7, 3, 13]",,,,2891,Ripon,iii,Midwest,7.0,"[7, 0, 0, 0]",,,,,,,
401541120,2023,1,regular,2023-09-02T18:00:00.000Z,False,True,False,False,,5826.0,Concordia Stadium,2151,Concordia Chicago,iii,NACC,14.0,"[0, 0, 0, 14]",,,,2257,Greenville,iii,Upper Midwest,41.0,"[7, 13, 14, 7]",,,,,,,
401525820,2023,1,regular,2023-09-02T18:00:00.000Z,False,True,False,False,58248.0,3772.0,Jack Trice Stadium,66,Iowa State,fbs,Big 12,30.0,"[14, 9, 7, 0]",0.9787548184394836,1536.0,1536.0,2460,Northern Iowa,fcs,MVFC,9.0,"[0, 0, 3, 6]",0.021245181560516357,,,2.141596995588124,,,
401520168,2023,1,regular,2023-09-02T18:00:00.000Z,False,True,False,False,60097.0,3974.0,Vaught-Hemingway Stadium,145,Ole Miss,fbs,SEC,73.0,"[28, 10, 28, 7]",0.9938141703605652,1589.0,1589.0,2382,Mercer,fcs,Southern,7.0,"[7, 0, 0, 0]",0.0061858296394348145,,,2.1484603850557513,,,
401547125,2023,1,regular,2023-09-02T18:00:00.000Z,False,True,False,False,,5798.0,Jerry E. Apple Stadium,2045,Austin,iii,American Southwest,7.0,"[0, 0, 7, 0]",,,,6845,Nebraska Wesleyan,iii,American Rivers,19.0,"[6, 6, 0, 7]",,,,,,,
401547080,2023,1,regular,2023-09-02T18:00:00.000Z,False,True,False,False,,5893.0,Hollingsworth Field,2968,Gustavus Adolphus,iii,Minnesota,51.0,"[13, 14, 21, 3]",,,,63,Buena Vista,iii,American Rivers,7.0,"[0, 0, 0, 7]",,,,,,,
401544069,2023,1,regular,2023-09-02T18:00:00.000Z,False,True,False,False,,5839.0,Langhorst Field,72,Elmhurst,iii,CCIW,14.0,"[7, 0, 7, 0]",,,,2003,Adrian,iii,Michigan,3.0,"[0, 3, 0, 0]",,,,,,,
401539986,2023,1,regular,2023-09-02T18:00:00.000Z,False,True,False,False,,3991.0,"William Dick"""" Price Stadium""""",2450,Norfolk State,fcs,MEAC,24.0,"[17, 0, 7, 0]",0.09563744498836033,,,330,Virginia State,ii,CIAA,33.0,"[7, 13, 0, 13]",0.9043625550116396,,,9.9942977824,,,
401520158,2023,1,regular,2023-09-02T18:00:00.000Z,False,True,False,False,21276.0,3662.0,AmFirst Stadium,55,Jacksonville State,fbs,Conference USA,49.0,"[14, 7, 21, 7]",0.9969823360443115,1300.0,1300.0,2193,East Tennessee State,fcs,Southern,3.0,"[3, 0, 0, 0]",0.0030176639556884766,,,2.676814135374266,,,
401550153,2023,1,regular,2023-09-02T18:00:00.000Z,False,True,False,False,,5795.0,Edor Nelson Field,124,Augsburg,iii,Minnesota,52.0,"[7, 17, 7, 21]",,,,583,Northwestern (MN),iii,Upper Midwest,10.0,"[0, 3, 0, 7]",,,,,,,
401541043,2023,1,regular,2023-09-02T18:05:00.000Z,False,True,False,False,,5120.0,J.J. Keller Field at Titan Stadium,271,Wisconsin Oshkosh,iii,Wisconsin,48.0,"[21, 6, 21, 0]",,,,2639,Texas Lutheran,iii,American Southwest,31.0,"[7, 3, 14, 7]",,,,,,,
401540155,2023,1,regular,2023-09-02T19:00:00.000Z,False,True,True,False,,3459.0,Red Bull Arena,2261,Hampton,fcs,Coastal Athletic,35.0,"[7, 14, 7, 7]",,,,2755,Grambling,fcs,SWAC,31.0,"[6, 3, 8, 14]",,,,,,,
401544926,2023,1,regular,2023-09-02T19:00:00.000Z,False,True,False,True,,6044.0,Lane Field,2323,Lane College,ii,SIAC,24.0,"[3, 0, 6, 15]",,,,2396,Miles,ii,SIAC,37.0,"[20, 7, 7, 3]",,,,,,,
401523992,2023,1,regular,2023-09-02T19:00:00.000Z,False,True,False,False,45723.0,3626.0,Autzen Stadium,2483,Oregon,fbs,Pac-12,81.0,"[22, 28, 17, 14]",0.9863391518592834,1649.0,1649.0,2502,Portland State,fcs,Big Sky,7.0,"[7, 0, 0, 0]",0.013660848140716553,,,2.57343171853696,,,
401541898,2023,1,regular,2023-09-02T19:00:00.000Z,False,True,False,False,,5882.0,Ralph Stocker Stadium,11,Colorado Mesa,ii,Rocky Mountain,10.0,"[7, 3, 0, 0]",,,,2658,Texas A&M-Kingsville,ii,Lone Star,30.0,"[3, 14, 6, 7]",,,,,,,
401525435,2023,1,regular,2023-09-02T19:30:00.000Z,False,True,False,False,77622.0,3855.0,Notre Dame Stadium,87,Notre Dame,fbs,FBS Independents,56.0,"[7, 28, 14, 7]",0.994299590587616,1909.0,1909.0,2634,Tennessee State,fcs,Big South-OVC,3.0,"[3, 0, 0, 0]",0.005700409412384033,,,2.7575790533739424,,,
401540235,2023,1,regular,2023-09-02T19:30:00.000Z,False,True,True,False,,5239.0,U.S. Bank Stadium,2449,North Dakota State,fcs,MVFC,35.0,"[14, 7, 7, 7]",0.986011266708374,,,331,Eastern Washington,fcs,Big Sky,10.0,"[7, 0, 0, 3]",0.013988733291625977,,,3.187032390100624,,,
401520161,2023,1,regular,2023-09-02T19:30:00.000Z,False,True,False,False,37241.0,3665.0,SECU Stadium,120,Maryland,fbs,Big Ten,38.0,"[21, 7, 7, 3]",0.9802643656730652,1596.0,1596.0,119,Towson,fcs,Coastal Athletic,6.0,"[0, 3, 3, 0]",0.019735634326934814,,,1.933916512032438,,,
401525824,2023,1,regular,2023-09-02T19:30:00.000Z,False,True,False,False,98017.0,3910.0,DKR-Texas Memorial Stadium,251,Texas,fbs,Big 12,37.0,"[7, 9, 21, 0]",0.8952619433403015,1766.0,1776.0,242,Rice,fbs,American Athletic,10.0,"[3, 0, 0, 7]",0.10473805665969849,1204.0,1194.0,4.979278887264756,,,
401520156,2023,1,regular,2023-09-02T19:30:00.000Z,False,True,False,True,50050.0,3830.0,"Memorial Stadium (Bloomington, IN)",84,Indiana,fbs,Big Ten,3.0,"[0, 3, 0, 0]",0.010586462914943695,1388.0,1389.0,194,Ohio State,fbs,Big Ten,23.0,"[7, 3, 10, 3]",0.9894135370850563,1904.0,1903.0,3.4682708474998702,,,
401520180,2023,1,regular,2023-09-02T19:30:00.000Z,False,True,False,False,76224.0,347.0,Camp Randall Stadium,275,Wisconsin,fbs,Big Ten,38.0,"[7, 7, 14, 10]",0.9111250638961792,1637.0,1665.0,2084,Buffalo,fbs,Mid-American,17.0,"[7, 3, 0, 7]",0.0888749361038208,1424.0,1396.0,4.698211099140965,,,
401531835,2023,1,regular,2023-09-02T19:30:00.000Z,False,True,False,False,36075.0,3792.0,Kidd Brewer Stadium,2026,App State,fbs,Sun Belt,45.0,"[7, 7, 17, 14]",1.0,1562.0,1562.0,2241,Gardner-Webb,fcs,Big South-OVC,24.0,"[0, 10, 14, 0]",0.0,,,7.0281804320403065,,,
401525465,2023,1,regular,2023-09-02T19:30:00.000Z,False,True,False,False,45096.0,3752.0,Acrisure Stadium,221,Pittsburgh,fbs,ACC,45.0,"[7, 21, 10, 7]",0.9827632308006287,1624.0,1624.0,2747,Wofford,fcs,Southern,7.0,"[0, 0, 0, 7]",0.017236769199371338,,,2.223807816923607,,,
401520181,2023,1,regular,2023-09-02T19:30:00.000Z,False,True,False,False,15438.0,3796.0,Houchens Industries-L.T. Smith Stadium,98,Western Kentucky,fbs,Conference USA,41.0,"[7, 10, 14, 10]",0.6653074622154236,1628.0,1632.0,58,South Florida,fbs,American Athletic,24.0,"[14, 3, 7, 0]",0.3346925377845764,1253.0,1249.0,6.594833601345576,,,
401523997,2023,1,regular,2023-09-02T19:30:00.000Z,False,True,False,False,67475.0,3765.0,Husky Stadium,264,Washington,fbs,Pac-12,56.0,"[0, 28, 7, 21]",0.9772403836250305,1673.0,1774.0,68,Boise State,fbs,Mountain West,19.0,"[6, 6, 7, 0]",0.022759616374969482,1641.0,1540.0,4.937829787608468,,,
401520151,2023,1,regular,2023-09-02T19:30:00.000Z,False,True,False,False,88043.0,3785.0,Jordan-Hare Stadium,2,Auburn,fbs,SEC,59.0,"[10, 21, 21, 7]",0.9751526117324829,1564.0,1638.0,113,Massachusetts,fbs,FBS Independents,14.0,"[7, 0, 0, 7]",0.02484738826751709,1122.0,1048.0,2.386898191743815,,,
401525818,2023,1,regular,2023-09-02T19:30:00.000Z,False,True,False,False,38193.0,3854.0,Nippert Stadium,2132,Cincinnati,fbs,Big 12,66.0,"[21, 21, 10, 14]",0.834674060344696,1626.0,1626.0,2198,Eastern Kentucky,fcs,UAC,13.0,"[0, 7, 3, 3]",0.16532593965530396,,,1.9986175755891706,,,
401553004,2023,1,regular,2023-09-02T20:00:00.000Z,False,True,False,False,,5909.0,Ortmayer Stadium,2318,La Verne,iii,So. Cal.,21.0,"[14, 0, 0, 7]",,,,2930,Willamette,iii,Northwest,24.0,"[0, 17, 0, 7]",,,,,,,
401558977,2023,1,regular,2023-09-02T20:00:00.000Z,False,True,False,False,,3889.0,Reinhart Field,2951,SUNY Maritime,iii,NEWMAC,34.0,"[0, 28, 6, 0]",,,,173,Hartwick,iii,Empire 8,11.0,"[3, 0, 0, 8]",,,,,,,
401544144,2023,1,regular,2023-09-02T20:00:00.000Z,False,True,False,False,,6102.0,Sparks Stadium,2486,Pacific Lutheran,iii,Northwest,14.0,"[0, 14, 0, 0]",,,,29,Redlands,iii,So. Cal.,24.0,"[0, 7, 10, 7]",,,,,,,
401525466,2023,1,regular,2023-09-02T20:00:00.000Z,False,True,False,False,32465.0,1964.0,JMA Wireless Dome,183,Syracuse,fbs,ACC,65.0,"[23, 14, 28, 0]",0.9923641681671143,1476.0,1476.0,2142,Colgate,fcs,Patriot,0.0,"[0, 0, 0, 0]",0.007635831832885742,,,1.9267554445244581,,,
401520164,2023,1,regular,2023-09-02T20:00:00.000Z,False,True,False,False,50041.0,3693.0,Davis Wade Stadium,344,Mississippi State,fbs,SEC,48.0,"[3, 17, 7, 21]",0.9907048344612122,1629.0,1629.0,2545,SE Louisiana,fcs,Southland,7.0,"[0, 7, 0, 0]",0.009295165538787842,,,2.855565854234147,,,
401532572,2023,1,regular,2023-09-02T20:00:00.000Z,False,True,False,False,20347.0,6501.0,Allegiant Stadium,2439,UNLV,fbs,Mountain West,44.0,"[17, 7, 17, 3]",0.9951357245445251,1350.0,1350.0,2803,Bryant,fcs,Big South-OVC,14.0,"[0, 0, 7, 7]",0.0048642754554748535,,,4.110211677586158,,,
401540369,2023,1,regular,2023-09-02T20:00:00.000Z,False,True,False,False,,3605.0,Alerus Center,155,North Dakota,fcs,MVFC,55.0,"[0, 14, 27, 14]",0.9893873333930969,,,2181,Drake,fcs,Pioneer,7.0,"[0, 0, 0, 7]",0.010612666606903076,,,2.7935516950405805,,,
401523991,2023,1,regular,2023-09-02T20:00:00.000Z,False,True,False,False,21350.0,3825.0,DATCU Stadium,249,North Texas,fbs,American Athletic,21.0,"[7, 14, 0, 0]",0.0038135340437293053,1472.0,1357.0,25,California,fbs,Pac-12,58.0,"[14, 19, 15, 10]",0.9961864659562707,1437.0,1552.0,5.170966636718318,,,
401520150,2023,1,regular,2023-09-02T20:00:00.000Z,False,True,True,False,44397.0,3983.0,War Memorial Stadium (AR),8,Arkansas,fbs,SEC,56.0,"[21, 14, 7, 14]",0.9953924417495728,1624.0,1624.0,2717,Western Carolina,fcs,Southern,13.0,"[3, 0, 7, 3]",0.004607558250427246,,,2.0346995450722654,,,
401550874,2023,1,regular,2023-09-02T20:00:00.000Z,False,True,False,True,,6104.0,Baker Stadium,2508,Puget Sound,iii,Northwest,42.0,"[7, 7, 7, 21]",,,,2333,Lewis & Clark,iii,Northwest,38.0,"[0, 14, 17, 7]",,,,,,,
401551509,2023,1,regular,2023-09-02T20:00:00.000Z,False,True,False,False,,5811.0,William Rolland Stadium,2094,Cal Lutheran,iii,So. Cal.,41.0,"[14, 17, 7, 3]",,,,2588,Southwestern U,iii,Southern Athletic,35.0,"[0, 7, 14, 14]",,,,,,,
401549743,2023,1,regular,2023-09-02T21:00:00.000Z,False,True,False,False,,3879.0,TowneBank Stadium,3112,Christopher Newport,iii,New Jersey,45.0,"[7, 21, 17, 0]",,,,2896,Southern Virginia,iii,USA South,0.0,"[0, 0, 0, 0]",,,,,,,
401541023,2023,1,regular,2023-09-02T22:00:00.000Z,False,True,False,False,,3760.0,Hubert Jack Stadium,209,Lock Haven,ii,Pennsylvania State Athletic,58.0,"[28, 0, 21, 9]",,,,126086,Post,ii,Independent DII,7.0,"[0, 0, 7, 0]",,,,,,,
401531837,2023,1,regular,2023-09-02T22:00:00.000Z,False,True,False,False,23756.0,3651.0,Bridgeforth Stadium,256,James Madison,fbs,Sun Belt,38.0,"[3, 14, 7, 14]",0.9949913024902344,1606.0,1606.0,2083,Bucknell,fcs,Patriot,3.0,"[0, 3, 0, 0]",0.005008697509765625,,,2.900313256058039,,,
401541797,2023,1,regular,2023-09-02T22:00:00.000Z,False,True,False,False,,4430.0,Mihalik-Thompson Stadium,215,Slippery Rock,ii,Pennsylvania State Athletic,28.0,"[0, 14, 7, 7]",,,,131,Wayne State (MI),ii,GLIAC,17.0,"[0, 0, 7, 10]",,,,,,,
401540698,2023,1,regular,2023-09-02T22:00:00.000Z,False,True,False,False,,6040.0,Key Stadium,2292,Indianapolis,ii,Great Lakes,39.0,"[6, 9, 10, 14]",,,,2273,Hillsdale,ii,Great Midwest Athletic,20.0,"[7, 7, 0, 6]",,,,,,,
401520154,2023,1,regular,2023-09-02T22:00:00.000Z,False,True,False,False,92746.0,3917.0,Sanford Stadium,61,Georgia,fbs,SEC,48.0,"[7, 10, 14, 17]",0.9988458144967923,2033.0,2033.0,2630,UT Martin,fcs,Big South-OVC,7.0,"[0, 0, 0, 7]",0.001154185503207672,,,3.7616657728,,,
401540693,2023,1,regular,2023-09-02T22:00:00.000Z,False,True,False,False,,5875.0,Charlie W. Johnson Stadium,490,Benedict,ii,SIAC,52.0,"[7, 21, 17, 7]",,,,2551,Shaw,ii,CIAA,0.0,"[0, 0, 0, 0]",,,,,,,
401540565,2023,1,regular,2023-09-02T22:00:00.000Z,False,True,False,False,,4416.0,Spec Martin Municipal Stadium,56,Stetson,fcs,Pioneer,34.0,"[7, 6, 7, 7, 7]",,,,125730,St. Thomas University (Fl),,,33.0,"[3, 7, 3, 14, 6]",,,,3.8772639631,,,
401550046,2023,1,regular,2023-09-02T22:00:00.000Z,False,True,False,False,,5930.0,Carl W. Burt Memorial Stadium,2362,Manchester,iii,Heartland,0.0,[],,,,75,North Park,iii,CCIW,27.0,[],,,,,,,
401541885,2023,1,regular,2023-09-02T22:00:00.000Z,False,True,False,False,,3612.0,Alumni Memorial Stadium (NC),2940,Livingstone,ii,CIAA,7.0,"[0, 0, 0, 7]",,,,124180,Bluefield State,ii,Independent DII,41.0,"[13, 21, 7, 0]",,,,,,,
401539978,2023,1,regular,2023-09-02T22:00:00.000Z,False,True,False,False,,2068.0,E. Claiborne Robins Stadium,257,Richmond,fcs,Coastal Athletic,10.0,"[7, 0, 3, 0]",0.5379757285118103,,,2415,Morgan State,fcs,MEAC,17.0,"[7, 0, 0, 10]",0.4620242714881897,,,5.181257162127961,,,
401540027,2023,1,regular,2023-09-02T22:00:00.000Z,False,True,False,False,,3668.0,Campus Field,2529,Sacred Heart,fcs,NEC,14.0,"[0, 7, 0, 7]",0.12753954529762268,,,322,Lafayette,fcs,Patriot,19.0,"[7, 6, 0, 6]",0.8724604547023773,,,3.514319708794364,,,
401540115,2023,1,regular,2023-09-02T22:00:00.000Z,False,True,False,True,,4582.0,Hornet Stadium,2011,Alabama State,fcs,SWAC,14.0,"[7, 0, 7, 0]",1.0,,,2582,Southern,fcs,SWAC,10.0,"[7, 3, 0, 0]",0.0,,,7.0167205914216515,,,
401547031,2023,1,regular,2023-09-02T22:00:00.000Z,False,True,False,False,,3705.0,Earl Kitchings Stadium,2206,Edward Waters,ii,SIAC,21.0,"[7, 7, 0, 7]",,,,125762,Florida Memorial University,,,38.0,"[7, 10, 7, 14]",,,,,,,
401547020,2023,1,regular,2023-09-02T22:00:00.000Z,False,True,False,False,,6553.0,Helen and Leonard Moretz Stadium,2331,Lenoir Rhyne,ii,South Atlantic,45.0,"[21, 7, 7, 10]",,,,395,St. Augustine's,ii,CIAA,7.0,"[0, 7, 0, 0]",,,,,,,
401531418,2023,1,regular,2023-09-02T22:00:00.000Z,False,True,False,False,20893.0,3715.0,FAU Stadium,2226,Florida Atlantic,fbs,American Athletic,42.0,"[14, 14, 14, 0]",0.9930822253227234,1424.0,1424.0,2405,Monmouth,fcs,Coastal Athletic,20.0,"[7, 7, 0, 6]",0.006917774677276611,,,3.250158768907151,,,
401531836,2023,1,regular,2023-09-02T22:00:00.000Z,False,True,False,False,17803.0,3608.0,Allen E. Paulson Stadium,290,Georgia Southern,fbs,Sun Belt,34.0,"[14, 10, 7, 3]",0.9823840856552124,1418.0,1418.0,2643,The Citadel,fcs,Southern,0.0,"[0, 0, 0, 0]",0.017615914344787598,,,1.734004262021962,,,
401531838,2023,1,regular,2023-09-02T22:00:00.000Z,False,True,False,False,25101.0,3775.0,Joan C. Edwards Stadium,276,Marshall,fbs,Sun Belt,21.0,"[0, 0, 14, 7]",0.9758934378623962,1542.0,1542.0,399,UAlbany,fcs,Coastal Athletic,17.0,"[0, 3, 14, 0]",0.02410656213760376,,,6.105910531566252,,,
401531402,2023,1,regular,2023-09-02T22:00:00.000Z,False,True,False,False,15622.0,4418.0,Jerry Richardson Stadium,2429,Charlotte,fbs,American Athletic,24.0,"[0, 17, 0, 7]",0.9499205946922302,1220.0,1220.0,2569,South Carolina State,fcs,MEAC,3.0,"[0, 3, 0, 0]",0.050079405307769775,,,2.923392826568455,,,
401547013,2023,1,regular,2023-09-02T22:00:00.000Z,False,True,False,False,,6217.0,W.C. Hawkins Stadium,2019,Allen,ii,SIAC,24.0,"[7, 3, 7, 7]",,,,101784,Erskine,ii,South Atlantic,17.0,"[7, 0, 3, 7]",,,,,,,
401540043,2023,1,regular,2023-09-02T22:00:00.000Z,False,True,False,False,,150.0,Jack Coffey Field,2230,Fordham,fcs,Patriot,46.0,"[7, 13, 13, 13]",0.998427152633667,,,2681,Wagner,fcs,NEC,16.0,"[3, 0, 7, 6]",0.0015728473663330078,,,2.916122415006881,,,
401550150,2023,1,regular,2023-09-02T22:00:00.000Z,False,True,False,False,,5793.0,Macholtz Stadium,2023,Anderson (IN),iii,Heartland,0.0,"[0, 0, 0, 0]",,,,2651,Trine,iii,Michigan,61.0,"[14, 20, 14, 13]",,,,,,,
401544134,2023,1,regular,2023-09-02T22:00:00.000Z,False,True,False,False,,4422.0,Valhalla Stadium,2757,Berry,iii,Southern Athletic,67.0,"[14, 22, 14, 17]",,,,2938,Huntingdon,iii,USA South,34.0,"[17, 3, 0, 14]",,,,,,,
401523996,2023,1,regular,2023-09-02T22:30:00.000Z,False,True,False,False,62916.0,477.0,Los Angeles Memorial Coliseum,30,USC,fbs,Pac-12,66.0,"[21, 14, 7, 24]",0.9887723922729492,1713.0,1817.0,2440,Nevada,fbs,Mountain West,14.0,"[7, 0, 0, 7]",0.011227607727050781,1324.0,1220.0,2.783765464931324,,,
401520153,2023,1,regular,2023-09-02T22:30:00.000Z,False,True,False,False,16878.0,218.0,FIU Stadium,2229,Florida International,fbs,Conference USA,14.0,"[7, 7, 0, 0]",0.3786768317222595,1083.0,1083.0,311,Maine,fcs,Coastal Athletic,12.0,"[3, 3, 6, 0]",0.6213231682777405,,,5.782670334008009,,,
401547078,2023,1,regular,2023-09-02T23:00:00.000Z,False,True,True,False,,,,267,Southeastern,,,20.0,"[0, 3, 14, 3]",,,,2542,Savannah State,ii,SIAC,23.0,"[6, 10, 0, 7]",,,,,,,
401541063,2023,1,regular,2023-09-02T23:00:00.000Z,False,True,False,False,,5805.0,Alumni Field (OH),2074,Bluffton,iii,Heartland,51.0,"[14, 21, 0, 16]",,,,352,Kenyon,iii,North Coast,35.0,"[8, 0, 14, 13]",,,,,,,
401525821,2023,1,regular,2023-09-02T23:00:00.000Z,False,True,False,False,52066.0,3636.0,Bill Snyder Family Stadium,2306,Kansas State,fbs,Big 12,45.0,"[7, 28, 3, 7]",0.9903022646903992,1740.0,1740.0,2546,Southeast Missouri State,fcs,Big South-OVC,0.0,"[0, 0, 0, 0]",0.00969773530960083,,,2.847111792390177,,,
401553015,2023,1,regular,2023-09-02T23:00:00.000Z,False,True,False,False,,5794.0,Caparso Field,15,Anna Maria College,iii,ECFC,51.0,"[17, 14, 14, 6]",,,,2909,Westfield State,iii,MSCAC,27.0,"[0, 15, 6, 6]",,,,,,,
401540173,2023,1,regular,2023-09-02T23:00:00.000Z,False,True,False,False,,3913.0,Saluki Stadium,79,Southern Illinois,fcs,MVFC,49.0,"[7, 21, 14, 7]",0.9929049611091614,,,2046,Austin Peay,fcs,UAC,23.0,"[0, 0, 3, 20]",0.007095038890838623,,,3.034258675606669,,,
401520173,2023,1,regular,2023-09-02T23:00:00.000Z,False,True,False,False,97560.0,3795.0,Kyle Field,245,Texas A&M,fbs,SEC,52.0,"[7, 28, 7, 10]",0.9874218702316284,1586.0,1656.0,167,New Mexico,fbs,Mountain West,10.0,"[0, 7, 3, 0]",0.012578129768371582,1187.0,1117.0,2.602985661203573,,,
401544945,2023,1,regular,2023-09-02T23:00:00.000Z,False,True,False,False,,5858.0,England Stadium,2286,Illinois College,iii,Midwest,31.0,"[12, 7, 12, 0]",,,,74,Millikin,iii,CCIW,0.0,"[0, 0, 0, 0]",,,,,,,
401549666,2023,1,regular,2023-09-02T23:00:00.000Z,False,True,False,False,,5913.0,Warrior Field at Raabe Stadium,2741,Wisconsin Lutheran,iii,NACC,0.0,"[0, 0, 0, 0]",,,,262,Lake Forest,iii,Midwest,24.0,"[14, 0, 10, 0]",,,,,,,
401541082,2023,1,regular,2023-09-02T23:00:00.000Z,False,True,False,False,,6111.0,Cook Stadium,86,Rose Hulman,iii,Heartland,21.0,"[0, 21, 0, 0]",,,,83,DePauw,iii,North Coast,33.0,"[13, 7, 6, 7]",,,,,,,
401549705,2023,1,regular,2023-09-02T23:00:00.000Z,False,True,False,False,,6033.0,Carl Smith Stadium,2842,UVA Wise,ii,South Atlantic,48.0,"[10, 10, 14, 14]",,,,2841,Union College,,,0.0,"[0, 0, 0, 0]",,,,,,,
401531841,2023,1,regular,2023-09-02T23:00:00.000Z,False,True,False,False,28179.0,3975.0,Veterans Memorial Stadium (AL),2653,Troy,fbs,Sun Belt,48.0,"[21, 10, 10, 7]",0.9556145668029785,1556.0,1556.0,2617,Stephen F. Austin,fcs,UAC,30.0,"[3, 17, 0, 10]",0.044385433197021484,,,2.288388141473649,,,
401523990,2023,1,regular,2023-09-02T23:00:00.000Z,False,True,False,False,31497.0,5388.0,Canvas Stadium,36,Colorado State,fbs,Mountain West,24.0,"[3, 0, 0, 21]",0.0027020287234336138,1334.0,1273.0,265,Washington State,fbs,Pac-12,50.0,"[7, 10, 12, 21]",0.9972979712765664,1558.0,1619.0,3.9600718340625485,,,
401540200,2023,1,regular,2023-09-02T23:00:00.000Z,False,True,False,False,,4133.0,Braly Municipal Stadium,2453,North Alabama,fcs,UAC,41.0,"[14, 7, 0, 20]",0.9694917798042297,,,236,Chattanooga,fcs,Southern,27.0,"[0, 10, 10, 7]",0.030508220195770264,,,5.457021617310861,,,
401550184,2023,1,regular,2023-09-02T23:00:00.000Z,False,True,False,False,,5928.0,Macalester Stadium,2359,Macalester,iii,Minnesota,44.0,"[7, 15, 14, 8]",,,,2399,Minnesota Morris,iii,Upper Midwest,30.0,"[9, 14, 0, 7]",,,,,,,
401540363,2023,1,regular,2023-09-02T23:00:00.000Z,False,True,False,False,,3909.0,Roy Stewart Stadium,93,Murray State,fcs,MVFC,41.0,"[7, 10, 14, 10]",0.9987561318387612,,,2506,Presbyterian,fcs,Pioneer,10.0,"[0, 10, 0, 0]",0.0012438681612387814,,,4.3030363491,,,
401525819,2023,1,regular,2023-09-02T23:00:00.000Z,False,True,False,False,37862.0,4728.0,TDECU Stadium,248,Houston,fbs,Big 12,17.0,"[7, 3, 7, 0]",0.30117443203926086,1579.0,1580.0,2636,UTSA,fbs,American Athletic,14.0,"[7, 0, 0, 7]",0.6988255679607391,1605.0,1604.0,5.371627042279809,,,
401520178,2023,1,regular,2023-09-02T23:00:00.000Z,False,True,False,False,22035.0,3973.0,FirstBank Stadium,238,Vanderbilt,fbs,SEC,47.0,"[5, 7, 14, 21]",0.9946593046188354,1238.0,1238.0,2010,Alabama A&M,fcs,SWAC,13.0,"[3, 0, 7, 3]",0.005340695381164551,,,3.5328270430175164,,,
401550216,2023,1,regular,2023-09-02T23:00:00.000Z,False,True,False,False,,5841.0,Pete FioRito Stadium at McKinzie Field,101,Eureka,iii,NACC,41.0,"[7, 14, 13, 7]",,,,255,Knox,iii,Midwest,16.0,"[0, 7, 3, 6]",,,,,,,
401531426,2023,1,regular,2023-09-02T23:00:00.000Z,False,True,False,False,26632.0,3805.0,Simmons Bank Liberty Stadium,235,Memphis,fbs,American Athletic,56.0,"[10, 18, 21, 7]",0.96327805519104,1545.0,1545.0,2065,Bethune-Cookman,fcs,SWAC,14.0,"[7, 0, 0, 7]",0.03672194480895996,,,2.4904156952967806,,,
401531840,2023,1,regular,2023-09-02T23:00:00.000Z,False,True,False,False,30335.0,3815.0,M. M. Roberts Stadium,2572,Southern Miss,fbs,Sun Belt,40.0,"[17, 10, 10, 3]",0.9930764436721802,1370.0,1370.0,2016,Alcorn State,fcs,SWAC,14.0,"[7, 0, 0, 7]",0.006923556327819824,,,2.891628822111913,,,
401551481,2023,1,regular,2023-09-02T23:00:00.000Z,False,True,True,False,,,,2824,Oklahoma Panhandle,,,7.0,"[0, 0, 7, 0]",,,,2586,Southwest Baptist,ii,Great Lakes,65.0,"[14, 10, 20, 21]",,,,,,,
401525817,2023,1,regular,2023-09-02T23:00:00.000Z,False,True,False,False,44945.0,4727.0,McLane Stadium,239,Baylor,fbs,Big 12,31.0,"[6, 7, 11, 7]",0.34753477573394775,1614.0,1559.0,326,Texas State,fbs,Sun Belt,42.0,"[14, 14, 7, 7]",0.6524652242660522,1294.0,1349.0,5.49233425269929,,,
401525823,2023,1,regular,2023-09-02T23:00:00.000Z,False,True,False,False,53855.0,3646.0,Boone Pickens Stadium,197,Oklahoma State,fbs,Big 12,27.0,"[7, 6, 0, 14]",0.3112408220767975,1530.0,1530.0,2110,Central Arkansas,fcs,UAC,13.0,"[0, 0, 7, 6]",0.6887591779232025,,,4.829482342953834,,,
401540354,2023,1,regular,2023-09-02T23:00:00.000Z,False,True,False,False,,4424.0,Husky Stadium,2277,Houston Christian,fcs,Southland,66.0,"[21, 14, 17, 14]",0.9989683740302532,,,124386,Arkansas Baptist,,,0.0,"[0, 0, 0, 0]",0.0010316259697468189,,,1.9306228998,,,
401520175,2023,1,regular,2023-09-02T23:00:00.000Z,False,True,False,False,18914.0,3817.0,Malone Stadium,2433,UL Monroe,fbs,Sun Belt,17.0,"[0, 3, 0, 14]",0.6060640215873718,1244.0,1255.0,349,Army,fbs,FBS Independents,13.0,"[0, 10, 0, 3]",0.3939359784126282,1499.0,1488.0,5.044788206882499,,,
401544125,2023,1,regular,2023-09-02T23:00:00.000Z,False,True,False,True,,6128.0,Alumni Stadium (PA),2644,Thiel,iii,Presidents',0.0,"[0, 0, 0, 0]",,,,2963,Case Western Reserve,iii,Presidents',14.0,"[7, 7, 0, 0]",,,,,,,
401573283,2023,1,regular,2023-09-02T23:00:00.000Z,False,True,False,False,,5921.0,Rock Bowl,263,Loras,iii,American Rivers,42.0,"[7, 14, 7, 14]",,,,2283,Benedictine (IL),iii,NACC,41.0,"[7, 14, 14, 6]",,,,,,,
401541864,2023,1,regular,2023-09-02T23:00:00.000Z,False,True,False,False,,4851.0,Bazemore-Hyder Stadium,2673,Valdosta State,ii,Gulf South,63.0,"[21, 7, 21, 14]",,,,3179,Point University,,,10.0,"[0, 3, 7, 0]",,,,,,,
401544935,2023,1,regular,2023-09-02T23:00:00.000Z,False,True,False,False,,3635.0,Bill Buxton Stadium,2564,Simpson (IA),iii,American Rivers,27.0,"[7, 6, 0, 14]",,,,2042,Augustana (IL),iii,CCIW,49.0,"[0, 21, 21, 7]",,,,,,,
401531839,2023,1,regular,2023-09-02T23:30:00.000Z,False,True,False,False,18186.0,3666.0,Cajun Field,309,Louisiana,fbs,Sun Belt,38.0,"[7, 14, 7, 10]",0.7218964695930481,1537.0,1537.0,2466,Northwestern State,fcs,Southland,13.0,"[3, 3, 0, 7]",0.2781035304069519,,,3.5851659539029708,,,
401520149,2023,1,regular,2023-09-02T23:30:00.000Z,False,True,False,False,100077.0,3657.0,Bryant-Denny Stadium,333,Alabama,fbs,SEC,56.0,"[14, 14, 14, 14]",0.9931087493896484,1954.0,2029.0,2393,Middle Tennessee,fbs,Conference USA,7.0,"[0, 0, 7, 0]",0.0068912506103515625,1415.0,1340.0,2.3660010380675867,,,
401520167,2023,1,regular,2023-09-02T23:30:00.000Z,False,True,True,False,68723.0,3628.0,Bank of America Stadium,153,North Carolina,fbs,ACC,31.0,"[7, 10, 14, 0]",1.0,1539.0,1579.0,2579,South Carolina,fbs,SEC,17.0,"[7, 7, 0, 3]",0.0,1580.0,1540.0,6.807055393876844,,Duke’s Mayo Classic,
401525825,2023,1,regular,2023-09-02T23:30:00.000Z,False,True,False,False,26450.0,3984.0,War Memorial Stadium,2751,Wyoming,fbs,Mountain West,35.0,"[0, 10, 7, 3, 7, 8]",0.23208755254745483,1409.0,1412.0,2641,Texas Tech,fbs,Big 12,33.0,"[17, 0, 0, 3, 7, 6]",0.7679124474525452,1588.0,1585.0,9.582191487540864,,,
401550373,2023,1,regular,2023-09-02T23:30:00.000Z,False,True,False,True,,5849.0,Reeves Field (PA),2242,Geneva,iii,Presidents',0.0,"[0, 0, 0, 0]",,,,2102,Carnegie Mellon,iii,Presidents',31.0,"[0, 3, 14, 14]",,,,,,,
401520155,2023,1,regular,2023-09-02T23:30:00.000Z,False,True,False,False,48898.0,3832.0,"Memorial Stadium (Champaign, IL)",356,Illinois,fbs,Big Ten,30.0,"[7, 0, 13, 10]",0.7823557257652283,1666.0,1664.0,2649,Toledo,fbs,Mid-American,28.0,"[3, 9, 7, 9]",0.21764427423477173,1496.0,1498.0,6.8169559074549815,,,
401520169,2023,1,regular,2023-09-02T23:30:00.000Z,False,True,False,False,110747.0,3632.0,Beaver Stadium,213,Penn State,fbs,Big Ten,38.0,"[7, 7, 7, 17]",0.9905338287353516,1833.0,1849.0,277,West Virginia,fbs,Big 12,15.0,"[0, 7, 0, 8]",0.009466171264648438,1438.0,1422.0,2.87098135255312,,,
401547129,2023,1,regular,2023-09-03T00:00:00.000Z,False,True,False,False,,6137.0,Walston-Hoover Stadium,2685,Wartburg,iii,American Rivers,62.0,"[20, 7, 15, 20]",,,,2919,Monmouth (IL),iii,Midwest,35.0,"[7, 7, 7, 14]",,,,,,,
401531347,2023,1,regular,2023-09-03T00:00:00.000Z,False,True,False,False,26973.0,4729.0,Yulman Stadium,2655,Tulane,fbs,American Athletic,37.0,"[10, 14, 7, 6]",1.0,1640.0,1671.0,6,South Alabama,fbs,Sun Belt,17.0,"[0, 10, 7, 0]",0.0,1490.0,1459.0,2.7249530997647082,,,
401525467,2023,1,regular,2023-09-03T00:00:00.000Z,False,True,False,False,65632.0,3799.0,Lane Stadium,259,Virginia Tech,fbs,ACC,36.0,"[2, 14, 14, 6]",1.0,1378.0,1421.0,295,Old Dominion,fbs,Sun Belt,17.0,"[0, 10, 7, 0]",0.0,1376.0,1333.0,3.7103890690048047,,,
401541918,2023,1,regular,2023-09-03T00:00:00.000Z,False,True,False,False,,3633.0,Ben Altamirano Field,2703,Western New Mexico,ii,Lone Star,42.0,"[7, 7, 14, 14]",,,,2834,Sul Ross State,iii,American Southwest,28.0,"[0, 21, 7, 0]",,,,,,,
401544898,2023,1,regular,2023-09-03T00:00:00.000Z,False,True,False,False,,5866.0,Rex Stadium,2001,Adams State,ii,Rocky Mountain,35.0,"[7, 7, 0, 21]",,,,124179,Lincoln (CA),,,16.0,"[7, 3, 0, 6]",,,,,,,
401540213,2023,1,regular,2023-09-03T00:00:00.000Z,False,True,False,False,,3686.0,Cowboy Stadium,2377,McNeese,fcs,Southland,34.0,"[7, 10, 7, 10]",0.0016496730968356133,,,2627,Tarleton State,fcs,UAC,52.0,"[14, 3, 14, 21]",0.9983503269031644,,,6.791606151126966,,,
401540980,2023,1,regular,2023-09-03T00:00:00.000Z,False,True,False,False,,4852.0,Neta and Eddie DeRose ThunderBowl,2570,CSU Pueblo,ii,Rocky Mountain,37.0,"[10, 17, 0, 10]",,,,2395,Midwestern State,ii,Lone Star,8.0,"[0, 0, 0, 8]",,,,,,,
401547140,2023,1,regular,2023-09-03T00:00:00.000Z,False,True,False,False,,5850.0,Stoffer Family Stadium,415,George Fox,iii,Northwest,3.0,"[0, 0, 3, 0]",,,,2758,Howard Payne,iii,American Southwest,17.0,"[0, 7, 0, 10]",,,,,,,
401520177,2023,1,regular,2023-09-03T01:00:00.000Z,False,True,False,False,30738.0,3946.0,Sun Bowl,2638,UTEP,fbs,Conference USA,28.0,"[7, 7, 7, 7]",0.9086390137672424,1369.0,1369.0,2916,Incarnate Word,fcs,Southland,14.0,"[7, 7, 0, 0]",0.09136098623275757,,,4.2888874367910335,,,
401520166,2023,1,regular,2023-09-03T01:00:00.000Z,False,True,False,False,17943.0,3601.0,Aggie Memorial Stadium,166,New Mexico State,fbs,Conference USA,58.0,"[6, 14, 17, 21]",0.9987412929294822,1150.0,1150.0,2710,Western Illinois,fcs,MVFC,21.0,"[0, 14, 7, 0]",0.0012587070705177839,,,4.2584005045,,,
401550329,2023,1,regular,2023-09-03T02:00:00.000Z,False,True,False,False,,6153.0,Hanson Stadium,205,Pacific (OR),iii,Northwest,0.0,[],,,,411,Chapman,iii,So. Cal.,0.0,[],,,,,,,
401523989,2023,1,regular,2023-09-03T02:00:00.000Z,False,True,False,False,48159.0,3619.0,Arizona Stadium,12,Arizona,fbs,Pac-12,38.0,"[7, 7, 21, 3]",0.9946882724761963,1416.0,1416.0,2464,Northern Arizona,fcs,Big Sky,3.0,"[0, 3, 0, 0]",0.005311727523803711,,,1.9818435365331863,,,
401520152,2023,1,regular,2023-09-03T02:15:00.000Z,False,True,False,False,59006.0,3801.0,LaVell Edwards Stadium,252,BYU,fbs,Big 12,14.0,"[7, 0, 0, 7]",0.5310500264167786,1517.0,1544.0,2534,Sam Houston,fbs,Conference USA,0.0,"[0, 0, 0, 0]",0.46894997358322144,1500.0,1473.0,3.050989742208725,,,
401523995,2023,1,regular,2023-09-03T02:30:00.000Z,False,True,False,False,43705.0,1056.0,Rose Bowl,26,UCLA,fbs,Pac-12,27.0,"[7, 7, 0, 13]",0.947193443775177,1622.0,1631.0,324,Coastal Carolina,fbs,Sun Belt,13.0,"[0, 6, 7, 0]",0.052806556224823,1396.0,1387.0,3.844163635894997,,,
401532571,2023,1,regular,2023-09-03T02:30:00.000Z,False,True,False,False,22345.0,7311.0,Snapdragon Stadium,21,San Diego State,fbs,Mountain West,36.0,"[10, 10, 9, 7]",0.9947230219841003,1537.0,1537.0,304,Idaho State,fcs,Big Sky,28.0,"[3, 10, 0, 15]",0.005276978015899658,,,4.458705636302044,,,
401520171,2023,1,regular,2023-09-03T16:00:00.000Z,False,True,False,True,53026.0,6577.0,SHI Stadium,164,Rutgers,fbs,Big Ten,24.0,"[7, 10, 7, 0]",1.0,1288.0,1330.0,77,Northwestern,fbs,Big Ten,7.0,"[0, 0, 0, 7]",0.0,1338.0,1296.0,2.9152843064394487,,,
401540148,2023,1,regular,2023-09-03T19:00:00.000Z,False,True,True,True,,3948.0,Hard Rock Stadium,50,Florida A&M,fcs,SWAC,28.0,"[21, 7, 0, 0]",1.0,,,2296,Jackson State,fcs,SWAC,10.0,"[0, 0, 3, 7]",0.0,,,2.012385926513578,,,
401532573,2023,1,regular,2023-09-03T19:30:00.000Z,False,True,False,False,20337.0,3935.0,CEFCU Stadium,23,San José State,fbs,Mountain West,17.0,"[0, 3, 0, 14]",0.0100890276953578,1412.0,1378.0,204,Oregon State,fbs,Pac-12,42.0,"[7, 14, 7, 14]",0.9899109723046422,1695.0,1729.0,2.9344199087752654,,,
401540667,2023,1,regular,2023-09-03T20:00:00.000Z,False,True,True,False,,3718.0,Tom Benson Hall of Fame Stadium,60,Morehouse,ii,SIAC,13.0,"[0, 0, 7, 6]",,,,2676,Virginia Union,ii,CIAA,45.0,"[7, 7, 7, 24]",,,,,,,
401547061,2023,1,regular,2023-09-03T23:00:00.000Z,False,True,True,True,,3689.0,Cramton Bowl,2657,Tuskegee,ii,SIAC,37.0,"[7, 17, 13, 0]",,,,2232,Fort Valley State,ii,SIAC,31.0,"[7, 7, 10, 7]",,,,,,,
401520182,2023,1,regular,2023-09-03T23:30:00.000Z,False,True,True,False,65429.0,4013.0,Camping World Stadium,52,Florida State,fbs,ACC,45.0,"[7, 7, 10, 21]",0.9931745529174805,1732.0,1792.0,99,LSU,fbs,SEC,24.0,"[7, 10, 0, 7]",0.006825447082519531,1747.0,1687.0,5.788158954416528,,Camping World Kickoff,
401525468,2023,1,regular,2023-09-05T00:00:00.000Z,False,True,False,True,31638.0,3982.0,Wallace Wade Stadium,150,Duke,fbs,ACC,28.0,"[3, 3, 7, 15]",0.9592434763908386,1518.0,1592.0,228,Clemson,fbs,ACC,7.0,"[0, 7, 0, 0]",0.04075652360916138,1728.0,1654.0,4.493072556196654,,,
401545752,2023,2,regular,2023-09-07T22:00:00.000Z,False,True,False,True,,4421.0,Multi-Sport Performance Stadium,2017,Alderson-Broaddus,ii,Mountain East,0.0,[],,,,2249,Glenville State,ii,Mountain East,0.0,[],,,,,,,
401541959,2023,2,regular,2023-09-07T23:00:00.000Z,False,True,False,True,,6034.0,Yager Stadium at Moore Bowl,2687,Washburn,ii,Mid America,23.0,"[7, 6, 7, 3]",,,,2403,Missouri Southern State,ii,Mid America,30.0,"[7, 0, 16, 7]",,,,,,,
401544918,2023,2,regular,2023-09-07T23:00:00.000Z,False,True,False,True,,6046.0,Meares Stadium,2369,Mars Hill,ii,South Atlantic,15.0,"[0, 0, 3, 12]",,,,351,Wingate,ii,South Atlantic,10.0,"[0, 10, 0, 0]",,,,,,,
401541791,2023,2,regular,2023-09-07T23:00:00.000Z,False,True,False,True,,5936.0,Koi Ishto Stadium,2191,East Central,ii,Great American,17.0,"[0, 17, 0, 0, 0]",,,,2568,Southern Arkansas,ii,Great American,24.0,"[0, 0, 3, 14, 7]",,,,,,,
401525469,2023,2,regular,2023-09-07T23:30:00.000Z,False,True,False,False,45273.0,3873.0,L&N Federal Credit Union Stadium,97,Louisville,fbs,ACC,56.0,"[7, 21, 14, 14]",0.990254819393158,1567.0,1567.0,93,Murray State,fcs,MVFC,0.0,"[0, 0, 0, 0]",0.009745180606842041,,,2.221167067597703,,,
401541950,2023,2,regular,2023-09-08T00:00:00.000Z,False,True,False,True,,5890.0,Lewis Field Stadium,2231,Fort Hays,ii,Mid America,14.0,"[7, 7, 0, 0]",,,,90,Pittsburg State,ii,Mid America,40.0,"[3, 10, 20, 7]",,,,,,,
401544876,2023,2,regular,2023-09-08T00:00:00.000Z,False,True,False,True,,5134.0,Bearcat Stadium,138,Northwest Missouri State,ii,Mid America,13.0,"[7, 0, 0, 6]",,,,2214,Emporia State,ii,Mid America,33.0,"[6, 7, 12, 8]",,,,,,,
401549623,2023,2,regular,2023-09-08T23:00:00.000Z,False,True,False,False,,6113.0,Leckonby Stadium,2779,St. Lawrence,iii,Liberty League,14.0,"[0, 0, 0, 14]",,,,2467,Norwich,iii,NEWMAC,7.0,"[0, 7, 0, 0]",,,,,,,
401540548,2023,2,regular,2023-09-08T23:00:00.000Z,False,True,False,True,,3824.0,Meade Stadium,227,Rhode Island,fcs,Coastal Athletic,35.0,"[7, 21, 0, 7]",,,,2619,Stony Brook,fcs,Coastal Athletic,14.0,"[7, 0, 0, 7]",,,,,,,
401520193,2023,2,regular,2023-09-08T23:00:00.000Z,False,True,False,False,42775.0,3830.0,"Memorial Stadium (Bloomington, IN)",84,Indiana,fbs,Big Ten,41.0,"[21, 3, 7, 10]",0.9906283020973206,1307.0,1307.0,282,Indiana State,fcs,MVFC,7.0,"[0, 7, 0, 0]",0.009371697902679443,,,1.756985516649738,,,
401552466,2023,2,regular,2023-09-08T23:00:00.000Z,False,True,False,False,,5808.0,Edward C. Swenson Athletic Complex,18,Bridgewater State,iii,MSCAC,21.0,"[7, 0, 7, 7]",,,,2749,WPI,iii,NEWMAC,24.0,"[0, 3, 7, 14]",,,,,,,
401550120,2023,2,regular,2023-09-08T23:00:00.000Z,False,True,False,False,,5940.0,Clean Harbors Stadium,110,Mass Maritime,iii,MSCAC,7.0,"[0, 7, 0, 0]",,,,2951,SUNY Maritime,iii,NEWMAC,14.0,"[0, 0, 7, 7]",,,,,,,
401564630,2023,2,regular,2023-09-08T23:00:00.000Z,False,True,False,False,,7077.0,Shadek Stadium,2234,Franklin & Marshall,iii,Centennial,0.0,[],,,,2442,The College of New Jersey,iii,New Jersey,0.0,[],,,,,,,
401551516,2023,2,regular,2023-09-08T23:00:00.000Z,False,True,False,False,,6144.0,"Alumni Field (Westfield, MA)",2909,Westfield State,iii,MSCAC,0.0,"[0, 0, 0, 0]",,,,2702,Western New England,iii,Commonwealth Coast,46.0,"[6, 12, 21, 7]",,,,,,,
401540397,2023,2,regular,2023-09-08T23:00:00.000Z,False,True,False,False,,3897.0,Richardson Stadium,2166,Davidson,fcs,Pioneer,31.0,"[21, 0, 7, 3]",0.9510919833522039,,,122666,Barton,ii,South Atlantic,33.0,"[7, 20, 0, 6]",0.04890801664779609,,,9.5346472862,,,
401520195,2023,2,regular,2023-09-08T23:30:00.000Z,False,True,False,False,45809.0,3833.0,Memorial Stadium,2305,Kansas,fbs,Big 12,34.0,"[14, 14, 6, 0]",0.9638253450393677,1415.0,1455.0,356,Illinois,fbs,Big Ten,23.0,"[0, 7, 8, 8]",0.036174654960632324,1664.0,1624.0,2.7229450650389606,,,
401545735,2023,2,regular,2023-09-09T04:00:00.000Z,True,True,False,True,,5886.0,West Family Stadium,2699,West Liberty,ii,Mountain East,29.0,"[2, 14, 0, 13]",,,,2986,Fairmont State,ii,Mountain East,42.0,"[21, 7, 14, 0]",,,,,,,
401564661,2023,2,regular,2023-09-09T04:00:00.000Z,True,True,False,False,,6115.0,Toppa Field,2776,Salve Regina,iii,Commonwealth Coast,29.0,"[14, 3, 7, 5]",,,,2967,Framingham State,iii,MSCAC,0.0,"[0, 0, 0, 0]",,,,,,,
401520216,2023,2,regular,2023-09-09T15:00:00.000Z,False,True,False,False,28363.0,3630.0,Allegacy Federal Credit Union Stadium,154,Wake Forest,fbs,ACC,36.0,"[3, 21, 3, 9]",0.9654063582420349,1608.0,1618.0,238,Vanderbilt,fbs,SEC,20.0,"[0, 14, 0, 6]",0.03459364175796509,1327.0,1317.0,3.50847359074145,,,
401550050,2023,2,regular,2023-09-09T15:00:00.000Z,False,True,False,False,,5902.0,Knox Stadium,246,Juniata,iii,Landmark Conference,0.0,"[0, 0, 0, 0]",,,,365,Alfred,iii,Empire 8,34.0,"[21, 7, 6, 0]",,,,,,,
401525436,2023,2,regular,2023-09-09T16:00:00.000Z,False,True,False,False,56919.0,3670.0,Carter-Finley Stadium,152,NC State,fbs,ACC,24.0,"[0, 7, 10, 7]",0.007694457191973925,1553.0,1528.0,87,Notre Dame,fbs,FBS Independents,45.0,"[3, 14, 7, 21]",0.9923055428080261,1819.0,1844.0,5.061704016616875,,,
401541013,2023,2,regular,2023-09-09T16:00:00.000Z,False,True,False,True,,4441.0,McConnell Family Stadium,367,Gannon,ii,Pennsylvania State Athletic,21.0,"[0, 0, 7, 14]",,,,210,Millersville,ii,Pennsylvania State Athletic,28.0,"[7, 7, 0, 14]",,,,,,,
401541811,2023,2,regular,2023-09-09T16:00:00.000Z,False,True,False,False,,6066.0,Pace Stadium,2487,Pace,ii,Northeast 10,25.0,"[0, 3, 7, 15]",,,,2224,Findlay,ii,Great Midwest Athletic,40.0,"[7, 12, 7, 14]",,,,,,,
401520191,2023,2,regular,2023-09-09T16:00:00.000Z,False,True,False,False,92746.0,3917.0,Sanford Stadium,61,Georgia,fbs,SEC,45.0,"[0, 31, 14, 0]",0.9893914461135864,2033.0,2065.0,2050,Ball State,fbs,Mid-American,3.0,"[0, 0, 0, 3]",0.010608553886413574,1305.0,1273.0,2.67585382293765,,,
401520208,2023,2,regular,2023-09-09T16:00:00.000Z,False,True,False,False,102897.0,3861.0,Ohio Stadium,194,Ohio State,fbs,Big Ten,35.0,"[14, 14, 7, 0]",0.9419934153556824,1955.0,1955.0,2754,Youngstown State,fcs,MVFC,7.0,"[7, 0, 0, 0]",0.05800658464431763,,,2.612593916586522,,,
401525498,2023,2,regular,2023-09-09T16:00:00.000Z,False,True,False,False,56508.0,3923.0,Scott Stadium,258,Virginia,fbs,ACC,35.0,"[7, 7, 21, 0]",0.5936965346336365,1339.0,1350.0,256,James Madison,fbs,Sun Belt,36.0,"[17, 0, 7, 12]",0.4063034653663635,1606.0,1595.0,6.4228781142792615,,,
401525829,2023,2,regular,2023-09-09T16:00:00.000Z,False,True,False,False,51940.0,3636.0,Bill Snyder Family Stadium,2306,Kansas State,fbs,Big 12,42.0,"[7, 14, 7, 14]",0.988589882850647,1740.0,1795.0,2653,Troy,fbs,Sun Belt,13.0,"[0, 10, 0, 3]",0.011410117149353027,1556.0,1501.0,2.916182517296636,,,
401545861,2023,2,regular,2023-09-09T16:00:00.000Z,False,True,False,True,,4436.0,Adamson Stadium,2858,California (PA),ii,Pennsylvania State Athletic,31.0,"[7, 0, 0, 24]",,,,2315,Kutztown,ii,Pennsylvania State Athletic,20.0,"[10, 10, 0, 0]",,,,,,,
401520209,2023,2,regular,2023-09-09T16:00:00.000Z,False,True,False,False,108575.0,3632.0,Beaver Stadium,213,Penn State,fbs,Big Ten,63.0,"[14, 21, 21, 7]",0.993723452091217,1713.0,1713.0,48,Delaware,fcs,CAA,7.0,"[7, 0, 0, 0]",0.006276547908782959,,,2.2167764246881028,,,
401523999,2023,2,regular,2023-09-09T16:00:00.000Z,False,True,False,False,43732.0,4727.0,McLane Stadium,239,Baylor,fbs,Big 12,13.0,"[0, 10, 3, 0]",0.13570810854434967,1559.0,1563.0,254,Utah,fbs,Pac-12,20.0,"[0, 3, 3, 14]",0.8642918914556503,1784.0,1780.0,5.081381480144591,,,
401525490,2023,2,regular,2023-09-09T16:00:00.000Z,False,True,False,False,40122.0,3615.0,"Alumni Stadium (Chestnut Hill, MA)",103,Boston College,fbs,ACC,31.0,"[7, 17, 0, 7]",0.5238125324249268,1434.0,1434.0,107,Holy Cross,fcs,Patriot,28.0,"[0, 14, 7, 7]",0.47618746757507324,,,4.896293223213847,,,
401540004,2023,2,regular,2023-09-09T16:00:00.000Z,False,True,False,True,,3624.0,Arute Field,2115,Central Connecticut,fcs,NEC,30.0,"[7, 0, 0, 23]",0.5033316016197205,,,284,Stonehill,fcs,NEC,33.0,"[7, 9, 7, 10]",0.49666839838027954,,,3.7100676596164703,,,
401551511,2023,2,regular,2023-09-09T16:00:00.000Z,False,True,False,False,,5831.0,Dale Lippert Field,110438,Dean,iii,ECFC,7.0,"[0, 0, 0, 7]",,,,2884,Nichols,iii,Commonwealth Coast,70.0,"[28, 21, 14, 7]",,,,,,,
401544955,2023,2,regular,2023-09-09T16:00:00.000Z,False,True,False,False,,6088.0,Schueler Field,2419,Mount St Joseph,iii,Heartland,62.0,"[21, 21, 13, 7]",,,,2274,Hiram,iii,North Coast,21.0,"[7, 7, 0, 7]",,,,,,,
401541873,2023,2,regular,2023-09-09T16:00:00.000Z,False,True,False,False,,4750.0,The Reservation,2336,Limestone,ii,South Atlantic,13.0,"[3, 0, 7, 3]",,,,2695,West Alabama,ii,Gulf South,27.0,"[0, 13, 7, 7]",,,,,,,
401545783,2023,2,regular,2023-09-09T16:00:00.000Z,False,True,False,True,,6071.0,Jess Dow Field,2583,Southern Connecticut State,ii,Northeast 10,29.0,"[7, 7, 8, 7]",,,,2038,Assumption,ii,Northeast 10,42.0,"[14, 7, 14, 7]",,,,,,,
401520185,2023,2,regular,2023-09-09T16:00:00.000Z,False,True,False,False,25153.0,3841.0,Michie Stadium,349,Army,fbs,FBS Independents,57.0,"[15, 21, 7, 14]",0.9930661916732788,1530.0,1530.0,2169,Delaware State,fcs,MEAC,0.0,"[0, 0, 0, 0]",0.006933808326721191,,,1.8950136069116326,,,
401545760,2023,2,regular,2023-09-09T16:00:00.000Z,False,True,False,True,,6063.0,Mueller Field,587,Notre Dame College,ii,Mountain East,87.0,"[28, 28, 17, 14]",,,,455,West Virginia Wesleyan,ii,Mountain East,9.0,"[0, 0, 7, 2]",,,,,,,
401541102,2023,2,regular,2023-09-09T16:00:00.000Z,False,True,False,False,,6119.0,Stagg Field,81,Springfield,iii,NEWMAC,45.0,"[21, 10, 7, 7]",,,,2280,Husson,iii,Commonwealth Coast,20.0,"[6, 7, 0, 7]",,,,,,,
401549630,2023,2,regular,2023-09-09T16:00:00.000Z,False,True,False,False,,6089.0,Scotty Wood Stadium,2422,Muhlenberg,iii,Centennial,29.0,"[0, 21, 6, 2]",,,,2532,Salisbury,iii,New Jersey,17.0,"[7, 7, 3, 0]",,,,,,,
401540650,2023,2,regular,2023-09-09T16:00:00.000Z,False,True,False,False,,5934.0,Farmers Insurance Athletic Complex,110254,Davenport,ii,GLIAC,24.0,"[7, 10, 0, 7]",,,,2075,Bowie State,ii,CIAA,19.0,"[0, 6, 6, 7]",,,,,,,
401549722,2023,2,regular,2023-09-09T16:00:00.000Z,False,True,False,False,,5822.0,Cadet Memorial Field,2557,Coast Guard,iii,NEWMAC,93.0,"[35, 21, 14, 23]",,,,15,Anna Maria College,iii,ECFC,24.0,"[0, 10, 14, 0]",,,,,,,
401520215,2023,2,regular,2023-09-09T16:00:00.000Z,False,True,False,False,65632.0,3799.0,Lane Stadium,259,Virginia Tech,fbs,ACC,17.0,"[0, 17, 0, 0]",0.0072840312495827675,1421.0,1412.0,2509,Purdue,fbs,Big Ten,24.0,"[7, 10, 0, 7]",0.9927159687504172,1479.0,1488.0,5.639437122018666,,,
401549753,2023,2,regular,2023-09-09T16:00:00.000Z,False,True,False,True,,6101.0,"Memorial Stadium (Westerville, OH)",359,Otterbein,iii,Ohio,14.0,"[0, 0, 0, 14]",,,,332,Muskingum,iii,Ohio,27.0,"[0, 10, 14, 3]",,,,,,,
401547205,2023,2,regular,2023-09-09T16:00:00.000Z,False,True,False,False,,3690.0,Charles L. Currier Memorial Field,2972,Plymouth State,iii,MSCAC,21.0,"[0, 7, 0, 14]",,,,111675,New England,iii,Commonwealth Coast,31.0,"[3, 14, 14, 0]",,,,,,,
401541856,2023,2,regular,2023-09-09T16:00:00.000Z,False,True,False,False,,4015.0,Barron Stadium,2560,Shorter,ii,Gulf South,28.0,"[7, 14, 7, 0]",,,,101784,Erskine,ii,South Atlantic,7.0,"[7, 0, 0, 0]",,,,,,,
401520188,2023,2,regular,2023-09-09T16:00:00.000Z,False,True,False,False,53241.0,3726.0,Folsom Field,38,Colorado,fbs,Pac-12,36.0,"[0, 13, 10, 13]",0.9692598581314087,1196.0,1288.0,158,Nebraska,fbs,Big Ten,14.0,"[0, 0, 7, 7]",0.03074014186859131,1522.0,1430.0,5.342257842289211,,,
401545964,2023,2,regular,2023-09-09T16:00:00.000Z,False,True,False,True,,3859.0,Offutt Field,611,Seton Hill,ii,Pennsylvania State Athletic,28.0,"[0, 21, 7, 0]",,,,2559,Shippensburg,ii,Pennsylvania State Athletic,23.0,"[10, 7, 0, 6]",,,,,,,
401549588,2023,2,regular,2023-09-09T16:00:00.000Z,False,True,False,False,,3709.0,Hempstead Stadium,452,Endicott,iii,Commonwealth Coast,17.0,"[0, 10, 0, 7]",,,,175,Ithaca,iii,Liberty League,20.0,"[7, 0, 0, 13]",,,,,,,
401553009,2023,2,regular,2023-09-09T16:00:00.000Z,False,True,False,True,,5127.0,Gene L. Shirk Stadium,2015,Albright,iii,Mid Atlantic,10.0,"[3, 0, 0, 7]",,,,2808,Delaware Valley,iii,Mid Atlantic,41.0,"[14, 14, 6, 7]",,,,,,,
401545892,2023,2,regular,2023-09-09T16:00:00.000Z,False,True,False,True,,4440.0,Sox Harrison Stadium,2205,Edinboro,ii,Pennsylvania State Athletic,28.0,"[3, 10, 8, 7]",,,,2974,Shepherd,ii,Pennsylvania State Athletic,35.0,"[7, 7, 14, 7]",,,,,,,
401549616,2023,2,regular,2023-09-09T16:00:00.000Z,False,True,False,False,,6107.0,ECAV Stadium,2528,Rensselaer,iii,Liberty League,38.0,"[14, 7, 14, 3]",,,,398,Wilkes,iii,Landmark Conference,14.0,"[7, 0, 7, 0]",,,,,,,
401549706,2023,2,regular,2023-09-09T16:00:00.000Z,False,True,True,False,,6129.0,BB&T Field at Griffin Plaza,2646,Thomas More,,,37.0,"[10, 6, 14, 7]",,,,2842,UVA Wise,ii,South Atlantic,0.0,"[0, 0, 0, 0]",,,,,,,
401605489,2023,2,regular,2023-09-09T16:00:00.000Z,False,True,False,False,,5879.0,Tomlinson Stadium,2120,Central Washington,ii,Lone Star,29.0,"[14, 0, 7, 8]",,,,148,Montana Tech,,,37.0,"[13, 3, 14, 7]",,,,,,,
401554817,2023,2,regular,2023-09-09T16:00:00.000Z,False,True,False,True,,6083.0,Mangelsdorf Field,2969,Misericordia,iii,Mid Atlantic,10.0,"[0, 0, 3, 7]",,,,247,King's,iii,Mid Atlantic,42.0,"[7, 7, 7, 21]",,,,,,,
401540028,2023,2,regular,2023-09-09T16:30:00.000Z,False,True,False,False,,3847.0,Cooper Field,46,Georgetown,fcs,Patriot,27.0,"[14, 10, 3, 0]",0.9508117437362671,,,2529,Sacred Heart,fcs,NEC,10.0,"[3, 7, 0, 0]",0.04918825626373291,,,3.155127840411994,,,
401549711,2023,2,regular,2023-09-09T17:00:00.000Z,False,True,False,True,,6042.0,Alumni Stadium (KY),2310,Kentucky State,ii,SIAC,10.0,"[3, 0, 7, 0]",,,,2657,Tuskegee,ii,SIAC,36.0,"[10, 20, 3, 3]",,,,,,,
401545744,2023,2,regular,2023-09-09T17:00:00.000Z,False,True,False,True,,6212.0,Bishop Schmitt Field,112335,Wheeling,ii,Mountain East,16.0,"[0, 13, 0, 3]",,,,341,Frostburg State,ii,Mountain East,20.0,"[7, 7, 0, 6]",,,,,,,
401550194,2023,2,regular,2023-09-09T17:00:00.000Z,False,True,False,False,,3922.0,Kenneth R. Gill Stadium,2700,McDaniel,iii,Centennial,28.0,"[7, 0, 7, 14]",,,,2827,Rowan,iii,New Jersey,49.0,"[7, 28, 0, 14]",,,,,,,
401541839,2023,2,regular,2023-09-09T17:00:00.000Z,False,True,False,True,,5220.0,Garrison Stadium,2804,Chowan,ii,Gulf South,18.0,"[6, 12, 0, 0]",,,,2170,Delta State,ii,Gulf South,42.0,"[7, 7, 21, 7]",,,,,,,
401544116,2023,2,regular,2023-09-09T17:00:00.000Z,False,True,False,True,,5814.0,Gesling Stadium,2102,Carnegie Mellon,iii,Presidents',38.0,"[14, 21, 3, 0]",,,,2614,Saint Vincent,iii,Presidents',0.0,"[0, 0, 0, 0]",,,,,,,
401540668,2023,2,regular,2023-09-09T17:00:00.000Z,False,True,False,True,,6068.0,George Williams Athletic Complex,2551,Shaw,ii,CIAA,13.0,"[0, 6, 7, 0]",,,,2676,Virginia Union,ii,CIAA,26.0,"[16, 0, 10, 0]",,,,,,,
401540729,2023,2,regular,2023-09-09T17:00:00.000Z,False,True,False,False,,3600.0,Tom Adams Field,131,Wayne State (MI),ii,GLIAC,31.0,"[3, 14, 0, 14]",,,,2402,Missouri S&T,ii,Great Lakes,24.0,"[0, 10, 7, 7]",,,,,,,
401540685,2023,2,regular,2023-09-09T17:00:00.000Z,False,True,False,False,,6041.0,Irwin Belk Complex,2304,Johnson C. Smith,ii,CIAA,9.0,"[0, 0, 3, 6]",,,,2682,Walsh,ii,Great Midwest Athletic,14.0,"[7, 0, 0, 7]",,,,,,,
401544872,2023,2,regular,2023-09-09T17:00:00.000Z,False,True,True,True,,7080.0,Rocky Mount Athletic Complex,2207,Elizabeth City State,ii,CIAA,13.0,"[0, 0, 0, 13]",,,,395,St. Augustine's,ii,CIAA,0.0,"[0, 0, 0, 0]",,,,,,,
401540785,2023,2,regular,2023-09-09T17:00:00.000Z,False,True,False,False,,3927.0,Sherman Field,2392,Michigan Tech,ii,GLIAC,45.0,"[7, 21, 14, 3]",,,,2273,Hillsdale,ii,Great Midwest Athletic,20.0,"[3, 3, 7, 7]",,,,,,,
401541886,2023,2,regular,2023-09-09T17:00:00.000Z,False,True,False,False,,6221.0,Mitchell Stadium,124180,Bluefield State,ii,Independent DII,14.0,"[0, 14, 0, 0]",,,,2213,Emory & Henry,ii,South Atlantic,37.0,"[17, 6, 7, 7]",,,,,,,
401541083,2023,2,regular,2023-09-09T17:00:00.000Z,False,True,False,False,,3640.0,Blackstock Stadium,83,DePauw,iii,North Coast,68.0,"[24, 20, 17, 7]",,,,2023,Anderson (IN),iii,Heartland,19.0,"[0, 0, 19, 0]",,,,,,,
401549731,2023,2,regular,2023-09-09T17:00:00.000Z,False,True,False,False,,5997.0,Brooks Stadium (NY),2383,Merchant Marine,iii,NEWMAC,30.0,"[14, 16, 0]",,,,417,Gallaudet,iii,ECFC,13.0,"[7, 6, 0]",,,,,,,
401552448,2023,2,regular,2023-09-09T17:00:00.000Z,False,True,False,False,,6136.0,Patterson Field,2667,Ursinus,iii,Centennial,30.0,"[10, 13, 7, 0]",,,,2871,Kean,iii,New Jersey,14.0,"[0, 14, 0, 0]",,,,,,,
401545973,2023,2,regular,2023-09-09T17:00:00.000Z,False,True,False,False,,3878.0,Plaster Sports Complex,2586,Southwest Baptist,ii,Great Lakes,33.0,"[17, 6, 7, 3]",,,,2069,Black Hills State,ii,Rocky Mountain,39.0,"[10, 13, 7, 9]",,,,,,,
401541636,2023,2,regular,2023-09-09T17:00:00.000Z,False,True,False,False,,3664.0,Butler Bowl,2086,Butler,fcs,Pioneer,41.0,"[14, 3, 21, 3]",0.9703352451324463,,,620,Taylor,,,13.0,"[0, 7, 0, 6]",0.02966475486755371,,,2.273681250456036,,,
401525494,2023,2,regular,2023-09-09T17:00:00.000Z,False,True,False,False,31452.0,721.0,Bobby Dodd Stadium,59,Georgia Tech,fbs,ACC,48.0,"[14, 14, 17, 3]",0.9777213335037231,1347.0,1347.0,2569,South Carolina State,fcs,MEAC,13.0,"[0, 6, 7, 0]",0.022278666496276855,,,1.770689753227612,,,
401544061,2023,2,regular,2023-09-09T17:00:00.000Z,False,True,False,True,,4855.0,Leslie C. Quick Jr. Stadium,2725,Widener,iii,Mid Atlantic,30.0,"[7, 6, 10, 7]",,,,2221,FDU Florham,iii,Mid Atlantic,20.0,"[3, 10, 7, 0]",,,,,,,
401554815,2023,2,regular,2023-09-09T17:00:00.000Z,False,True,False,False,,5810.0,Coyer Field,2085,Buffalo State,iii,Liberty League,23.0,"[7, 7, 6, 3]",,,,3111,Apprentice School,iii,Independent DIII,37.0,"[14, 7, 9, 7]",,,,,,,
401544126,2023,2,regular,2023-09-09T17:00:00.000Z,False,True,False,True,,6146.0,Memorial Field (PA),2849,Westminster (PA),iii,Presidents',28.0,"[14, 7, 7, 0]",,,,2644,Thiel,iii,Presidents',7.0,"[0, 0, 0, 7]",,,,,,,
401550392,2023,2,regular,2023-09-09T17:00:00.000Z,False,True,False,True,,6140.0,John F. Wiley Stadium,2845,Waynesburg,iii,Presidents',27.0,"[14, 0, 6, 7]",,,,146,Grove City,iii,Presidents',43.0,"[7, 16, 13, 7]",,,,,,,
401551930,2023,2,regular,2023-09-09T17:00:00.000Z,False,True,False,False,,5636.0,Wright Stadium,173,Hartwick,iii,Empire 8,31.0,"[0, 7, 7, 17]",,,,122774,Keystone,iii,Landmark Conference,21.0,"[7, 14, 0, 0]",,,,,,,
401552997,2023,2,regular,2023-09-09T17:00:00.000Z,False,True,False,False,,6120.0,Growney Stadium,374,St. John Fisher,iii,Empire 8,62.0,"[24, 17, 21, 0]",,,,125974,Hilbert,iii,North Coast,7.0,"[0, 0, 0, 7]",,,,,,,
401541002,2023,2,regular,2023-09-09T17:00:00.000Z,False,True,False,True,,4437.0,"Memorial Stadium (Clarion, PA)",2134,Clarion,ii,Pennsylvania State Athletic,7.0,"[0, 7, 0, 0]",,,,2071,Bloomsburg,ii,Pennsylvania State Athletic,21.0,"[7, 7, 7, 0]",,,,,,,
401544052,2023,2,regular,2023-09-09T17:00:00.000Z,False,True,False,False,,3675.0,Charles A. Gaetano Stadium,390,Utica,iii,Empire 8,35.0,"[0, 14, 7, 14]",,,,323,Moravian,iii,Landmark Conference,20.0,"[6, 0, 6, 8]",,,,,,,
401550146,2023,2,regular,2023-09-09T17:00:00.000Z,False,True,False,False,,5906.0,McBride Field,352,Kenyon,iii,North Coast,16.0,"[0, 3, 6, 7]",,,,126,Kalamazoo,iii,Michigan,48.0,"[12, 17, 7, 12]",,,,,,,
401540553,2023,2,regular,2023-09-09T17:00:00.000Z,False,True,False,False,,3627.0,Bailey Memorial Stadium,2506,Presbyterian,fcs,Pioneer,48.0,"[3, 17, 21, 7]",,,,2355,Virginia Lynchburg,,,17.0,"[0, 10, 7, 0]",,,,2.4926183223,,,
401550395,2023,2,regular,2023-09-09T17:00:00.000Z,False,True,False,True,,5803.0,Bison Stadium,2062,Bethany (WV),iii,Presidents',7.0,"[0, 7, 0, 0]",,,,2686,Washington & Jefferson,iii,Presidents',42.0,"[14, 21, 7, 0]",,,,,,,
401544070,2023,2,regular,2023-09-09T17:00:00.000Z,False,True,False,False,,5787.0,Docking Stadium,2003,Adrian,iii,Michigan,17.0,"[10, 7, 0, 0]",,,,190,Defiance College,iii,Heartland,34.0,"[7, 7, 7, 13]",,,,,,,
401540738,2023,2,regular,2023-09-09T17:00:00.000Z,False,True,False,False,,6077.0,Stokes Stadium,2654,Truman State,ii,Great Lakes,28.0,"[7, 7, 7, 7]",,,,613,South Dakota Mines,ii,Rocky Mountain,24.0,"[7, 10, 0, 7]",,,,,,,
401550316,2023,2,regular,2023-09-09T17:00:00.000Z,False,True,False,False,,6117.0,Knight Stadium,2896,Southern Virginia,iii,USA South,9.0,"[0, 2, 7, 0]",,,,2079,Bridgewater,iii,Old Dominion,35.0,"[7, 7, 14, 7]",,,,,,,
401547115,2023,2,regular,2023-09-09T17:00:00.000Z,False,True,False,False,,3755.0,Ray and Sue Smith Stadium,2812,Hope,iii,Michigan,42.0,"[0, 21, 14, 7]",,,,263,Loras,iii,American Rivers,28.0,"[14, 7, 7, 0]",,,,,,,
401541111,2023,2,regular,2023-09-09T17:00:00.000Z,False,True,False,False,,6105.0,Day Field,2516,Randolph Macon,iii,Old Dominion,59.0,"[14, 28, 10, 7]",,,,2108,Catholic,iii,Landmark Conference,14.0,"[7, 0, 0, 7]",,,,,,,
401541054,2023,2,regular,2023-09-09T17:00:00.000Z,False,True,False,False,,5856.0,Boswell Field at David J. Urick Stadium,174,Hobart,iii,Liberty League,27.0,"[13, 7, 0, 7]",,,,3110,SUNY Morrisville,iii,Empire 8,10.0,"[0, 3, 0, 7]",,,,,,,
401552993,2023,2,regular,2023-09-09T17:00:00.000Z,False,True,False,False,,5851.0,Shirk Field at Musselman Stadium,2248,Gettysburg,iii,Centennial,21.0,"[3, 7, 3, 8]",,,,2818,Montclair State,iii,New Jersey,32.0,"[7, 7, 12, 6]",,,,,,,
401550436,2023,2,regular,2023-09-09T17:00:00.000Z,False,True,False,False,,6145.0,Blue Jay Stadium,433,Westminster (MO),iii,Upper Midwest,14.0,"[7, 0, 7, 0]",,,,2553,Sewanee,iii,Southern Athletic,32.0,"[15, 7, 0, 10]",,,,,,,
401540795,2023,2,regular,2023-09-09T17:00:00.000Z,False,True,False,False,,3950.0,Superior Dome,128,Northern Michigan,ii,GLIAC,21.0,"[7, 7, 7, 0]",,,,437,Lake Erie,ii,Great Midwest Athletic,24.0,"[0, 7, 0, 17]",,,,,,,
401541093,2023,2,regular,2023-09-09T17:00:00.000Z,False,True,False,False,,6127.0,John P. Papp Stadium,2748,Wooster,iii,North Coast,24.0,"[7, 14, 0, 3]",,,,354,Olivet,iii,Michigan,22.0,"[0, 0, 9, 13]",,,,,,,
401558398,2023,2,regular,2023-09-09T17:00:00.000Z,False,True,True,False,,7422.0,Municipal Stadium,126086,Post,ii,Independent DII,32.0,"[2, 10, 20, 0]",,,,2339,Lincoln (PA),ii,CIAA,48.0,"[10, 6, 20, 12]",,,,,,,
401550057,2023,2,regular,2023-09-09T17:00:00.000Z,False,True,False,False,,5925.0,David Person Field,2354,Lycoming,iii,Landmark Conference,7.0,"[0, 7, 0, 0]",,,,2782,SUNY Cortland,iii,Empire 8,62.0,"[21, 24, 10, 7]",,,,,,,
401549811,2023,2,regular,2023-09-09T17:00:00.000Z,False,True,False,False,,5896.0,Lewis C. Everett Stadium,297,Hampden Sydney,iii,Old Dominion,31.0,"[10, 7, 7, 7]",,,,2913,Brevard,iii,USA South,17.0,"[0, 10, 7, 0]",,,,,,,
401541121,2023,2,regular,2023-09-09T17:00:00.000Z,False,True,False,False,,5853.0,Francis Field (IL),2257,Greenville,iii,Upper Midwest,14.0,"[0, 14, 0, 0]",,,,101,Eureka,iii,NACC,23.0,"[3, 14, 6, 0]",,,,,,,
401540465,2023,2,regular,2023-09-09T17:00:00.000Z,False,True,False,False,,3988.0,Welcome Stadium,2168,Dayton,fcs,Pioneer,62.0,"[20, 7, 12, 23]",,,,2119,Central State,ii,SIAC,24.0,"[0, 10, 14, 0]",,,,,,,
401549571,2023,2,regular,2023-09-09T17:00:00.000Z,False,True,False,False,,5898.0,John Coughlin Memorial Field,402,Worcester State,iii,MSCAC,0.0,"[0, 0, 0, 0]",,,,237,Union,iii,Liberty League,63.0,"[14, 28, 14, 7]",,,,,,,
401545836,2023,2,regular,2023-09-09T17:00:00.000Z,False,True,False,True,,3606.0,Scheels Field at Nemzek Stadium,2817,Minnesota St Moorhead,ii,Northern Sun,56.0,"[7, 21, 14, 14]",,,,568,Minot State,ii,Northern Sun,14.0,"[0, 7, 0, 7]",,,,,,,
401550283,2023,2,regular,2023-09-09T17:00:00.000Z,False,True,False,False,,6099.0,Selby Stadium,2980,Ohio Wesleyan,iii,North Coast,10.0,"[3, 7, 0, 0]",,,,2723,Wisconsin River Falls,iii,Wisconsin,37.0,"[17, 7, 7, 6]",,,,,,,
401547181,2023,2,regular,2023-09-09T17:00:00.000Z,False,True,False,False,,6123.0,Jackson Field,2834,Sul Ross State,iii,American Southwest,12.0,"[6, 0, 6, 0]",,,,2201,Eastern New Mexico,ii,Lone Star,51.0,"[7, 17, 14, 13]",,,,,,,
401549818,2023,2,regular,2023-09-09T17:00:00.000Z,False,True,False,False,,6124.0,Amos Alonzo Stagg Field (PA),216,Susquehanna,iii,Landmark Conference,6.0,"[0, 3, 0, 3]",,,,2781,Brockport,iii,Empire 8,5.0,"[0, 3, 0, 2]",,,,,,,
401544881,2023,2,regular,2023-09-09T17:00:00.000Z,False,True,False,True,,3638.0,MDU Resources Community Bowl,559,University of Mary,ii,Northern Sun,17.0,"[0, 3, 0, 14]",,,,2894,Sioux Falls,ii,Northern Sun,36.0,"[8, 7, 14, 7]",,,,,,,
401553861,2023,2,regular,2023-09-09T17:00:00.000Z,False,True,False,False,,5835.0,Biddle Field,2175,Dickinson,iii,Centennial,29.0,"[2, 7, 6, 14]",,,,2970,William Paterson,iii,New Jersey,17.0,"[0, 7, 3, 7]",,,,,,,
401550110,2023,2,regular,2023-09-09T17:00:00.000Z,False,True,False,True,,3851.0,Mustang Stadium,471,Stevenson,iii,Mid Atlantic,38.0,"[7, 17, 0, 14]",,,,388,Lebanon Valley,iii,Mid Atlantic,45.0,"[7, 14, 17, 7]",,,,,,,
401550026,2023,2,regular,2023-09-09T17:00:00.000Z,False,True,False,True,,5789.0,Frank B. Fuhrer Field,2018,Allegheny,iii,Presidents',21.0,"[7, 0, 7, 7]",,,,2242,Geneva,iii,Presidents',27.0,"[14, 7, 0, 6]",,,,,,,
401544991,2023,2,regular,2023-09-09T17:30:00.000Z,False,True,False,True,,5801.0,George Finnie Stadium,188,Baldwin Wallace,iii,Ohio,61.0,"[6, 21, 10, 24]",,,,2733,Wilmington (OH),iii,Ohio,25.0,"[6, 0, 13, 6]",,,,,,,
401550086,2023,2,regular,2023-09-09T17:30:00.000Z,False,True,False,False,,3716.0,"Stewart """"Red"""" Faught Stadium",2233,Franklin,iii,Heartland,30.0,"[14, 3, 6, 7]",,,,2044,Aurora,iii,NACC,45.0,"[28, 7, 0, 10]",,,,,,,
401532396,2023,2,regular,2023-09-09T17:30:00.000Z,False,True,False,False,17302.0,3786.0,Kelly/Shorts Stadium,2117,Central Michigan,fbs,Mid-American,45.0,"[7, 21, 7, 10]",0.8631073832511902,1482.0,1482.0,160,New Hampshire,fcs,Coastal Athletic,42.0,"[7, 14, 7, 14]",0.13689261674880981,,,6.444685936709556,,,
401550261,2023,2,regular,2023-09-09T17:30:00.000Z,False,True,False,True,,6098.0,Dial-Roberson Stadium,427,Ohio Northern,iii,Ohio,40.0,"[3, 17, 13, 7]",,,,424,Capital,iii,Ohio,7.0,"[7, 0, 0, 0]",,,,,,,
401549673,2023,2,regular,2023-09-09T18:00:00.000Z,False,True,False,False,,6096.0,Austin E. Knowlton Athletics Complex,391,Oberlin,iii,North Coast,37.0,"[14, 13, 3, 7]",,,,2151,Concordia Chicago,iii,NACC,35.0,"[7, 7, 14, 7]",,,,,,,
401547126,2023,2,regular,2023-09-09T18:00:00.000Z,False,True,True,False,,6091.0,Abel Stadium,6845,Nebraska Wesleyan,iii,American Rivers,33.0,"[6, 20, 0, 7]",,,,561,Mayville State,,,30.0,"[9, 14, 7, 0]",,,,,,,
401550411,2023,2,regular,2023-09-09T18:00:00.000Z,False,True,False,False,,5804.0,Royal Stadium,2802,Bethel (MN),iii,Minnesota,2.0,"[2, 0, 0, 0]",,,,2685,Wartburg,iii,American Rivers,16.0,"[6, 0, 7, 3]",,,,,,,
401541073,2023,2,regular,2023-09-09T18:00:00.000Z,False,True,False,False,,7079.0,Laird Stadium,2101,Carleton,iii,Minnesota,45.0,"[0, 10, 28, 7]",,,,2923,Pomona Pitzer,iii,So. Cal.,24.0,"[3, 7, 7, 7]",,,,,,,
401540709,2023,2,regular,2023-09-09T18:00:00.000Z,False,True,False,False,,6047.0,Leemon Field,2816,McKendree,ii,Great Lakes,3.0,"[0, 3, 0, 0]",,,,110242,West Florida,ii,Gulf South,35.0,"[7, 14, 7, 7]",,,,,,,
401552395,2023,2,regular,2023-09-09T18:00:00.000Z,False,True,False,False,,5880.0,Elliott Field at Don Beebe Stadium,2123,Chadron State,ii,Rocky Mountain,3.0,"[0, 3, 0, 0]",,,,2043,Augustana (SD),ii,Northern Sun,27.0,"[14, 0, 6, 7]",,,,,,,
401547100,2023,2,regular,2023-09-09T18:00:00.000Z,False,True,False,False,,5823.0,Clark Field,2141,Coe,iii,American Rivers,44.0,"[14, 13, 7, 10]",,,,2738,Wisconsin Eau Claire,iii,Wisconsin,14.0,"[0, 0, 7, 7]",,,,,,,
401547091,2023,2,regular,2023-09-09T18:00:00.000Z,False,True,False,False,,5859.0,Tucci Stadium,306,Illinois Wesleyan,iii,CCIW,13.0,"[0, 0, 6, 7]",,,,2964,Central College,iii,American Rivers,38.0,"[7, 10, 7, 14]",,,,,,,
401549682,2023,2,regular,2023-09-09T18:00:00.000Z,False,True,False,False,,6110.0,Sam Greeley Field,2524,Rockford,iii,NACC,38.0,"[7, 7, 7, 17]",,,,375,St. Scholastica,iii,Minnesota,37.0,"[6, 17, 7, 7]",,,,,,,
401540441,2023,2,regular,2023-09-09T18:00:00.000Z,False,True,False,False,,1905.0,DakotaDome,233,South Dakota,fcs,MVFC,24.0,"[7, 0, 7, 10]",0.9844648390934461,,,2900,St. Thomas (MN),fcs,Pioneer,0.0,"[0, 0, 0, 0]",0.015535160906553935,,,3.0396330061,,,
401550213,2023,2,regular,2023-09-09T18:00:00.000Z,False,True,False,True,,6084.0,April Zorn Memorial Stadium,2919,Monmouth (IL),iii,Midwest,39.0,"[10, 8, 7, 14]",,,,80,Chicago,iii,Midwest,6.0,"[0, 6, 0, 0]",,,,,,,
401550415,2023,2,regular,2023-09-09T18:00:00.000Z,False,True,False,False,,5914.0,Veterans Memorial Stadium (WI),2740,Wisconsin La Crosse,iii,Wisconsin,21.0,"[14, 7, 0, 0]",,,,2810,Hardin Simmons,iii,American Southwest,28.0,"[14, 0, 14, 0]",,,,,,,
401541827,2023,2,regular,2023-09-09T18:00:00.000Z,False,True,True,False,,7504.0,Liberty North High School,2911,William Jewell,ii,Great Lakes,34.0,"[7, 3, 14, 10]",,,,2316,Kentucky Wesleyan,ii,Great Midwest Athletic,41.0,"[7, 13, 14, 7]",,,,,,,
401549768,2023,2,regular,2023-09-09T18:00:00.000Z,False,True,False,False,,3843.0,MLC Bowl,446,Martin Luther,iii,Upper Midwest,27.0,[],,,,2359,Macalester,iii,Minnesota,56.0,[],,,,,,,
401550452,2023,2,regular,2023-09-09T18:00:00.000Z,False,True,False,False,,5900.0,Don and Nona Williams Stadium,2744,Wisconsin Stout,iii,Wisconsin,21.0,"[3, 3, 7, 8]",,,,316,Dickinson State University,,,24.0,"[7, 0, 10, 7]",,,,,,,
401549659,2023,2,regular,2023-09-09T18:00:00.000Z,False,True,False,True,,5858.0,England Stadium,2286,Illinois College,iii,Midwest,6.0,"[6, 0, 0, 0]",,,,262,Lake Forest,iii,Midwest,37.0,"[7, 7, 9, 14]",,,,,,,
401550188,2023,2,regular,2023-09-09T18:00:00.000Z,False,True,False,False,,4854.0,Perkins Stadium,2745,Wisconsin Whitewater,iii,Wisconsin,56.0,"[7, 14, 14, 21]",,,,2600,Saint John's (MN),iii,Minnesota,28.0,"[7, 14, 7, 0]",,,,,,,
401550244,2023,2,regular,2023-09-09T18:00:00.000Z,False,True,False,False,,5903.0,Community Stadium at Goerke Park,2743,Wisconsin Stevens Point,iii,Wisconsin,31.0,"[0, 21, 7, 3]",,,,2832,St. Norbert,iii,NACC,28.0,"[7, 7, 7, 7]",,,,,,,
401549651,2023,2,regular,2023-09-09T18:00:00.000Z,False,True,False,True,,5908.0,Harley Knosher Bowl,255,Knox,iii,Midwest,31.0,"[3, 14, 0, 14]",,,,266,Beloit,iii,Midwest,14.0,"[0, 7, 7, 0]",,,,,,,
401545820,2023,2,regular,2023-09-09T18:00:00.000Z,False,True,False,True,,5780.0,Altra Federal Credit Union Stadium,2851,Winona State,ii,Northern Sun,33.0,"[10, 13, 7, 3]",,,,3066,Concordia St. Paul,ii,Northern Sun,8.0,"[0, 0, 8, 0]",,,,,,,
401550367,2023,2,regular,2023-09-09T18:00:00.000Z,False,True,False,False,,5932.0,Lloyd L. Thornton Stadium,2373,Maryville (TN),iii,USA South,34.0,"[0, 14, 13, 7]",,,,2121,Centre,iii,Southern Athletic,23.0,"[3, 13, 0, 7]",,,,,,,
401549628,2023,2,regular,2023-09-09T18:00:00.000Z,False,True,False,False,,5829.0,Old National Bank Stadium,509,Crown,iii,Upper Midwest,46.0,"[20, 13, 7, 6]",,,,2564,Simpson (IA),iii,American Rivers,48.0,"[7, 14, 13, 14]",,,,,,,
401541130,2023,2,regular,2023-09-09T18:00:00.000Z,False,True,False,False,,5115.0,McCully Stadium,396,Wheaton (IL),iii,CCIW,30.0,"[7, 10, 0, 13]",,,,271,Wisconsin Oshkosh,iii,Wisconsin,21.0,"[9, 0, 6, 6]",,,,,,,
401550201,2023,2,regular,2023-09-09T18:00:00.000Z,False,True,False,True,,5828.0,Van Metre Field at Ash Park,2155,Cornell (IA),iii,Midwest,31.0,"[7, 3, 7, 14]",,,,268,Lawrence,iii,Midwest,7.0,"[0, 0, 0, 7]",,,,,,,
401541929,2023,2,regular,2023-09-09T18:00:00.000Z,False,True,False,True,,4724.0,Audrey J. Walton Stadium at Vernon Kennedy Field,2118,Central Missouri,ii,Mid America,41.0,"[14, 7, 7, 13]",,,,2122,Central Oklahoma,ii,Mid America,17.0,"[3, 14, 0, 0]",,,,,,,
401541919,2023,2,regular,2023-09-09T18:00:00.000Z,False,True,False,False,,6059.0,Sanchez Family Stadium,2424,New Mexico Highlands,ii,Rocky Mountain,48.0,[],,,,2703,Western New Mexico,ii,Lone Star,41.0,[],,,,,,,
401540659,2023,2,regular,2023-09-09T18:00:00.000Z,False,True,False,False,,3904.0,Rogers Stadium (VA),330,Virginia State,ii,CIAA,21.0,"[14, 0, 7, 0]",,,,2839,Tusculum,ii,South Atlantic,17.0,"[0, 0, 14, 3]",,,,,,,
401532400,2023,2,regular,2023-09-09T18:00:00.000Z,False,True,False,False,12312.0,3700.0,Doyt L. Perry Stadium,189,Bowling Green,fbs,Mid-American,38.0,"[7, 14, 10, 7]",0.9933909177780151,1210.0,1210.0,2197,Eastern Illinois,fcs,Big South-OVC,15.0,"[6, 6, 0, 3]",0.006609082221984863,,,3.149139702224016,,,
401544078,2023,2,regular,2023-09-09T18:00:00.000Z,False,True,False,True,,5861.0,Rosenbloom Field,65,Grinnell,iii,Midwest,12.0,"[0, 6, 6, 0]",,,,2891,Ripon,iii,Midwest,31.0,"[7, 7, 10, 7]",,,,,,,
401549690,2023,2,regular,2023-09-09T18:00:00.000Z,False,True,False,False,,3723.0,QU Stadium,2825,Quincy,ii,Great Lakes,89.0,"[35, 40, 7, 7]",,,,127078,Madonna University (Mich.),,,0.0,"[0, 0, 0, 0]",,,,,,,
401550230,2023,2,regular,2023-09-09T18:00:00.000Z,False,True,False,False,,6094.0,Reynolds Field,583,Northwestern (MN),iii,Upper Midwest,26.0,"[0, 7, 7, 12]",,,,409,Concordia (WI),iii,NACC,10.0,"[0, 0, 7, 3]",,,,,,,
401547054,2023,2,regular,2023-09-09T18:00:00.000Z,False,True,False,True,,5881.0,CAU Panther Stadium,2805,Clark Atlanta,ii,SIAC,17.0,"[0, 10, 0, 7]",,,,2232,Fort Valley State,ii,SIAC,40.0,"[3, 7, 16, 14]",,,,,,,
401547132,2023,2,regular,2023-09-09T18:00:00.000Z,False,True,False,False,,6108.0,Crain Field,2519,Rhodes,iii,Southern Athletic,19.0,"[7, 0, 6, 6]",,,,2045,Austin,iii,American Southwest,17.0,"[0, 14, 0, 3]",,,,,,,
401547176,2023,2,regular,2023-09-09T18:00:00.000Z,False,True,False,False,,6081.0,Harper Davis Field,2398,Millsaps,iii,Southern Athletic,2.0,"[2, 0, 0, 0]",,,,241,McMurry,iii,American Southwest,53.0,"[11, 14, 21, 7]",,,,,,,
401525491,2023,2,regular,2023-09-09T18:15:00.000Z,False,True,False,False,81500.0,3836.0,"Memorial Stadium (Clemson, SC)",228,Clemson,fbs,ACC,66.0,"[14, 10, 28, 14]",0.9943992495536804,1684.0,1684.0,2127,Charleston Southern,fcs,Big South-OVC,17.0,"[14, 3, 0, 0]",0.00560075044631958,,,3.4552008510948897,,,
401540625,2023,2,regular,2023-09-09T18:30:00.000Z,False,True,False,True,,3704.0,E. J. Whitmire Stadium,2717,Western Carolina,fcs,Southern,30.0,"[7, 13, 3, 7]",0.9922661185264587,,,2535,Samford,fcs,Southern,7.0,"[7, 0, 0, 0]",0.00773388147354126,,,5.885769828053421,,,
401540312,2023,2,regular,2023-09-09T19:00:00.000Z,False,True,False,False,,3782.0,Johnson Hagood Stadium,2643,The Citadel,fcs,Southern,7.0,"[7, 0, 0, 0]",0.08381275832653046,,,2097,Campbell,fcs,Coastal Athletic,56.0,"[21, 14, 14, 7]",0.9161872416734695,,,3.3465202044263846,,,
401550062,2023,2,regular,2023-09-09T19:00:00.000Z,False,True,False,False,,5845.0,Elliot Field Athletic Complex,114,Fitchburg State,iii,MSCAC,3.0,"[3, 0, 0, 0]",,,,293,Vermont State Castleton,iii,ECFC,32.0,"[3, 7, 22, 0]",,,,,,,
401520196,2023,2,regular,2023-09-09T19:00:00.000Z,False,True,False,False,61876.0,3683.0,Kroger Field,96,Kentucky,fbs,SEC,28.0,"[0, 7, 14, 7]",0.9494829773902893,1730.0,1730.0,2198,Eastern Kentucky,fcs,UAC,17.0,"[7, 0, 3, 7]",0.05051702260971069,,,5.0669307818770974,,,
401541906,2023,2,regular,2023-09-09T19:00:00.000Z,False,True,False,False,,5782.0,Mountaineer Bowl,2714,Western Colorado,ii,Rocky Mountain,35.0,"[14, 14, 0, 7]",,,,110243,UT Permian Basin,ii,Lone Star,27.0,"[3, 10, 7, 7]",,,,,,,
401525828,2023,2,regular,2023-09-09T19:00:00.000Z,False,True,False,False,60834.0,3801.0,LaVell Edwards Stadium,252,BYU,fbs,Big 12,41.0,"[6, 21, 7, 7]",0.8784937858581543,1544.0,1544.0,253,Southern Utah,fcs,UAC,16.0,"[3, 0, 7, 6]",0.1215062141418457,,,2.9249428827581103,,,
401547120,2023,2,regular,2023-09-09T19:00:00.000Z,False,True,False,False,,5923.0,Legacy Field in Carlson Stadium,67,Luther,iii,American Rivers,21.0,"[0, 14, 0, 7]",,,,133,St. Olaf,iii,Minnesota,52.0,"[16, 22, 7, 7]",,,,,,,
401526833,2023,2,regular,2023-09-09T19:30:00.000Z,False,True,False,False,9207.0,3985.0,Warren McGuirk Alumni Stadium,113,Massachusetts,fbs,FBS Independents,28.0,"[0, 7, 14, 7]",0.024396291002631187,1048.0,1043.0,193,Miami (OH),fbs,Mid-American,41.0,"[21, 7, 3, 10]",0.9756037089973688,1316.0,1321.0,4.858931718460043,,,
401531395,2023,2,regular,2023-09-09T19:30:00.000Z,False,True,False,False,49342.0,3604.0,Alamodome,2636,UTSA,fbs,American Athletic,20.0,"[3, 7, 7, 3]",0.5523667931556702,1604.0,1600.0,326,Texas State,fbs,Sun Belt,13.0,"[0, 10, 0, 3]",0.44763320684432983,1349.0,1353.0,4.867882196353528,,,
401520194,2023,2,regular,2023-09-09T19:30:00.000Z,False,True,False,False,61500.0,3772.0,Jack Trice Stadium,66,Iowa State,fbs,Big 12,13.0,"[0, 3, 0, 10]",0.13250486552715302,1536.0,1533.0,2294,Iowa,fbs,Big Ten,20.0,"[3, 14, 3, 0]",0.867495134472847,1664.0,1667.0,3.788388518171521,,,
401520201,2023,2,regular,2023-09-09T19:30:00.000Z,False,True,False,False,48792.0,3948.0,Hard Rock Stadium,2390,Miami,fbs,ACC,48.0,"[7, 14, 10, 17]",0.8877696394920349,1481.0,1529.0,245,Texas A&M,fbs,SEC,33.0,"[10, 7, 9, 7]",0.11223036050796509,1656.0,1608.0,5.897074471841576,,,
401532398,2023,2,regular,2023-09-09T19:30:00.000Z,False,True,False,False,22742.0,3739.0,Glass Bowl,2649,Toledo,fbs,Mid-American,71.0,"[22, 28, 7, 14]",0.9930822253227234,1531.0,1531.0,2640,Texas Southern,fcs,SWAC,3.0,"[0, 3, 0, 0]",0.006917774677276611,,,2.3440811553784524,,,
401525497,2023,2,regular,2023-09-09T19:30:00.000Z,False,True,False,False,32637.0,1964.0,JMA Wireless Dome,183,Syracuse,fbs,ACC,48.0,"[17, 28, 3, 0]",0.9816874265670776,1476.0,1581.0,2711,Western Michigan,fbs,Mid-American,7.0,"[7, 0, 0, 0]",0.018312573432922363,1367.0,1262.0,2.930572727911226,,,
401520214,2023,2,regular,2023-09-09T19:30:00.000Z,False,True,False,False,30000.0,4729.0,Yulman Stadium,2655,Tulane,fbs,American Athletic,20.0,"[7, 10, 0, 3]",0.0572722852230072,1671.0,1621.0,145,Ole Miss,fbs,SEC,37.0,"[7, 3, 7, 20]",0.9427277147769928,1589.0,1639.0,6.275807393230487,,,
401531432,2023,2,regular,2023-09-09T19:30:00.000Z,False,True,False,False,29789.0,3852.0,Navy-Marine Corps Memorial Stadium,2426,Navy,fbs,American Athletic,24.0,"[7, 10, 0, 7]",0.9970902800559998,1320.0,1320.0,2681,Wagner,fcs,NEC,0.0,"[0, 0, 0, 0]",0.002909719944000244,,,2.4604583329864647,,,
401540383,2023,2,regular,2023-09-09T19:30:00.000Z,False,True,False,False,,3714.0,Fargodome,2449,North Dakota State,fcs,MVFC,44.0,"[6, 10, 14, 14]",1.0,,,311,Maine,fcs,Coastal Athletic,7.0,"[0, 0, 0, 7]",0.0,,,2.6325270889145687,,,
401520202,2023,2,regular,2023-09-09T19:30:00.000Z,False,True,False,False,109482.0,3558.0,Michigan Stadium,130,Michigan,fbs,Big Ten,35.0,"[7, 14, 14, 0]",0.9916186332702637,1941.0,1951.0,2439,UNLV,fbs,Mountain West,7.0,"[0, 0, 0, 7]",0.008381366729736328,1350.0,1340.0,2.108362012216072,,,
401551486,2023,2,regular,2023-09-09T19:30:00.000Z,False,True,False,False,,3870.0,Panther Stadium (OH),2477,Ohio Dominican,ii,Great Midwest Athletic,26.0,"[0, 14, 6, 6]",,,,2736,Winston-Salem State,ii,CIAA,14.0,"[7, 0, 0, 7]",,,,,,,
401520207,2023,2,regular,2023-09-09T19:30:00.000Z,False,True,False,False,14851.0,3911.0,Ryan Field,77,Northwestern,fbs,Big Ten,38.0,"[7, 0, 21, 10]",0.9808356761932373,1296.0,1390.0,2638,UTEP,fbs,Conference USA,7.0,"[7, 0, 0, 0]",0.019164323806762695,1370.0,1276.0,3.7618376213520306,,,
401532397,2023,2,regular,2023-09-09T19:30:00.000Z,False,True,False,False,13114.0,3764.0,Huskie Stadium,2459,Northern Illinois,fbs,Mid-American,11.0,"[0, 0, 3, 8]",0.7286332845687866,1385.0,1385.0,79,Southern Illinois,fcs,MVFC,14.0,"[7, 0, 7, 0]",0.2713667154312134,,,6.045096501110325,,,
401540970,2023,2,regular,2023-09-09T19:30:00.000Z,False,True,False,False,,6074.0,Grappone Stadium,2830,Saint Anselm,ii,Northeast 10,7.0,"[0, 0, 7, 0]",,,,2838,Tiffin,ii,Great Midwest Athletic,42.0,"[14, 7, 14, 7]",,,,,,,
401520203,2023,2,regular,2023-09-09T19:30:00.000Z,False,True,False,False,,3936.0,Spartan Stadium,127,Michigan State,fbs,Big Ten,45.0,"[7, 10, 21, 7]",0.9962694048881531,1617.0,1617.0,257,Richmond,fcs,Coastal Athletic,14.0,"[0, 0, 0, 14]",0.003730595111846924,,,2.4551839830768034,,,
401540079,2023,2,regular,2023-09-09T20:00:00.000Z,False,True,False,False,,6048.0,Duane Stadium,2771,Merrimack,fcs,NEC,12.0,"[3, 3, 6, 0]",0.5543259382247925,,,2329,Lehigh,fcs,Patriot,14.0,"[0, 14, 0, 0]",0.4456740617752075,,,3.8683244538237496,,,
401540279,2023,2,regular,2023-09-09T20:00:00.000Z,False,True,False,False,,3856.0,Nottingham Field,2458,Northern Colorado,fcs,Big Sky,7.0,"[0, 0, 0, 7]",0.0007955546025186777,,,2916,Incarnate Word,fcs,Southland,42.0,"[7, 14, 14, 7]",0.9992044453974813,,,1.9206511456725943,,,
401540272,2023,2,regular,2023-09-09T20:00:00.000Z,False,True,False,False,,3605.0,Alerus Center,155,North Dakota,fcs,MVFC,37.0,"[6, 7, 17, 7]",1.0,,,2464,Northern Arizona,fcs,Big Sky,22.0,"[0, 3, 6, 13]",0.0,,,2.932259394725924,,,
401553972,2023,2,regular,2023-09-09T20:00:00.000Z,False,True,False,False,,6030.0,Harms-Eischeid Stadium,389,Upper Iowa,ii,Northern Sun,45.0,[],,,,2591,St. Ambrose,,,26.0,[],,,,,,,
401540558,2023,2,regular,2023-09-09T20:00:00.000Z,False,True,False,False,,716.0,Torero Stadium,301,San Diego,fcs,Pioneer,21.0,"[0, 14, 0, 7, 0]",0.2307985686316332,,,11,Colorado Mesa,ii,Rocky Mountain,28.0,"[0, 14, 7, 0, 7]",0.7692014313683668,,,7.6737956845,,,
401540100,2023,2,regular,2023-09-09T20:00:00.000Z,False,True,False,True,,3746.0,Hanson Field,2710,Western Illinois,fcs,MVFC,18.0,"[0, 9, 0, 9]",0.11257416009902954,,,2287,Illinois State,fcs,MVFC,34.0,"[0, 13, 7, 14]",0.8874258399009705,,,5.019804647841128,,,
401540141,2023,2,regular,2023-09-09T20:00:00.000Z,False,True,False,False,,3850.0,Municipal Stadium,2065,Bethune-Cookman,fcs,SWAC,31.0,"[0, 7, 14, 10]",0.9976745707166246,,,2542,Savannah State,ii,SIAC,6.0,"[0, 3, 3, 0]",0.002325429283375424,,,2.6041876673,,,
401550470,2023,2,regular,2023-09-09T20:00:00.000Z,False,True,False,True,,6153.0,Hanson Stadium,205,Pacific (OR),iii,Northwest,9.0,"[0, 7, 2, 0]",,,,415,George Fox,iii,Northwest,14.0,"[6, 0, 6, 2]",,,,,,,
401550875,2023,2,regular,2023-09-09T20:00:00.000Z,False,True,False,True,,5920.0,Griswold Stadium,2333,Lewis & Clark,iii,Northwest,38.0,"[7, 7, 0, 24]",,,,2930,Willamette,iii,Northwest,7.0,"[0, 0, 7, 0]",,,,,,,
401550168,2023,2,regular,2023-09-09T20:00:00.000Z,False,True,False,False,,5825.0,Jake Christiansen Stadium,2152,Concordia (MN),iii,Minnesota,26.0,"[7, 6, 7, 6]",,,,2486,Pacific Lutheran,iii,Northwest,21.0,"[0, 7, 7, 7]",,,,,,,
401544890,2023,2,regular,2023-09-09T20:00:00.000Z,False,True,False,True,,4433.0,George P. Miller Stadium,2291,IU Pennsylvania,ii,Pennsylvania State Athletic,12.0,"[0, 3, 6, 3]",,,,2188,East Stroudsburg,ii,Pennsylvania State Athletic,13.0,"[7, 0, 0, 6]",,,,,,,
401532580,2023,2,regular,2023-09-09T20:00:00.000Z,False,True,False,False,22121.0,3984.0,War Memorial Stadium,2751,Wyoming,fbs,Mountain West,31.0,"[14, 7, 10, 0]",0.9321340918540955,1500.0,1500.0,2502,Portland State,fcs,Big Sky,17.0,"[0, 10, 0, 7]",0.06786590814590454,,,3.2845852652056715,,,
401547032,2023,2,regular,2023-09-09T20:00:00.000Z,False,True,False,True,,3705.0,Earl Kitchings Stadium,2206,Edward Waters,ii,SIAC,0.0,"[0, 0, 0, 0]",,,,490,Benedict,ii,SIAC,34.0,"[10, 3, 14, 7]",,,,,,,
401532578,2023,2,regular,2023-09-09T20:00:00.000Z,False,True,False,False,14224.0,3935.0,CEFCU Stadium,23,San José State,fbs,Mountain West,59.0,"[17, 21, 21, 0]",1.0,1223.0,1223.0,13,Cal Poly,fcs,Big Sky,3.0,"[0, 3, 0, 0]",0.0,,,2.1411440027374646,,,
401544087,2023,2,regular,2023-09-09T20:00:00.000Z,False,True,True,False,,,,2202,Eastern Oregon,,,28.0,"[7, 7, 0, 14]",,,,2721,Whitworth,iii,Northwest,42.0,"[0, 14, 21, 7]",,,,,,,
401531411,2023,2,regular,2023-09-09T20:00:00.000Z,False,True,False,False,38211.0,3699.0,Dowdy-Ficklen Stadium,151,East Carolina,fbs,American Athletic,13.0,"[0, 10, 3, 0]",0.11436350643634796,1481.0,1443.0,276,Marshall,fbs,Sun Belt,31.0,"[0, 10, 0, 21]",0.885636493563652,1542.0,1580.0,5.793817700828294,,,
401520184,2023,2,regular,2023-09-09T20:00:00.000Z,False,True,False,False,73173.0,3887.0,Razorback Stadium,8,Arkansas,fbs,SEC,28.0,"[7, 7, 7, 7]",0.9987026109024985,1624.0,1641.0,2309,Kent State,fbs,Mid-American,6.0,"[3, 3, 0, 0]",0.0012973890975015445,1262.0,1245.0,6.4974422908,,,
401541926,2023,2,regular,2023-09-09T20:05:00.000Z,False,True,False,False,,5783.0,McArthur Field,2848,Western Oregon,ii,Lone Star,29.0,"[13, 10, 6, 0]",,,,124179,Lincoln (CA),,,14.0,"[0, 0, 7, 7]",,,,,,,
401524004,2023,2,regular,2023-09-09T21:00:00.000Z,False,True,False,False,63128.0,3765.0,Husky Stadium,264,Washington,fbs,Pac-12,43.0,"[14, 8, 14, 7]",0.9606115818023682,1774.0,1822.0,202,Tulsa,fbs,American Athletic,10.0,"[3, 0, 0, 7]",0.039388418197631836,1418.0,1370.0,2.06887493996115,,,
401550080,2023,2,regular,2023-09-09T21:00:00.000Z,False,True,False,False,,5939.0,Cressy Field,379,UMass Dartmouth,iii,MSCAC,28.0,"[13, 0, 0, 15]",,,,40,Curry,iii,Commonwealth Coast,14.0,"[0, 0, 7, 7]",,,,,,,
401520213,2023,2,regular,2023-09-09T21:00:00.000Z,False,True,False,False,101915.0,3853.0,Neyland Stadium,2633,Tennessee,fbs,SEC,30.0,"[3, 10, 10, 7]",0.9913535714149475,1735.0,1735.0,2046,Austin Peay,fcs,UAC,13.0,"[3, 3, 0, 7]",0.00864642858505249,,,4.550903749976354,,,
401540310,2023,2,regular,2023-09-09T21:00:00.000Z,False,True,False,False,,3967.0,UNI-Dome,2460,Northern Iowa,fcs,MVFC,17.0,"[3, 14, 0, 0]",0.0,,,2692,Weber State,fcs,Big Sky,34.0,"[7, 10, 7, 10]",1.0,,,5.392366911621356,,,
401531844,2023,2,regular,2023-09-09T21:00:00.000Z,False,True,False,False,15237.0,6526.0,Hancock Whitney Stadium,6,South Alabama,fbs,Sun Belt,35.0,"[0, 7, 14, 14]",0.9552909135818481,1313.0,1313.0,2545,SE Louisiana,fcs,Southland,17.0,"[0, 7, 0, 10]",0.044709086418151855,,,4.567434537852309,,,
401525495,2023,2,regular,2023-09-09T21:15:00.000Z,False,True,False,False,50500.0,3787.0,Kenan Stadium,153,North Carolina,fbs,ACC,40.0,"[0, 10, 10, 7, 7, 6]",0.6574476361274719,1579.0,1585.0,2026,App State,fbs,Sun Belt,34.0,"[0, 10, 7, 10, 7, 0]",0.3425523638725281,1562.0,1556.0,7.532889309140544,,,
401540590,2023,2,regular,2023-09-09T21:30:00.000Z,False,True,False,False,,5400.0,William B. Greene Jr. Stadium,2193,East Tennessee State,fcs,Southern,42.0,"[14, 7, 14, 7]",,,,2105,Carson Newman,ii,South Atlantic,0.0,"[0, 0, 0, 0]",,,,,,,
401532401,2023,2,regular,2023-09-09T22:00:00.000Z,False,True,False,False,15854.0,3965.0,UB Stadium,2084,Buffalo,fbs,Mid-American,37.0,"[14, 7, 9, 7]",0.7999584417618355,1354.0,1354.0,2230,Fordham,fcs,Patriot,40.0,"[3, 17, 6, 14]",0.2000415582381645,,,9.3628657898,,,
401540047,2023,2,regular,2023-09-09T22:00:00.000Z,False,True,False,False,,3676.0,Christy Mathewson-Memorial Stadium,2083,Bucknell,fcs,Patriot,21.0,"[7, 0, 0, 14]",0.7784595489501953,,,2678,VMI,fcs,Southern,13.0,"[0, 0, 0, 13]",0.2215404510498047,,,4.89971261182383,,,
401540616,2023,2,regular,2023-09-09T22:00:00.000Z,False,True,False,False,,3998.0,Zable Stadium,2729,William & Mary,fcs,Coastal Athletic,23.0,"[7, 13, 0, 3]",0.9969382680452984,,,2747,Wofford,fcs,Southern,6.0,"[3, 3, 0, 0]",0.0030617319547016075,,,4.5142923647,,,
401520198,2023,2,regular,2023-09-09T22:00:00.000Z,False,True,False,True,20123.0,3992.0,Williams Stadium (VA),2335,Liberty,fbs,Conference USA,33.0,"[7, 16, 10, 0]",0.9744338989257812,1446.0,1465.0,166,New Mexico State,fbs,Conference USA,17.0,"[7, 10, 0, 0]",0.02556610107421875,1274.0,1255.0,4.615991568421244,,,
401540581,2023,2,regular,2023-09-09T22:00:00.000Z,False,True,False,False,,3720.0,Finley Stadium,236,Chattanooga,fcs,Southern,27.0,"[7, 10, 7, 3]",0.9314258694648743,,,338,Kennesaw State,fcs,FCS Independents,20.0,"[0, 0, 10, 10]",0.06857413053512573,,,5.714512703169015,,,
401544135,2023,2,regular,2023-09-09T22:00:00.000Z,False,True,False,False,,5910.0,Callaway Stadium,548,LaGrange,iii,USA South,3.0,"[0, 3, 0, 0]",,,,2757,Berry,iii,Southern Athletic,70.0,"[30, 14, 10, 16]",,,,,,,
401531378,2023,2,regular,2023-09-09T22:00:00.000Z,False,True,False,False,20103.0,3608.0,Allen E. Paulson Stadium,290,Georgia Southern,fbs,Sun Belt,49.0,"[14, 14, 7, 14]",0.6782563924789429,1418.0,1455.0,5,UAB,fbs,American Athletic,35.0,"[0, 22, 7, 6]",0.32174360752105713,1510.0,1473.0,5.396108810187713,,,
401540503,2023,2,regular,2023-09-09T22:00:00.000Z,False,True,False,True,,3781.0,Johnny Unitas Stadium,119,Towson,fcs,Coastal Athletic,23.0,"[10, 0, 7, 6]",0.3663932979106903,,,2405,Monmouth,fcs,Coastal Athletic,42.0,"[0, 14, 7, 21]",0.6336067020893097,,,3.013686031103134,,,
401549785,2023,2,regular,2023-09-09T22:00:00.000Z,False,True,False,False,,5799.0,Daly Field at Frank R. Campbell Stadium,2047,Averett,iii,Old Dominion,34.0,"[7, 6, 14, 7]",,,,2256,Greensboro,iii,USA South,7.0,"[0, 7, 0, 0]",,,,,,,
401540605,2023,2,regular,2023-09-09T22:00:00.000Z,False,True,False,False,,717.0,Villanova Stadium,222,Villanova,fcs,Coastal Athletic,42.0,"[14, 14, 7, 7]",0.8796250820159912,,,2142,Colgate,fcs,Patriot,19.0,"[3, 7, 3, 6]",0.12037491798400879,,,2.8150855489666413,,,
401539987,2023,2,regular,2023-09-09T22:00:00.000Z,False,True,False,False,,3620.0,Armstrong Stadium,2261,Hampton,fcs,Coastal Athletic,23.0,"[0, 9, 7, 7]",,,,2450,Norfolk State,fcs,MEAC,31.0,"[7, 7, 10, 7]",,,,,,,
401540410,2023,2,regular,2023-09-09T22:00:00.000Z,False,True,False,False,,3710.0,Ernest W. Spangler Stadium,2241,Gardner-Webb,fcs,Big South-OVC,34.0,"[3, 10, 7, 14]",,,,2210,Elon,fcs,Coastal Athletic,27.0,"[3, 0, 7, 17]",,,,,,,
401540454,2023,2,regular,2023-09-09T22:00:00.000Z,False,True,True,False,,7555.0,Wildcat Football Stadium,111756,Indiana Wesleyan,,,24.0,"[0, 17, 7, 0]",,,,2674,Valparaiso,fcs,Pioneer,22.0,"[0, 7, 6, 9]",,,,,,,
401525833,2023,2,regular,2023-09-09T22:00:00.000Z,False,True,False,False,50037.0,3842.0,Milan Puskar Stadium,277,West Virginia,fbs,Big 12,56.0,"[7, 28, 7, 14]",0.9928979873657227,1447.0,1447.0,2184,Duquesne,fcs,NEC,17.0,"[7, 3, 7, 0]",0.007102012634277344,,,3.8880469023594784,,,
401532399,2023,2,regular,2023-09-09T22:00:00.000Z,False,True,False,False,8213.0,3768.0,InfoCision Stadium,2006,Akron,fbs,Mid-American,24.0,"[3, 14, 0, 7]",0.5802868604660034,1094.0,1094.0,2415,Morgan State,fcs,MEAC,21.0,"[0, 7, 14, 0]",0.4197131395339966,,,10.09801289360701,,,
401525492,2023,2,regular,2023-09-09T22:00:00.000Z,False,True,False,False,17481.0,3982.0,Wallace Wade Stadium,150,Duke,fbs,ACC,42.0,"[7, 14, 14, 7]",0.9962701201438904,1250.0,1250.0,322,Lafayette,fcs,Patriot,7.0,"[7, 0, 0, 0]",0.003729879856109619,,,2.556892645645402,,,
401525830,2023,2,regular,2023-09-09T22:00:00.000Z,False,True,False,False,84186.0,3835.0,"Memorial Stadium (Norman, OK)",201,Oklahoma,fbs,Big 12,28.0,"[7, 7, 0, 14]",1.0,1793.0,1807.0,2567,SMU,fbs,American Athletic,11.0,"[3, 0, 0, 8]",0.0,1535.0,1521.0,4.755072357236241,,,
401552431,2023,2,regular,2023-09-09T22:00:00.000Z,False,True,False,False,,6217.0,W.C. Hawkins Stadium,2019,Allen,ii,SIAC,49.0,"[14, 21, 7, 7]",,,,127946,Columbus State,,,0.0,"[0, 0, 0, 0]",,,,,,,
401550361,2023,2,regular,2023-09-09T22:00:00.000Z,False,True,True,False,,,,101161,Lyon,,,15.0,"[9, 0, 6, 0]",,,,2056,Belhaven,iii,USA South,48.0,"[7, 21, 20, 0]",,,,,,,
401540033,2023,2,regular,2023-09-09T22:00:00.000Z,False,True,False,False,,3777.0,Joe Walton Stadium,2523,Robert Morris,fcs,Big South,31.0,"[3, 14, 7, 7]",1.0,,,2598,Saint Francis,fcs,NEC,21.0,"[0, 14, 0, 7]",0.0,,,4.876052692333141,,,
401531842,2023,2,regular,2023-09-09T22:00:00.000Z,False,True,False,True,18154.0,3918.0,S.B. Ballard Stadium,295,Old Dominion,fbs,Sun Belt,38.0,"[7, 10, 14, 7]",0.3462165594100952,1333.0,1355.0,309,Louisiana,fbs,Sun Belt,31.0,"[10, 7, 0, 14]",0.6537834405899048,1537.0,1515.0,4.966798925274547,,,
401540676,2023,2,regular,2023-09-09T22:00:00.000Z,False,True,False,False,,3813.0,"Luther ""Nick"" Jeralds Stadium",2220,Fayetteville State,ii,CIAA,10.0,"[0, 0, 7, 3]",,,,2331,Lenoir Rhyne,ii,South Atlantic,24.0,"[7, 17, 0, 0]",,,,,,,
401545811,2023,2,regular,2023-09-09T22:00:00.000Z,False,True,False,True,,6072.0,Schwan Regional Event Center,2587,Southwest Minnesota State,ii,Northern Sun,14.0,"[0, 7, 0, 7]",,,,132,Bemidji State,ii,Northern Sun,34.0,"[14, 7, 3, 10]",,,,,,,
401541024,2023,2,regular,2023-09-09T22:00:00.000Z,False,True,False,True,,4428.0,Saxon Stadium,2385,Mercyhurst,ii,Pennsylvania State Athletic,41.0,"[7, 14, 13, 7]",,,,209,Lock Haven,ii,Pennsylvania State Athletic,29.0,"[7, 3, 7, 12]",,,,,,,
401540020,2023,2,regular,2023-09-09T22:00:00.000Z,False,True,False,False,,3661.0,Bulldog Stadium,2803,Bryant,fcs,Big South-OVC,21.0,"[6, 8, 7, 0]",0.8196268081665039,,,2341,Long Island University,fcs,NEC,10.0,"[0, 0, 10, 0]",0.1803731918334961,,,5.01354082519809,,,
401549803,2023,2,regular,2023-09-09T22:00:00.000Z,False,True,False,False,,5998.0,Monarch Stadium,291,Methodist,iii,USA South,21.0,"[0, 6, 7, 8]",,,,2258,Guilford,iii,Old Dominion,39.0,"[13, 19, 7, 0]",,,,,,,
401550074,2023,2,regular,2023-09-09T22:00:00.000Z,False,True,False,False,,5930.0,Carl W. Burt Memorial Stadium,2362,Manchester,iii,Heartland,0.0,"[0, 0, 0, 0]",,,,2800,Alma,iii,Michigan,68.0,"[22, 19, 21, 6]",,,,,,,
401550323,2023,2,regular,2023-09-09T22:00:00.000Z,False,True,False,False,,5843.0,W.B. Adams Stadium,366,Ferrum,iii,Old Dominion,34.0,"[7, 3, 21, 3]",,,,286,North Carolina Wesleyan,iii,USA South,0.0,"[0, 0, 0, 0]",,,,,,,
401541064,2023,2,regular,2023-09-09T22:00:00.000Z,False,True,False,False,,5805.0,Alumni Field (OH),2074,Bluffton,iii,Heartland,20.0,"[6, 6, 8, 0]",,,,2790,Albion,iii,Michigan,42.0,"[14, 14, 7, 7]",,,,,,,
401547186,2023,2,regular,2023-09-09T22:00:00.000Z,False,True,False,False,,5124.0,Homewood Field,118,Johns Hopkins,iii,Centennial,20.0,"[0, 14, 6, 0]",,,,3112,Christopher Newport,iii,New Jersey,14.0,"[7, 0, 0, 7]",,,,,,,
401540991,2023,2,regular,2023-09-09T22:00:00.000Z,False,True,False,True,,5785.0,Dickerson Stadium,2707,West Virginia State,ii,Mountain East,37.0,"[3, 14, 10, 10]",,,,2882,UNC Pembroke,ii,Mountain East,35.0,"[14, 7, 7, 7]",,,,,,,
401540803,2023,2,regular,2023-09-09T22:00:00.000Z,False,True,False,False,,3885.0,Harvey Randall Wickes Memorial Stadium,129,Saginaw Valley State,ii,GLIAC,31.0,"[7, 3, 14, 7]",,,,2886,Northwood,ii,Great Midwest Athletic,8.0,"[0, 0, 0, 8]",,,,,,,
401531419,2023,2,regular,2023-09-09T22:00:00.000Z,False,True,False,False,17934.0,3715.0,FAU Stadium,2226,Florida Atlantic,fbs,American Athletic,10.0,"[0, 10, 0, 0]",0.4269009530544281,1424.0,1415.0,195,Ohio,fbs,Mid-American,17.0,"[0, 7, 7, 3]",0.5730990469455719,1473.0,1482.0,5.432443199529335,,,
401540116,2023,2,regular,2023-09-09T22:00:00.000Z,False,True,False,False,,4582.0,Hornet Stadium,2011,Alabama State,fcs,SWAC,17.0,"[7, 7, 3, 0]",0.11682393920440234,,,2396,Miles,ii,SIAC,21.0,"[0, 7, 0, 14]",0.8831760607955976,,,6.5819175836,,,
401547006,2023,2,regular,2023-09-09T22:00:00.000Z,False,True,False,False,,5122.0,Shuford Stadium,2107,Catawba,ii,South Atlantic,55.0,"[7, 14, 20, 14]",,,,2940,Livingstone,ii,CIAA,15.0,"[2, 7, 0, 6]",,,,,,,
401545967,2023,2,regular,2023-09-09T22:00:00.000Z,False,True,False,True,,4430.0,Mihalik-Thompson Stadium,215,Slippery Rock,ii,Pennsylvania State Athletic,49.0,"[28, 7, 7, 7]",,,,223,West Chester,ii,Pennsylvania State Athletic,24.0,"[7, 7, 3, 7]",,,,,,,
401541865,2023,2,regular,2023-09-09T22:00:00.000Z,False,True,False,False,,5867.0,Albany State University Coliseum,2013,Albany State,ii,SIAC,16.0,"[0, 10, 0, 6]",,,,2673,Valdosta State,ii,Gulf South,21.0,"[7, 0, 14, 0]",,,,,,,
401549698,2023,2,regular,2023-09-09T22:30:00.000Z,False,True,False,True,,5876.0,Bentley University Football Stadium,2060,Bentley,ii,Northeast 10,13.0,"[3, 3, 7, 0]",,,,2441,New Haven,ii,Northeast 10,14.0,"[0, 7, 7, 0]",,,,,,,
401520189,2023,2,regular,2023-09-09T22:30:00.000Z,False,True,False,False,15754.0,218.0,FIU Stadium,2229,Florida International,fbs,Conference USA,46.0,"[7, 10, 21, 8]",0.9662132859230042,1074.0,1101.0,249,North Texas,fbs,American Athletic,39.0,"[10, 10, 7, 12]",0.03378671407699585,1357.0,1330.0,11.096244129794472,,,
401525496,2023,2,regular,2023-09-09T22:30:00.000Z,False,True,False,False,49398.0,3752.0,Acrisure Stadium,221,Pittsburgh,fbs,ACC,21.0,"[7, 0, 0, 14]",0.0,1624.0,1613.0,2132,Cincinnati,fbs,Big 12,27.0,"[10, 10, 7, 0]",1.0,1626.0,1637.0,5.11923347856058,,,
401540346,2023,2,regular,2023-09-09T23:00:00.000Z,False,True,False,False,,3748.0,Graham Stadium,2630,UT Martin,fcs,Big South-OVC,38.0,"[17, 7, 0, 14]",0.6305400133132935,,,2623,Missouri State,fcs,MVFC,31.0,"[7, 0, 7, 17]",0.36945998668670654,,,6.837666736411087,,,
401520187,2023,2,regular,2023-09-09T23:00:00.000Z,False,True,False,False,16006.0,3654.0,Brooks Stadium (SC),324,Coastal Carolina,fbs,Sun Belt,30.0,"[7, 3, 13, 7]",0.8348190784454346,1387.0,1425.0,55,Jacksonville State,fbs,Conference USA,16.0,"[6, 3, 0, 7]",0.16518092155456543,1499.0,1461.0,4.367462371946549,,,
401520218,2023,2,regular,2023-09-09T23:00:00.000Z,False,True,False,False,20712.0,3796.0,Houchens Industries-L.T. Smith Stadium,98,Western Kentucky,fbs,Conference USA,52.0,"[24, 7, 7, 14]",0.9306677223093426,1700.0,1700.0,2277,Houston Christian,fcs,Southland,22.0,"[0, 14, 0, 8]",0.06933227769065742,,,3.2047758412,,,
401525827,2023,2,regular,2023-09-09T23:00:00.000Z,False,True,False,False,36447.0,3653.0,Albertsons Stadium,68,Boise State,fbs,Mountain West,16.0,"[7, 3, 0, 6]",0.1509566754102707,1540.0,1544.0,2116,UCF,fbs,Big 12,18.0,"[3, 6, 0, 9]",0.8490433245897293,1668.0,1664.0,5.813919467286331,,,
401540566,2023,2,regular,2023-09-09T23:00:00.000Z,False,True,False,False,,4416.0,Spec Martin Municipal Stadium,56,Stetson,fcs,Pioneer,38.0,"[21, 14, 3, 0]",,,,2691,Webber International,,,28.0,"[0, 7, 0, 21]",,,,,,,
401540513,2023,2,regular,2023-09-09T23:00:00.000Z,False,True,False,False,,3701.0,Drake Stadium,2181,Drake,fcs,Pioneer,24.0,"[0, 14, 0, 7, 3]",0.6973087787628174,,,2471,Northwestern (IA),,,27.0,"[3, 7, 3, 8, 6]",0.3026912212371826,,,8.640247141835374,,,
401550180,2023,2,regular,2023-09-09T23:00:00.000Z,False,True,False,False,,6082.0,Big Cat Stadium,2399,Minnesota Morris,iii,Upper Midwest,28.0,"[7, 7, 7, 7]",,,,162,Hamline,iii,Minnesota,49.0,"[14, 7, 7, 21]",,,,,,,
401540776,2023,2,regular,2023-09-09T23:00:00.000Z,False,True,False,True,,5871.0,Convoy Leslie Cotton Boll Stadium,2028,Arkansas Monticello,ii,Great American,58.0,"[19, 6, 20, 13]",,,,2927,Southwestern Oklahoma State,ii,Great American,21.0,"[0, 0, 7, 14]",,,,,,,
401540718,2023,2,regular,2023-09-09T23:00:00.000Z,False,True,False,True,,5870.0,Thone Stadium at Buerkle Field,2033,Arkansas Tech,ii,Great American,31.0,"[14, 3, 7, 7]",,,,200,Southern Nazarene,ii,Great American,38.0,"[7, 7, 9, 15]",,,,,,,
401540160,2023,2,regular,2023-09-09T23:00:00.000Z,False,True,False,True,,3599.0,Ace W. Mumford Stadium,2582,Southern,fcs,SWAC,14.0,"[7, 0, 0, 7]",,,,2296,Jackson State,fcs,SWAC,27.0,"[0, 13, 7, 7]",,,,,,,
401520197,2023,2,regular,2023-09-09T23:00:00.000Z,False,True,False,False,19152.0,3776.0,Joe Aillet Stadium,2348,Louisiana Tech,fbs,Conference USA,51.0,"[10, 21, 20, 0]",0.9893025159835815,1257.0,1257.0,2466,Northwestern State,fcs,Southland,21.0,"[7, 7, 7, 0]",0.010697484016418457,,,3.7824353125817605,,,
401540133,2023,2,regular,2023-09-09T23:00:00.000Z,False,True,True,False,,3805.0,Simmons Bank Liberty Stadium,2634,Tennessee State,fcs,Big South-OVC,24.0,"[7, 7, 3, 7]",,,,2029,Arkansas-Pine Bluff,fcs,SWAC,14.0,"[0, 0, 0, 14]",,,,,,,
401547213,2023,2,regular,2023-09-09T23:00:00.000Z,False,True,False,False,,5815.0,Schneider Stadium,32,Carroll (WI),iii,CCIW,51.0,"[14, 13, 7, 17]",,,,2741,Wisconsin Lutheran,iii,NACC,7.0,"[7, 0, 0, 0]",,,,,,,
401547149,2023,2,regular,2023-09-09T23:00:00.000Z,False,True,False,False,,6132.0,Trinity University Stadium,386,Trinity (TX),iii,Southern Athletic,35.0,"[14, 7, 7, 7]",,,,2371,Mary Hardin Baylor,iii,American Southwest,16.0,"[0, 16, 0, 0]",,,,,,,
401540494,2023,2,regular,2023-09-09T23:00:00.000Z,False,True,False,True,,7003.0,Houck Field,2546,Southeast Missouri State,fcs,Big South-OVC,45.0,"[17, 21, 0, 7]",0.9926841259002686,,,2815,Lindenwood,fcs,Big South-OVC,7.0,"[0, 0, 0, 7]",0.007315874099731445,,,2.5042458174307534,,,
401551918,2023,2,regular,2023-09-09T23:00:00.000Z,False,True,False,False,,3717.0,Edwin Fauver Stadium,184,Rochester (NY),iii,Liberty League,49.0,"[14, 21, 0, 14]",,,,3162,Alfred State,iii,ECFC,7.0,"[0, 0, 0, 7]",,,,,,,
401547141,2023,2,regular,2023-09-09T23:00:00.000Z,False,True,False,False,,5857.0,Gordon Wood Stadium,2758,Howard Payne,iii,American Southwest,42.0,"[7, 7, 14, 14]",,,,2904,Nelson (TX),,,10.0,"[0, 0, 3, 7]",,,,,,,
401539994,2023,2,regular,2023-09-09T23:00:00.000Z,False,True,False,False,,3603.0,Aggie Stadium,2448,North Carolina A&T,fcs,Coastal Athletic,16.0,"[0, 16, 0, 0]",0.0,,,2428,North Carolina Central,fcs,MEAC,30.0,"[7, 10, 6, 7]",1.0,,,4.711901795907343,,,
401520192,2023,2,regular,2023-09-09T23:00:00.000Z,False,True,False,False,15186.0,4246.0,Center Parc Stadium,2247,Georgia State,fbs,Sun Belt,35.0,"[7, 14, 7, 7]",0.9770104289054871,1490.0,1517.0,41,UConn,fbs,FBS Independents,14.0,"[0, 0, 0, 14]",0.02298957109451294,1264.0,1237.0,2.773731152149321,,,
401549759,2023,2,regular,2023-09-09T23:00:00.000Z,False,True,False,False,,3915.0,Charles Lee Field at Samford Stadium,2938,Huntingdon,iii,USA South,16.0,"[0, 7, 2, 7]",,,,3,Birmingham-Southern,iii,Southern Athletic,0.0,"[0, 0, 0, 0]",,,,,,,
401540266,2023,2,regular,2023-09-09T23:00:00.000Z,False,True,False,False,,5237.0,Dana J. Dykhouse Stadium,2571,South Dakota State,fcs,MVFC,20.0,"[0, 0, 7, 13]",0.7150974273681641,,,147,Montana State,fcs,Big Sky,16.0,"[7, 3, 0, 6]",0.28490257263183594,,,5.920255876857999,,,
401525831,2023,2,regular,2023-09-09T23:00:00.000Z,False,True,False,False,23425.0,3895.0,Rice Stadium,242,Rice,fbs,American Athletic,43.0,"[21, 7, 0, 0, 7, 8]",0.9734036922454834,1194.0,1199.0,248,Houston,fbs,Big 12,41.0,"[0, 7, 0, 21, 7, 6]",0.0265963077545166,1580.0,1575.0,4.838451928161532,,,
401540125,2023,2,regular,2023-09-09T23:00:00.000Z,False,True,False,False,,3756.0,Homer Bryce Stadium,2617,Stephen F. Austin,fcs,UAC,38.0,"[5, 10, 2, 21]",0.7113524079322815,,,2016,Alcorn State,fcs,SWAC,10.0,"[0, 10, 0, 0]",0.2886475920677185,,,5.281381588172703,,,
401540085,2023,2,regular,2023-09-09T23:00:00.000Z,False,True,False,False,,3809.0,Louis Crews Stadium,2010,Alabama A&M,fcs,SWAC,51.0,"[14, 0, 21, 16]",0.9983975589767446,,,2323,Lane College,ii,SIAC,13.0,"[0, 7, 0, 6]",0.001602441023255352,,,4.4719256064,,,
401524002,2023,2,regular,2023-09-09T23:00:00.000Z,False,True,False,False,56200.0,3784.0,Jones AT&T Stadium,2641,Texas Tech,fbs,Big 12,30.0,"[7, 6, 14, 3]",0.03921138122677803,1585.0,1575.0,2483,Oregon,fbs,Pac-12,38.0,"[15, 3, 0, 20]",0.960788618773222,1649.0,1659.0,8.512608128625141,,,
401534850,2023,2,regular,2023-09-09T23:00:00.000Z,False,True,False,False,,3990.0,William H. Greene Stadium,47,Howard,fcs,MEAC,65.0,"[22, 22, 14, 7]",0.9985259077295268,,,60,Morehouse,ii,SIAC,19.0,"[7, 5, 0, 7]",0.0014740922704732373,,,2.834577305,,,
401520206,2023,2,regular,2023-09-09T23:00:00.000Z,False,True,False,False,57645.0,3838.0,Memorial Stadium,142,Missouri,fbs,SEC,23.0,"[3, 7, 6, 7]",0.8048872351646423,1480.0,1479.0,2393,Middle Tennessee,fbs,Conference USA,19.0,"[0, 7, 3, 9]",0.19511276483535767,1340.0,1341.0,4.585190162152191,,,
401520183,2023,2,regular,2023-09-09T23:00:00.000Z,False,True,False,False,100077.0,3657.0,Bryant-Denny Stadium,333,Alabama,fbs,SEC,24.0,"[0, 6, 10, 8]",0.03577952831983566,2029.0,1984.0,251,Texas,fbs,Big 12,34.0,"[3, 10, 0, 21]",0.9642204716801643,1776.0,1821.0,6.574196239443171,,,
401540528,2023,2,regular,2023-09-09T23:00:00.000Z,False,True,False,False,,4417.0,Five Star Stadium at the Moye Complex,2382,Mercer,fcs,Southern,48.0,"[14, 7, 9, 18]",0.9812757968902588,,,2413,Morehead State,fcs,Pioneer,22.0,"[3, 12, 7, 0]",0.01872420310974121,,,3.669229137000036,,,
401547108,2023,2,regular,2023-09-09T23:00:00.000Z,False,True,False,False,,5836.0,Chalmers Field,49,Dubuque,iii,American Rivers,19.0,"[0, 7, 6, 6]",,,,272,Wisconsin Platteville,iii,Wisconsin,35.0,"[7, 14, 7, 7]",,,,,,,
401541890,2023,2,regular,2023-09-09T23:00:00.000Z,False,True,False,False,,5869.0,LeGrand Stadium at 1st Community Credit Union Field,2025,Angelo State,ii,Lone Star,21.0,"[7, 7, 0, 7]",,,,2146,Colorado School of Mines,ii,Rocky Mountain,31.0,"[0, 3, 7, 21]",,,,,,,
401547081,2023,2,regular,2023-09-09T23:00:00.000Z,False,True,False,False,,5809.0,J. Leslie Rollins Stadium,63,Buena Vista,iii,American Rivers,16.0,"[7, 9, 0, 0]",,,,6353,Lakeland,iii,NACC,34.0,"[13, 6, 7, 8]",,,,,,,
401550254,2023,2,regular,2023-09-09T23:00:00.000Z,False,True,False,False,,5834.0,Deeds Field-Piper Stadium,2171,Denison,iii,North Coast,14.0,"[7, 0, 7, 0]",,,,203,Linfield,iii,Northwest,28.0,"[0, 21, 7, 0]",,,,,,,
401540167,2023,2,regular,2023-09-09T23:00:00.000Z,False,True,False,False,,5238.0,Panther Stadium,2504,Prairie View A&M,fcs,SWAC,16.0,"[7, 0, 0, 9]",0.1045579258156074,,,2000,Abilene Christian,fcs,UAC,45.0,"[21, 10, 14, 0]",0.8954420741843926,,,2.030093238,,,
401541761,2023,2,regular,2023-09-09T23:00:00.000Z,False,True,False,True,,3875.0,Paul Laird Field,199,Southeastern Oklahoma State,ii,Great American,28.0,"[14, 7, 7, 0]",,,,2271,Henderson State,ii,Great American,38.0,"[7, 7, 3, 21]",,,,,,,
401541768,2023,2,regular,2023-09-09T23:00:00.000Z,False,True,False,True,,6065.0,Cliff Harris Stadium,2888,Ouachita Baptist,ii,Great American,66.0,"[35, 10, 7, 14]",,,,2823,Northwestern (OK),ii,Great American,0.0,"[0, 0, 0, 0]",,,,,,,
401540746,2023,2,regular,2023-09-09T23:00:00.000Z,False,True,False,False,,3811.0,Lubbers Stadium,125,Grand Valley State,ii,GLIAC,57.0,"[14, 21, 0, 7, 7, 8]",,,,2570,CSU Pueblo,ii,Rocky Mountain,49.0,"[0, 21, 7, 14, 7, 0]",,,,,,,
401545707,2023,2,regular,2023-09-09T23:00:00.000Z,False,True,False,True,,5121.0,University of Charleston Stadium,2128,Charleston (WV),ii,Mountain East,54.0,"[13, 28, 7, 6]",,,,2148,Concord,ii,Mountain East,14.0,"[0, 0, 14, 0]",,,,,,,
401546999,2023,2,regular,2023-09-09T23:00:00.000Z,False,True,False,False,,3926.0,Setzler Field,2444,Newberry,ii,South Atlantic,14.0,"[0, 7, 0, 7]",,,,2822,North Greenville,ii,Gulf South,24.0,"[14, 3, 7, 0]",,,,,,,
401555473,2023,2,regular,2023-09-09T23:00:00.000Z,False,True,True,True,,7513.0,O'Hara Field,127954,Eastern,iii,Mid Atlantic,30.0,"[7, 9, 0, 14]",,,,111674,Alvernia,iii,Mid Atlantic,23.0,"[6, 7, 10, 0]",,,,,,,
401540201,2023,2,regular,2023-09-09T23:00:00.000Z,False,True,False,True,,3827.0,"Memorial Stadium (Stephenville, TX)",2627,Tarleton State,fcs,UAC,52.0,"[14, 3, 21, 14]",,,,2453,North Alabama,fcs,UAC,31.0,"[14, 14, 3, 0]",,,,,,,
401545843,2023,2,regular,2023-09-09T23:00:00.000Z,False,True,False,True,,3641.0,Blakeslee Stadium,2364,Minnesota State,ii,Northern Sun,31.0,"[7, 14, 7, 3]",,,,2844,Wayne State (NE),ii,Northern Sun,14.0,"[0, 7, 7, 0]",,,,,,,
401545828,2023,2,regular,2023-09-09T23:00:00.000Z,False,True,False,True,,3951.0,Swisher Field,425,Northern State,ii,Northern Sun,21.0,"[7, 7, 0, 7]",,,,134,Minnesota Duluth,ii,Northern Sun,41.0,"[21, 14, 0, 6]",,,,,,,
401532576,2023,2,regular,2023-09-09T23:00:00.000Z,False,True,False,False,19852.0,3816.0,Mackay Stadium,2440,Nevada,fbs,Mountain West,6.0,"[3, 3, 0, 0]",0.01783553883433342,1405.0,1405.0,70,Idaho,fcs,Big Sky,33.0,"[14, 3, 10, 6]",0.9821644611656666,,,3.3504080244065046,,,
401531427,2023,2,regular,2023-09-09T23:00:00.000Z,False,True,False,False,18724.0,3625.0,Centennial Bank Stadium,2032,Arkansas State,fbs,Sun Belt,3.0,"[0, 3, 0, 0]",0.007382897660136223,1071.0,1032.0,235,Memphis,fbs,American Athletic,37.0,"[3, 21, 7, 6]",0.9926171023398638,1545.0,1584.0,4.001809512997599,,,
401531422,2023,2,regular,2023-09-09T23:00:00.000Z,False,True,False,False,36495.0,3886.0,Raymond James Stadium,58,South Florida,fbs,American Athletic,38.0,"[14, 10, 7, 7]",0.8421956896781921,1268.0,1268.0,50,Florida A&M,fcs,SWAC,24.0,"[7, 7, 3, 7]",0.15780431032180786,,,4.2368160090014895,,,
401552542,2023,2,regular,2023-09-09T23:00:00.000Z,False,True,False,True,,5868.0,Ronald J. Abdow Field,2022,American International,ii,Northeast 10,27.0,"[14, 6, 0, 7]",,,,112334,Franklin Pierce,ii,Northeast 10,24.0,"[7, 10, 0, 7]",,,,,,,
401541802,2023,2,regular,2023-09-09T23:00:00.000Z,False,True,False,False,,3770.0,Jack Miller Stadium,308,Ashland,ii,Great Midwest Athletic,28.0,"[7, 14, 7, 0]",,,,2222,Ferris State,ii,GLIAC,38.0,"[0, 10, 14, 14]",,,,,,,
401550095,2023,2,regular,2023-09-09T23:00:00.000Z,False,True,False,False,,6130.0,Fred Zollner Athletic Stadium,2651,Trine,iii,Michigan,28.0,"[0, 7, 21, 0]",,,,86,Rose Hulman,iii,Heartland,30.0,"[14, 10, 6, 0]",,,,,,,
401541966,2023,2,regular,2023-09-09T23:00:00.000Z,False,True,False,False,,6045.0,Dwight T. Reed Stadium,2876,Lincoln (MO),ii,Independent DII,14.0,"[0, 7, 7, 0]",,,,137,Missouri Western,ii,Mid America,68.0,"[10, 37, 14, 7]",,,,,,,
401540183,2023,2,regular,2023-09-09T23:00:00.000Z,False,True,False,False,,3711.0,Estes Stadium,2110,Central Arkansas,fcs,UAC,70.0,"[35, 14, 21, 0]",0.9868155717849731,,,2637,Texas College,,,2.0,"[0, 0, 0, 2]",0.013184428215026855,,,3.576037979544738,,,
401520199,2023,2,regular,2023-09-09T23:30:00.000Z,False,True,False,False,97735.0,3958.0,Tiger Stadium (LA),99,LSU,fbs,SEC,72.0,"[14, 28, 14, 16]",0.970504879951477,1484.0,1484.0,2755,Grambling,fcs,SWAC,10.0,"[10, 0, 0, 0]",0.02949512004852295,,,2.792762146045012,,,
401520190,2023,2,regular,2023-09-09T23:30:00.000Z,False,True,False,False,88163.0,3634.0,Ben Hill Griffin Stadium,57,Florida,fbs,SEC,49.0,"[13, 13, 16, 7]",0.996726930141449,1558.0,1558.0,2377,McNeese,fcs,Southland,7.0,"[0, 0, 0, 7]",0.0032730698585510254,,,1.836958622092549,,,
401520210,2023,2,regular,2023-09-09T23:30:00.000Z,False,True,False,False,45317.0,6577.0,SHI Stadium,164,Rutgers,fbs,Big Ten,36.0,"[7, 6, 0, 23]",0.9956041574478149,1330.0,1399.0,218,Temple,fbs,American Athletic,7.0,"[0, 0, 0, 7]",0.004395842552185059,1263.0,1194.0,2.87375730838849,,,
401520200,2023,2,regular,2023-09-09T23:30:00.000Z,False,True,False,False,32804.0,3665.0,SECU Stadium,120,Maryland,fbs,Big Ten,38.0,"[0, 9, 8, 21]",0.990609884262085,1596.0,1602.0,2429,Charlotte,fbs,American Athletic,20.0,"[14, 0, 0, 6]",0.009390115737915039,1220.0,1214.0,4.019672326139634,,,
401520212,2023,2,regular,2023-09-09T23:30:00.000Z,False,True,False,False,78281.0,3994.0,Williams-Brice Stadium,2579,South Carolina,fbs,SEC,47.0,"[7, 20, 13, 7]",0.9605110287666321,1459.0,1459.0,231,Furman,fcs,Southern,21.0,"[7, 7, 0, 7]",0.03948897123336792,,,4.43057509821862,,,
401520217,2023,2,regular,2023-09-09T23:30:00.000Z,False,True,False,False,33024.0,3820.0,Gesa Field,265,Washington State,fbs,Pac-12,31.0,"[7, 17, 0, 7]",0.9558188319206238,1602.0,1621.0,275,Wisconsin,fbs,Big Ten,22.0,"[3, 6, 13, 0]",0.04418116807937622,1665.0,1646.0,4.419189641788866,,,
401524001,2023,2,regular,2023-09-09T23:30:00.000Z,False,True,False,False,32017.0,7311.0,Snapdragon Stadium,21,San Diego State,fbs,Mountain West,10.0,"[7, 3, 0, 0]",0.024450259283185005,1497.0,1446.0,26,UCLA,fbs,Pac-12,35.0,"[7, 21, 7, 0]",0.975549740716815,1631.0,1682.0,3.3270753666547748,,,
401520205,2023,2,regular,2023-09-09T23:30:00.000Z,False,True,False,False,51648.0,3693.0,Davis Wade Stadium,344,Mississippi State,fbs,SEC,31.0,"[14, 0, 7, 3, 7]",0.9436410665512085,1629.0,1627.0,12,Arizona,fbs,Pac-12,24.0,"[0, 7, 7, 10, 0]",0.056358933448791504,1416.0,1418.0,5.674132282804362,,,
401520204,2023,2,regular,2023-09-09T23:30:00.000Z,False,True,False,False,48101.0,3953.0,Huntington Bank Stadium,135,Minnesota,fbs,Big Ten,25.0,"[0, 10, 10, 5]",0.9390003681182861,1671.0,1691.0,2199,Eastern Michigan,fbs,Mid-American,6.0,"[0, 6, 0, 0]",0.06099963188171387,1433.0,1413.0,3.0296120785115632,,,
401541882,2023,2,regular,2023-09-10T00:00:00.000Z,False,True,False,False,,6076.0,Javelina Stadium,2658,Texas A&M-Kingsville,ii,Lone Star,20.0,"[0, 13, 0, 7]",,,,2698,West Georgia,ii,Gulf South,17.0,"[3, 0, 7, 7]",,,,,,,
401532579,2023,2,regular,2023-09-10T00:00:00.000Z,False,True,False,False,20034.0,3905.0,Maverik Stadium,328,Utah State,fbs,Mountain West,78.0,"[7, 44, 14, 13]",0.9909796118736267,1553.0,1553.0,304,Idaho State,fcs,Big Sky,28.0,"[7, 7, 7, 7]",0.009020388126373291,,,2.9608954550346227,,,
401531843,2023,2,regular,2023-09-10T00:00:00.000Z,False,True,False,False,13154.0,3817.0,Malone Stadium,2433,UL Monroe,fbs,Sun Belt,24.0,"[7, 14, 0, 3]",0.6389737725257874,1221.0,1221.0,2320,Lamar,fcs,Southland,14.0,"[0, 0, 0, 14]",0.36102622747421265,,,2.644028048235386,,,
401532577,2023,2,regular,2023-09-10T00:00:00.000Z,False,True,False,False,17279.0,3971.0,University Stadium (NM),167,New Mexico,fbs,Mountain West,56.0,"[7, 21, 21, 7]",0.9920523166656494,1146.0,1146.0,2635,Tennessee Tech,fcs,Big South-OVC,10.0,"[7, 3, 0, 0]",0.007947683334350586,,,3.1213902302494914,,,
401541044,2023,2,regular,2023-09-10T00:00:00.000Z,False,True,False,False,,6118.0,Birkelbach Field,2588,Southwestern U,iii,Southern Athletic,7.0,"[0, 0, 7, 0]",,,,2639,Texas Lutheran,iii,American Southwest,39.0,"[14, 7, 8, 10]",,,,,,,
401520211,2023,2,regular,2023-09-10T00:00:00.000Z,False,True,True,False,25121.0,3891.0,NRG Stadium,2534,Sam Houston,fbs,Conference USA,3.0,"[0, 0, 3, 0]",0.49163419008255005,1473.0,1474.0,2005,Air Force,fbs,Mountain West,13.0,"[0, 3, 0, 10]",0.50836580991745,1678.0,1677.0,3.878075987344284,,,
401525832,2023,2,regular,2023-09-10T00:00:00.000Z,False,True,False,False,45010.0,3616.0,Amon G. Carter Stadium,2628,TCU,fbs,Big 12,41.0,"[14, 10, 0, 17]",0.8993260264396667,1428.0,1428.0,2447,Nicholls,fcs,Southland,6.0,"[0, 3, 3, 0]",0.10067397356033325,,,7.210022325514886,,,
401541913,2023,2,regular,2023-09-10T00:00:00.000Z,False,True,False,False,,5884.0,Buffalo Stadium,2704,West Texas,ii,Lone Star,28.0,"[7, 7, 7, 7]",,,,2001,Adams State,ii,Rocky Mountain,7.0,"[0, 0, 7, 0]",,,,,,,
401550406,2023,2,regular,2023-09-10T00:00:00.000Z,False,True,False,False,,5838.0,Ornelas Stadium,2194,East Texas Baptist,iii,American Southwest,38.0,"[0, 7, 21, 10]",,,,418,Hendrix,iii,Southern Athletic,37.0,"[10, 21, 0, 6]",,,,,,,
401540981,2023,2,regular,2023-09-10T00:00:00.000Z,False,True,False,False,,6049.0,"Memorial Stadium (Wichita Falls, TX)",2395,Midwestern State,ii,Lone Star,30.0,[],,,,2401,Mississippi College,ii,Gulf South,17.0,[],,,,,,,
401541973,2023,2,regular,2023-09-10T00:00:00.000Z,False,True,False,True,,6057.0,Ron & Carol Cope Stadium at Foster Field,2438,Nebraska Kearney,ii,Mid America,31.0,"[7, 10, 7, 7]",,,,196,Northeastern State,ii,Mid America,17.0,"[7, 0, 7, 3]",,,,,,,
401541752,2023,2,regular,2023-09-10T00:00:00.000Z,False,True,False,True,,5885.0,First Security Stadium,2264,Harding,ii,Great American,49.0,"[14, 14, 7, 14]",,,,319,Oklahoma Baptist,ii,Great American,10.0,"[0, 10, 0, 0]",,,,,,,
401525493,2023,2,regular,2023-09-10T00:30:00.000Z,False,True,False,False,74467.0,3697.0,Doak Campbell Stadium,52,Florida State,fbs,ACC,66.0,"[14, 17, 21, 14]",0.9801426529884338,1792.0,1895.0,2572,Southern Miss,fbs,Sun Belt,13.0,"[0, 3, 7, 3]",0.019857347011566162,1370.0,1267.0,2.3665983955819043,,,
401524000,2023,2,regular,2023-09-10T01:00:00.000Z,False,True,False,False,35728.0,3893.0,Reser Stadium,204,Oregon State,fbs,Pac-12,55.0,"[14, 24, 10, 7]",0.9923451542854309,1599.0,1599.0,302,UC Davis,fcs,Big Sky,7.0,"[0, 0, 0, 7]",0.007654845714569092,,,1.9998759100949062,,,
401540220,2023,2,regular,2023-09-10T01:00:00.000Z,False,True,False,False,,3745.0,Greater Zion Stadium,3101,Utah Tech,fcs,UAC,13.0,"[0, 0, 0, 13]",0.0,,,149,Montana,fcs,Big Sky,43.0,"[14, 22, 7, 0]",1.0,,,3.0063293380599596,,,
401532574,2023,2,regular,2023-09-10T01:00:00.000Z,False,True,False,False,41031.0,3660.0,Valley Children's Stadium,278,Fresno State,fbs,Mountain West,34.0,"[7, 7, 7, 3, 7, 3]",0.849270761013031,1600.0,1600.0,331,Eastern Washington,fcs,Big Sky,31.0,"[3, 0, 14, 7, 7, 0]",0.150729238986969,,,7.478796166909928,,,
401546005,2023,2,regular,2023-09-10T01:00:00.000Z,False,True,True,False,,7496.0,ACU Football Field,108358,Phoenix,,,49.0,"[14, 0, 7, 28]",,,,2237,Fort Lewis,ii,Rocky Mountain,25.0,"[0, 3, 10, 12]",,,,,,,
401540286,2023,2,regular,2023-09-10T02:00:00.000Z,False,True,False,False,,3757.0,Hornet Stadium,16,Sacramento State,fcs,Big Sky,34.0,"[10, 17, 7, 0]",0.9933295845985413,,,2837,East Texas A&M,fcs,Southland,6.0,"[0, 6, 0, 0]",0.00667041540145874,,,1.6180852980000446,,,
401524003,2023,2,regular,2023-09-10T02:30:00.000Z,False,True,False,True,67213.0,477.0,Los Angeles Memorial Coliseum,30,USC,fbs,Pac-12,56.0,"[21, 28, 0, 7]",0.9872803688049316,1817.0,1891.0,24,Stanford,fbs,Pac-12,10.0,"[0, 3, 0, 7]",0.01271963119506836,1345.0,1271.0,1.952229800576618,,,
401520186,2023,2,regular,2023-09-10T02:30:00.000Z,False,True,False,False,44141.0,3831.0,California Memorial Stadium,25,California,fbs,Pac-12,10.0,"[3, 7, 0, 0]",0.18454720079898834,1552.0,1551.0,2,Auburn,fbs,SEC,14.0,"[0, 7, 0, 7]",0.8154527992010117,1638.0,1639.0,5.582624721623181,,,
401523998,2023,2,regular,2023-09-10T02:30:00.000Z,False,True,False,False,42569.0,3947.0,Mountain America Stadium,9,Arizona State,fbs,Pac-12,15.0,"[7, 8, 0, 0]",0.04786846041679382,1464.0,1444.0,197,Oklahoma State,fbs,Big 12,27.0,"[0, 10, 7, 10]",0.9521315395832062,1530.0,1550.0,4.542219964328377,,,
401532575,2023,2,regular,2023-09-10T03:59:00.000Z,False,True,False,False,9485.0,7220.0,Clarence T.C. Ching Athletics Complex,62,Hawai'i,fbs,Mountain West,31.0,"[10, 7, 7, 7]",0.6254602074623108,1380.0,1380.0,399,UAlbany,fcs,Coastal Athletic,20.0,"[7, 10, 3, 0]",0.3745397925376892,,,5.759108739577504,,,
401525499,2023,3,regular,2023-09-14T23:30:00.000Z,False,True,False,False,40077.0,3948.0,Hard Rock Stadium,2390,Miami,fbs,ACC,48.0,"[14, 20, 7, 7]",0.9915528893470764,1659.0,1659.0,2065,Bethune-Cookman,fcs,SWAC,7.0,"[0, 0, 0, 7]",0.008447110652923584,,,2.355712910359568,,,
401531428,2023,3,regular,2023-09-14T23:30:00.000Z,False,True,False,True,25551.0,3805.0,Simmons Bank Liberty Stadium,235,Memphis,fbs,American Athletic,28.0,"[7, 7, 7, 7]",0.8769708871841431,1584.0,1581.0,2426,Navy,fbs,American Athletic,24.0,"[14, 0, 7, 3]",0.12302911281585693,1385.0,1388.0,6.1800932851869135,,,
401552479,2023,3,regular,2023-09-15T23:00:00.000Z,False,True,False,True,,6142.0,Westside Athletic Complex,2843,Western Connecticut State,iii,MSCAC,42.0,"[0, 21, 7, 14]",,,,2909,Westfield State,iii,MSCAC,0.0,"[0, 0, 0, 0]",,,,,,,
401549572,2023,3,regular,2023-09-15T23:00:00.000Z,False,True,False,False,,6134.0,Frank Bailey Field,237,Union,iii,Liberty League,34.0,"[0, 21, 6, 7]",,,,81,Springfield,iii,NEWMAC,7.0,"[0, 0, 7, 0]",,,,,,,
401520231,2023,3,regular,2023-09-15T23:00:00.000Z,False,True,False,False,37041.0,3665.0,SECU Stadium,120,Maryland,fbs,Big Ten,42.0,"[7, 7, 7, 21]",0.9803267121315002,1602.0,1646.0,258,Virginia,fbs,ACC,14.0,"[14, 0, 0, 0]",0.019673287868499756,1350.0,1306.0,4.530333710085389,,,
401531396,2023,3,regular,2023-09-15T23:00:00.000Z,False,True,False,False,27138.0,3604.0,Alamodome,2636,UTSA,fbs,American Athletic,29.0,"[0, 14, 7, 8]",0.06761127710342407,1600.0,1575.0,349,Army,fbs,FBS Independents,37.0,"[14, 6, 10, 7]",0.9323887228965759,1488.0,1513.0,4.84482614087848,,,
401532581,2023,3,regular,2023-09-16T00:00:00.000Z,False,True,False,True,18400.0,3713.0,Falcon Stadium,2005,Air Force,fbs,Mountain West,39.0,"[22, 10, 7, 0]",0.9918723106384277,1677.0,1691.0,328,Utah State,fbs,Mountain West,21.0,"[0, 7, 7, 7]",0.008127689361572266,1396.0,1382.0,1.623935283177174,,,
401554816,2023,3,regular,2023-09-16T16:00:00.000Z,False,True,False,False,,5831.0,Dale Lippert Field,110438,Dean,iii,ECFC,7.0,"[0, 0, 0, 7]",,,,2085,Buffalo State,iii,Liberty League,41.0,"[7, 21, 7, 6]",,,,,,,
401532404,2023,3,regular,2023-09-16T16:00:00.000Z,False,True,False,False,10731.0,3696.0,Dix Stadium,2309,Kent State,fbs,Mid-American,38.0,"[14, 7, 17, 0]",0.9751399755477905,1212.0,1212.0,2115,Central Connecticut,fcs,NEC,10.0,"[0, 0, 0, 10]",0.024860024452209473,,,2.0772714616592984,,,
401544053,2023,3,regular,2023-09-16T16:00:00.000Z,False,True,False,False,,5925.0,David Person Field,2354,Lycoming,iii,Landmark Conference,35.0,"[13, 6, 6, 10]",,,,390,Utica,iii,Empire 8,38.0,"[14, 10, 7, 7]",,,,,,,
401520226,2023,3,regular,2023-09-16T16:00:00.000Z,False,True,False,True,49099.0,3832.0,"Memorial Stadium (Champaign, IL)",356,Illinois,fbs,Big Ten,13.0,"[0, 7, 0, 6]",0.12209295481443405,1624.0,1606.0,213,Penn State,fbs,Big Ten,30.0,"[6, 10, 7, 7]",0.877907045185566,1849.0,1867.0,4.131471931481275,,,
401520222,2023,3,regular,2023-09-16T16:00:00.000Z,False,True,False,False,13020.0,3965.0,UB Stadium,2084,Buffalo,fbs,Mid-American,27.0,"[0, 14, 7, 6]",0.006152075715363026,1396.0,1328.0,2335,Liberty,fbs,Conference USA,55.0,"[10, 14, 17, 14]",0.993847924284637,1465.0,1533.0,3.1098117413100606,,,
401532582,2023,3,regular,2023-09-16T16:00:00.000Z,False,True,False,False,35610.0,3653.0,Albertsons Stadium,68,Boise State,fbs,Mountain West,42.0,"[7, 14, 7, 14]",0.9737412333488464,1541.0,1541.0,155,North Dakota,fcs,MVFC,18.0,"[0, 6, 12, 0]",0.026258766651153564,,,2.7219256798301257,,,
401525500,2023,3,regular,2023-09-16T16:00:00.000Z,False,True,False,True,41383.0,3615.0,"Alumni Stadium (Chestnut Hill, MA)",103,Boston College,fbs,ACC,29.0,"[7, 3, 6, 13]",0.5451641082763672,1309.0,1335.0,52,Florida State,fbs,ACC,31.0,"[3, 14, 14, 0]",0.4548358917236328,1895.0,1869.0,5.376923068733644,,,
401550096,2023,3,regular,2023-09-16T16:00:00.000Z,False,True,False,False,,5786.0,Sprankle-Sprandel Stadium,2790,Albion,iii,Michigan,48.0,"[13, 7, 21, 7]",,,,86,Rose Hulman,iii,Heartland,19.0,"[13, 6, 0, 0]",,,,,,,
401520235,2023,3,regular,2023-09-16T16:00:00.000Z,False,True,False,True,60084.0,3693.0,Davis Wade Stadium,344,Mississippi State,fbs,SEC,14.0,"[0, 7, 0, 7]",0.014112376607954502,1627.0,1561.0,99,LSU,fbs,SEC,41.0,"[10, 14, 10, 7]",0.9858876233920455,1687.0,1753.0,3.614923634901991,,,
401545862,2023,3,regular,2023-09-16T16:00:00.000Z,False,True,False,True,,4436.0,Adamson Stadium,2858,California (PA),ii,Pennsylvania State Athletic,34.0,"[0, 21, 7, 6]",,,,2974,Shepherd,ii,Pennsylvania State Athletic,44.0,"[7, 10, 13, 14]",,,,,,,
401520230,2023,3,regular,2023-09-16T16:00:00.000Z,False,True,True,False,,3812.0,Lucas Oil Stadium,84,Indiana,fbs,Big Ten,14.0,"[0, 0, 14, 0]",0.006027871742844582,1389.0,1399.0,97,Louisville,fbs,ACC,21.0,"[7, 14, 0, 0]",0.9939721282571554,1654.0,1644.0,3.7211177356231615,,,
401550324,2023,3,regular,2023-09-16T16:00:00.000Z,False,True,False,False,,5843.0,W.B. Adams Stadium,366,Ferrum,iii,Old Dominion,13.0,"[0, 6, 7, 0]",,,,548,LaGrange,iii,USA South,10.0,"[0, 0, 3, 7]",,,,,,,
401540080,2023,3,regular,2023-09-16T16:00:00.000Z,False,True,False,False,,3741.0,Goodman Stadium,2329,Lehigh,fcs,Patriot,20.0,"[0, 7, 0, 13]",0.1398119479417801,,,172,Cornell,fcs,Ivy,23.0,"[14, 3, 0, 6]",0.8601880520582199,,,4.429943582013546,,,
401525504,2023,3,regular,2023-09-16T16:00:00.000Z,False,True,False,False,18276.0,3918.0,S.B. Ballard Stadium,295,Old Dominion,fbs,Sun Belt,24.0,"[0, 17, 7, 0]",0.13854098320007324,1355.0,1366.0,154,Wake Forest,fbs,ACC,27.0,"[0, 0, 13, 14]",0.8614590167999268,1618.0,1607.0,5.672759725150021,,,
401545753,2023,3,regular,2023-09-16T16:00:00.000Z,False,True,False,True,,5887.0,I.L. & Sue Morris Stadium,2249,Glenville State,ii,Mountain East,24.0,"[7, 17, 0, 0]",,,,587,Notre Dame College,ii,Mountain East,21.0,"[0, 6, 7, 8]",,,,,,,
401547196,2023,3,regular,2023-09-16T16:00:00.000Z,False,True,False,False,,3877.0,Pioneer Stadium,3162,Alfred State,iii,ECFC,13.0,"[6, 0, 7, 0]",,,,2280,Husson,iii,Commonwealth Coast,31.0,"[13, 6, 0, 12]",,,,,,,
401541014,2023,3,regular,2023-09-16T16:00:00.000Z,False,True,False,True,,4427.0,John A. Farrell Stadium,223,West Chester,ii,Pennsylvania State Athletic,38.0,[],,,,367,Gannon,ii,Pennsylvania State Athletic,31.0,[],,,,,,,
401552543,2023,3,regular,2023-09-16T16:00:00.000Z,False,True,False,True,,6066.0,Pace Stadium,2487,Pace,ii,Northeast 10,2.0,"[2, 0, 0, 0]",,,,112334,Franklin Pierce,ii,Northeast 10,41.0,"[7, 13, 14, 7]",,,,,,,
401520236,2023,3,regular,2023-09-16T16:00:00.000Z,False,True,False,False,62621.0,3838.0,Memorial Stadium,142,Missouri,fbs,SEC,30.0,"[10, 7, 0, 13]",0.8118879199028015,1479.0,1485.0,2306,Kansas State,fbs,Big 12,27.0,"[7, 7, 10, 3]",0.1881120800971985,1795.0,1789.0,7.2612809447670665,,,
401525838,2023,3,regular,2023-09-16T16:00:00.000Z,False,True,False,False,21991.0,3876.0,Peden Stadium,195,Ohio,fbs,Mid-American,10.0,"[0, 0, 7, 3]",0.5184299945831299,1482.0,1484.0,66,Iowa State,fbs,Big 12,7.0,"[0, 0, 0, 7]",0.4815700054168701,1533.0,1531.0,4.063778235387788,,,
401525834,2023,3,regular,2023-09-16T16:00:00.000Z,False,True,False,False,43732.0,4727.0,McLane Stadium,239,Baylor,fbs,Big 12,30.0,"[7, 9, 7, 7]",0.9821840524673462,1643.0,1643.0,2341,Long Island University,fcs,NEC,7.0,"[0, 7, 0, 0]",0.01781594753265381,,,2.6113522891317675,,,
401540066,2023,3,regular,2023-09-16T16:00:00.000Z,False,True,False,False,,3997.0,Yale Bowl,43,Yale,fcs,Ivy,24.0,"[7, 10, 0, 7]",0.8819502110139172,,,107,Holy Cross,fcs,Patriot,49.0,"[7, 14, 7, 21]",0.11804978898608276,,,1.4296950697,,,
401544062,2023,3,regular,2023-09-16T16:00:00.000Z,False,True,False,True,,5842.0,Robert T. Shields Field,2221,FDU Florham,iii,Mid Atlantic,21.0,"[7, 7, 0, 7]",,,,471,Stevenson,iii,Mid Atlantic,24.0,"[7, 7, 3, 7]",,,,,,,
401547206,2023,3,regular,2023-09-16T16:00:00.000Z,False,True,False,False,,5848.0,Hotchkiss Field,417,Gallaudet,iii,ECFC,10.0,"[7, 3, 0, 0]",,,,111675,New England,iii,Commonwealth Coast,31.0,"[14, 17, 0, 0]",,,,,,,
401550132,2023,3,regular,2023-09-16T16:00:00.000Z,False,True,False,True,,3819.0,Bowditch Field,2967,Framingham State,iii,MSCAC,7.0,"[7, 0, 0, 0]",,,,379,UMass Dartmouth,iii,MSCAC,33.0,"[13, 7, 0, 13]",,,,,,,
401552474,2023,3,regular,2023-09-16T16:00:00.000Z,False,True,False,True,,5898.0,John Coughlin Memorial Field,402,Worcester State,iii,MSCAC,33.0,"[0, 7, 13, 13]",,,,114,Fitchburg State,iii,MSCAC,13.0,"[0, 6, 0, 7]",,,,,,,
401549819,2023,3,regular,2023-09-16T16:00:00.000Z,False,True,False,False,,5125.0,Stadium Red Field,2782,SUNY Cortland,iii,Empire 8,35.0,"[14, 7, 14, 0]",,,,216,Susquehanna,iii,Landmark Conference,38.0,"[7, 7, 7, 17]",,,,,,,
401549723,2023,3,regular,2023-09-16T16:00:00.000Z,False,True,False,False,,5822.0,Cadet Memorial Field,2557,Coast Guard,iii,NEWMAC,49.0,"[14, 14, 7, 14]",,,,2884,Nichols,iii,Commonwealth Coast,42.0,"[0, 7, 14, 21]",,,,,,,
401558978,2023,3,regular,2023-09-16T16:00:00.000Z,False,True,False,False,,3889.0,Reinhart Field,2951,SUNY Maritime,iii,NEWMAC,0.0,"[0, 0, 0, 0]",,,,452,Endicott,iii,Commonwealth Coast,27.0,"[14, 3, 10, 0]",,,,,,,
401553019,2023,3,regular,2023-09-16T16:00:00.000Z,False,True,False,False,,6115.0,Toppa Field,2776,Salve Regina,iii,Commonwealth Coast,10.0,"[3, 7, 0, 0]",,,,184,Rochester (NY),iii,Liberty League,17.0,"[0, 10, 0, 7]",,,,,,,
401552467,2023,3,regular,2023-09-16T16:00:00.000Z,False,True,False,True,,5808.0,Edward C. Swenson Athletic Complex,18,Bridgewater State,iii,MSCAC,41.0,"[14, 10, 7, 10]",,,,2972,Plymouth State,iii,MSCAC,19.0,"[0, 6, 6, 7]",,,,,,,
401545875,2023,3,regular,2023-09-16T16:00:00.000Z,False,True,False,True,,4432.0,Andre Reed Stadium,2315,Kutztown,ii,Pennsylvania State Athletic,47.0,"[13, 24, 10, 0]",,,,2385,Mercyhurst,ii,Pennsylvania State Athletic,14.0,"[0, 0, 7, 7]",,,,,,,
401552459,2023,3,regular,2023-09-16T16:00:00.000Z,False,True,False,False,,3920.0,Schmidt Stadium,398,Wilkes,iii,Landmark Conference,7.0,"[0, 7, 0, 0]",,,,2781,Brockport,iii,Empire 8,31.0,"[14, 0, 10, 7]",,,,,,,
401549713,2023,3,regular,2023-09-16T16:00:00.000Z,False,True,False,True,,5894.0,Steuben Field,348,Hamilton,iii,NESCAC,12.0,"[0, 0, 0, 12]",,,,340,Bowdoin,iii,NESCAC,26.0,"[13, 6, 0, 7]",,,,,,,
401540992,2023,3,regular,2023-09-16T16:00:00.000Z,False,True,False,True,,6060.0,Grace P. Johnson Stadium,2882,UNC Pembroke,ii,Mountain East,29.0,"[0, 3, 20, 6]",,,,2128,Charleston (WV),ii,Mountain East,37.0,"[10, 7, 14, 6]",,,,,,,
401541055,2023,3,regular,2023-09-16T16:00:00.000Z,False,True,False,False,,6087.0,Drake Field (NY),3110,SUNY Morrisville,iii,Empire 8,20.0,"[7, 7, 0, 6]",,,,2108,Catholic,iii,Landmark Conference,31.0,"[7, 7, 3, 14]",,,,,,,
401551931,2023,3,regular,2023-09-16T16:00:00.000Z,False,True,False,False,,7082.0,Athletic Field Complex,122774,Keystone,iii,Landmark Conference,20.0,"[0, 7, 7, 6]",,,,374,St. John Fisher,iii,Empire 8,35.0,"[6, 8, 14, 7]",,,,,,,
401520249,2023,3,regular,2023-09-16T16:00:00.000Z,False,True,False,False,75610.0,347.0,Camp Randall Stadium,275,Wisconsin,fbs,Big Ten,35.0,"[0, 7, 21, 7]",0.9996417164802551,1646.0,1676.0,290,Georgia Southern,fbs,Sun Belt,14.0,"[0, 7, 7, 0]",0.00035828351974487305,1455.0,1425.0,5.2008511652016916,,,
401541840,2023,3,regular,2023-09-16T16:00:00.000Z,False,True,False,True,,4015.0,Barron Stadium,2560,Shorter,ii,Gulf South,57.0,"[0, 20, 16, 21]",,,,2804,Chowan,ii,Gulf South,20.0,"[0, 0, 12, 8]",,,,,,,
401541034,2023,3,regular,2023-09-16T16:00:00.000Z,False,True,False,True,,4750.0,The Reservation,2336,Limestone,ii,South Atlantic,45.0,"[10, 14, 14, 7]",,,,2105,Carson Newman,ii,South Atlantic,14.0,"[0, 0, 0, 14]",,,,,,,
401540039,2023,3,regular,2023-09-16T16:30:00.000Z,False,True,False,False,,3847.0,Cooper Field,46,Georgetown,fcs,Patriot,20.0,"[0, 13, 7, 0]",0.25481271743774414,,,284,Stonehill,fcs,NEC,23.0,"[7, 6, 7, 3]",0.7451872825622559,,,6.492848094956893,,,
401540072,2023,3,regular,2023-09-16T16:30:00.000Z,False,True,False,False,,3721.0,Fisher Field,322,Lafayette,fcs,Patriot,24.0,"[0, 14, 7, 3]",0.9922763705253601,,,171,Columbia,fcs,Ivy,3.0,"[3, 0, 0, 0]",0.007723629474639893,,,3.8144377326966654,,,
401544956,2023,3,regular,2023-09-16T17:00:00.000Z,False,True,False,False,,3755.0,Ray and Sue Smith Stadium,2812,Hope,iii,Michigan,40.0,"[0, 28, 6, 6]",,,,2419,Mount St Joseph,iii,Heartland,35.0,"[14, 0, 14, 7]",,,,,,,
401544127,2023,3,regular,2023-09-16T17:00:00.000Z,False,True,False,True,,6128.0,Alumni Stadium (PA),2644,Thiel,iii,Presidents',22.0,"[0, 15, 7, 0]",,,,2062,Bethany (WV),iii,Presidents',14.0,"[0, 7, 7, 0]",,,,,,,
401545776,2023,3,regular,2023-09-16T17:00:00.000Z,False,True,False,True,,5784.0,Cebe Ross Field,455,West Virginia Wesleyan,ii,Mountain East,0.0,[],,,,2017,Alderson-Broaddus,ii,Mountain East,0.0,[],,,,,,,
401545745,2023,3,regular,2023-09-16T17:00:00.000Z,False,True,False,True,,3642.0,Bobcat Stadium (MD),341,Frostburg State,ii,Mountain East,37.0,"[10, 14, 0, 13]",,,,2699,West Liberty,ii,Mountain East,7.0,"[0, 0, 7, 0]",,,,,,,
401553010,2023,3,regular,2023-09-16T17:00:00.000Z,False,True,False,True,,5907.0,McCarthy Stadium (Wilkes Barre),247,King's,iii,Mid Atlantic,56.0,"[21, 14, 14, 7]",,,,2015,Albright,iii,Mid Atlantic,0.0,"[0, 0, 0, 0]",,,,,,,
401550396,2023,3,regular,2023-09-16T17:00:00.000Z,False,True,False,True,,6139.0,Cameron Stadium,2686,Washington & Jefferson,iii,Presidents',48.0,"[14, 7, 13, 14]",,,,2849,Westminster (PA),iii,Presidents',3.0,"[0, 3, 0, 0]",,,,,,,
401550255,2023,3,regular,2023-09-16T17:00:00.000Z,False,True,False,True,,6096.0,Austin E. Knowlton Athletics Complex,391,Oberlin,iii,North Coast,0.0,"[0, 0, 0, 0]",,,,2171,Denison,iii,North Coast,70.0,"[35, 14, 7, 14]",,,,,,,
401550087,2023,3,regular,2023-09-16T17:00:00.000Z,False,True,False,False,,6130.0,Fred Zollner Athletic Stadium,2651,Trine,iii,Michigan,58.0,"[7, 14, 16, 21]",,,,2233,Franklin,iii,Heartland,43.0,"[7, 16, 14, 6]",,,,,,,
401545736,2023,3,regular,2023-09-16T17:00:00.000Z,False,True,False,True,,5943.0,Duvall-Rosier Field,2986,Fairmont State,ii,Mountain East,37.0,"[9, 14, 7, 7, 0]",,,,112335,Wheeling,ii,Mountain East,43.0,"[3, 7, 17, 10, 6]",,,,,,,
401550374,2023,3,regular,2023-09-16T17:00:00.000Z,False,True,False,True,,5814.0,Gesling Stadium,2102,Carnegie Mellon,iii,Presidents',41.0,"[13, 7, 14, 7]",,,,2845,Waynesburg,iii,Presidents',10.0,"[0, 3, 0, 7]",,,,,,,
401545792,2023,3,regular,2023-09-16T17:00:00.000Z,False,True,False,True,,6074.0,Grappone Stadium,2830,Saint Anselm,ii,Northeast 10,24.0,"[7, 14, 3, 0]",,,,2022,American International,ii,Northeast 10,14.0,"[0, 0, 7, 7]",,,,,,,
401550346,2023,3,regular,2023-09-16T17:00:00.000Z,False,True,False,False,,6116.0,Shentel Stadium,2828,Shenandoah,iii,Old Dominion,20.0,"[0, 3, 3, 14]",,,,2373,Maryville (TN),iii,USA South,27.0,"[10, 10, 0, 7]",,,,,,,
401540971,2023,3,regular,2023-09-16T17:00:00.000Z,False,True,False,True,,3747.0,Hantz Stadium,2886,Northwood,ii,Great Midwest Athletic,27.0,"[7, 13, 7, 0]",,,,2838,Tiffin,ii,Great Midwest Athletic,34.0,"[15, 3, 10, 6]",,,,,,,
401564651,2023,3,regular,2023-09-16T17:00:00.000Z,False,True,False,False,,6085.0,Sprague Field,2818,Montclair State,iii,New Jersey,25.0,"[0, 12, 0, 13, 0]",,,,2234,Franklin & Marshall,iii,Centennial,31.0,"[7, 10, 0, 8, 6]",,,,,,,
401547182,2023,3,regular,2023-09-16T17:00:00.000Z,False,True,False,False,,6123.0,Jackson Field,2834,Sul Ross State,iii,American Southwest,27.0,"[0, 14, 10, 3]",,,,630,Wayland Baptist,,,7.0,"[7, 0, 0, 0]",,,,,,,
401550063,2023,3,regular,2023-09-16T17:00:00.000Z,False,True,False,False,,5638.0,Dave Wolk Stadium,293,Vermont State Castleton,iii,ECFC,14.0,"[0, 7, 0, 7]",,,,2467,Norwich,iii,NEWMAC,28.0,"[7, 0, 14, 7]",,,,,,,
401540710,2023,3,regular,2023-09-16T17:00:00.000Z,False,True,False,False,,3606.0,Scheels Field at Nemzek Stadium,2817,Minnesota St Moorhead,ii,Northern Sun,38.0,"[10, 14, 7, 7]",,,,2816,McKendree,ii,Great Lakes,17.0,"[0, 3, 0, 14]",,,,,,,
401541025,2023,3,regular,2023-09-16T17:00:00.000Z,False,True,False,True,,4437.0,"Memorial Stadium (Clarion, PA)",2134,Clarion,ii,Pennsylvania State Athletic,20.0,"[10, 3, 0, 7]",,,,209,Lock Haven,ii,Pennsylvania State Athletic,21.0,"[0, 7, 0, 14]",,,,,,,
401541084,2023,3,regular,2023-09-16T17:00:00.000Z,False,True,False,True,,3640.0,Blackstock Stadium,83,DePauw,iii,North Coast,49.0,"[7, 21, 14, 7]",,,,2274,Hiram,iii,North Coast,0.0,"[0, 0, 0, 0]",,,,,,,
401549760,2023,3,regular,2023-09-16T17:00:00.000Z,False,True,False,True,,3871.0,General Charles C. Krulak Stadium,3,Birmingham-Southern,iii,Southern Athletic,3.0,"[0, 0, 3, 0]",,,,386,Trinity (TX),iii,Southern Athletic,38.0,"[7, 17, 0, 14]",,,,,,,
401540044,2023,3,regular,2023-09-16T17:00:00.000Z,False,True,False,True,,3668.0,Campus Field,2529,Sacred Heart,fcs,NEC,10.0,"[0, 0, 0, 10]",0.7667302489280701,,,2681,Wagner,fcs,NEC,17.0,"[0, 10, 7, 0]",0.23326975107192993,,,3.8074800412673424,,,
401551493,2023,3,regular,2023-09-16T17:00:00.000Z,False,True,False,True,,6058.0,Ralph F. DellaCamera Stadium,2441,New Haven,ii,Northeast 10,34.0,"[0, 6, 7, 21]",,,,2583,Southern Connecticut State,ii,Northeast 10,7.0,"[7, 0, 0, 0]",,,,,,,
401554812,2023,3,regular,2023-09-16T17:00:00.000Z,False,True,False,False,,5905.0,Kean Alumni Stadium,2871,Kean,iii,New Jersey,13.0,"[0, 7, 0, 6]",,,,2175,Dickinson,iii,Centennial,24.0,"[7, 3, 0, 14]",,,,,,,
401540398,2023,3,regular,2023-09-16T17:00:00.000Z,False,True,False,True,,36.0,Leonidoff Field,2368,Marist,fcs,Pioneer,21.0,"[0, 7, 7, 7]",0.11597830057144165,,,2166,Davidson,fcs,Pioneer,49.0,"[7, 21, 14, 7]",0.8840216994285583,,,4.1039428942441925,,,
401553853,2023,3,regular,2023-09-16T17:00:00.000Z,False,True,False,False,,5902.0,Knox Stadium,246,Juniata,iii,Landmark Conference,31.0,"[3, 0, 14, 14]",,,,173,Hartwick,iii,Empire 8,21.0,"[14, 0, 7, 0]",,,,,,,
401550401,2023,3,regular,2023-09-16T17:00:00.000Z,False,True,False,True,,6108.0,Crain Field,2519,Rhodes,iii,Southern Athletic,26.0,"[0, 0, 10, 7, 3, 6, 0]",,,,2121,Centre,iii,Southern Athletic,28.0,"[7, 0, 10, 0, 3, 6, 2]",,,,,,,
401549200,2023,3,regular,2023-09-16T17:00:00.000Z,False,True,False,False,,3617.0,Andy Kerr Stadium,2142,Colgate,fcs,Patriot,6.0,"[3, 3, 0, 0]",0.1709561049938202,,,219,Pennsylvania,fcs,Ivy,20.0,"[3, 10, 7, 0]",0.8290438950061798,,,4.495800031131345,,,
401545708,2023,3,regular,2023-09-16T17:00:00.000Z,False,True,False,True,,3667.0,Callaghan Stadium,2148,Concord,ii,Mountain East,27.0,"[13, 0, 0, 14]",,,,2707,West Virginia State,ii,Mountain East,47.0,"[3, 23, 14, 7]",,,,,,,
401558742,2023,3,regular,2023-09-16T17:00:00.000Z,False,True,True,True,,7513.0,O'Hara Field,127954,Eastern,iii,Mid Atlantic,6.0,"[3, 3, 0, 0]",,,,2808,Delaware Valley,iii,Mid Atlantic,29.0,"[6, 13, 7, 3]",,,,,,,
401549589,2023,3,regular,2023-09-16T17:00:00.000Z,False,True,False,False,,5788.0,Merrill Field at Yunevich Stadium,365,Alfred,iii,Empire 8,0.0,"[0, 0, 0, 0]",,,,175,Ithaca,iii,Liberty League,22.0,"[6, 10, 0, 6]",,,,,,,
401549795,2023,3,regular,2023-09-16T17:00:00.000Z,False,True,False,False,,3915.0,Charles Lee Field at Samford Stadium,2938,Huntingdon,iii,USA South,40.0,"[10, 14, 14, 2]",,,,2258,Guilford,iii,Old Dominion,14.0,"[0, 0, 7, 7]",,,,,,,
401550068,2023,3,regular,2023-09-16T17:00:00.000Z,False,True,False,False,,5904.0,Angell Field,126,Kalamazoo,iii,Michigan,42.0,"[7, 6, 15, 14]",,,,190,Defiance College,iii,Heartland,35.0,"[7, 7, 7, 14]",,,,,,,
401550111,2023,3,regular,2023-09-16T17:00:00.000Z,False,True,False,True,,3621.0,Arnold Field (PA),388,Lebanon Valley,iii,Mid Atlantic,31.0,"[3, 14, 7, 7]",,,,2969,Misericordia,iii,Mid Atlantic,3.0,"[0, 3, 0, 0]",,,,,,,
401555474,2023,3,regular,2023-09-16T17:00:00.000Z,False,True,False,True,,5791.0,Turf Field,111674,Alvernia,iii,Mid Atlantic,7.0,"[0, 7, 0, 0]",,,,2725,Widener,iii,Mid Atlantic,57.0,"[17, 14, 24, 2]",,,,,,,
401549624,2023,3,regular,2023-09-16T17:00:00.000Z,False,True,False,False,,6143.0,Golden Bear Stadium,2702,Western New England,iii,Commonwealth Coast,42.0,"[7, 7, 14, 14]",,,,2779,St. Lawrence,iii,Liberty League,21.0,"[0, 21, 0, 0]",,,,,,,
401549699,2023,3,regular,2023-09-16T17:00:00.000Z,False,True,True,False,,7422.0,Municipal Stadium,126086,Post,ii,Independent DII,13.0,"[0, 6, 7, 0]",,,,2060,Bentley,ii,Northeast 10,40.0,"[13, 6, 7, 14]",,,,,,,
401552012,2023,3,regular,2023-09-16T17:00:00.000Z,False,True,False,True,,6151.0,Farley-Lamb Field,2731,Williams,iii,NESCAC,25.0,"[0, 12, 13, 0]",,,,33,Colby,iii,NESCAC,22.0,"[7, 7, 0, 8]",,,,,,,
401544117,2023,3,regular,2023-09-16T17:00:00.000Z,False,True,False,True,,3677.0,Chuck Noll Field,2614,Saint Vincent,iii,Presidents',23.0,"[2, 7, 7, 7]",,,,2018,Allegheny,iii,Presidents',19.0,"[6, 0, 0, 13]",,,,,,,
401540466,2023,3,regular,2023-09-16T17:00:00.000Z,False,True,False,False,,3988.0,Welcome Stadium,2168,Dayton,fcs,Pioneer,52.0,"[21, 10, 7, 14]",,,,620,Taylor,,,20.0,"[0, 14, 6, 0]",,,,,,,
401550294,2023,3,regular,2023-09-16T17:00:00.000Z,False,True,False,True,,3733.0,Garcelon Field,121,Bates,iii,NESCAC,17.0,"[0, 3, 7, 7]",,,,336,Wesleyan (CT),iii,NESCAC,28.0,"[7, 7, 14, 0]",,,,,,,
401540651,2023,3,regular,2023-09-16T17:00:00.000Z,False,True,False,True,,5873.0,Bulldogs Stadium,2075,Bowie State,ii,CIAA,21.0,"[6, 0, 8, 7]",,,,2551,Shaw,ii,CIAA,7.0,"[0, 0, 0, 7]",,,,,,,
401549738,2023,3,regular,2023-09-16T17:00:00.000Z,False,True,False,False,,5830.0,Walter M. Katz Field,40,Curry,iii,Commonwealth Coast,20.0,"[6, 0, 7, 7]",,,,109,MIT,iii,NEWMAC,16.0,"[0, 3, 13, 0]",,,,,,,
401550101,2023,3,regular,2023-09-16T17:00:00.000Z,False,True,False,False,,6086.0,Rocco Calvo Field,323,Moravian,iii,Landmark Conference,29.0,"[0, 14, 7, 8]",,,,3111,Apprentice School,iii,Independent DIII,28.0,"[0, 0, 6, 22]",,,,,,,
401541960,2023,3,regular,2023-09-16T17:00:00.000Z,False,True,False,True,,6057.0,Ron & Carol Cope Stadium at Foster Field,2438,Nebraska Kearney,ii,Mid America,13.0,"[0, 7, 0, 6]",,,,2403,Missouri Southern State,ii,Mid America,18.0,"[9, 0, 6, 3]",,,,,,,
401547150,2023,3,regular,2023-09-16T17:00:00.000Z,False,True,False,False,,4463.0,Crusader Stadium,2371,Mary Hardin Baylor,iii,American Southwest,14.0,"[0, 7, 7, 0]",,,,2745,Wisconsin Whitewater,iii,Wisconsin,17.0,"[7, 7, 3, 0]",,,,,,,
401544963,2023,3,regular,2023-09-16T17:00:00.000Z,False,True,False,False,,6100.0,Cutler Field,354,Olivet,iii,Michigan,17.0,"[0, 0, 3, 14]",,,,2262,Hanover,iii,Heartland,67.0,"[21, 21, 6, 19]",,,,,,,
401549804,2023,3,regular,2023-09-16T17:00:00.000Z,False,True,False,False,,6138.0,Wilson Field,2688,Washington and Lee,iii,Old Dominion,54.0,"[14, 13, 7, 20]",,,,291,Methodist,iii,USA South,14.0,"[0, 14, 0, 0]",,,,,,,
401541112,2023,3,regular,2023-09-16T17:00:00.000Z,False,True,False,False,,6117.0,Knight Stadium,2896,Southern Virginia,iii,USA South,10.0,"[0, 7, 0, 3]",,,,2516,Randolph Macon,iii,Old Dominion,51.0,"[14, 9, 14, 14]",,,,,,,
401549786,2023,3,regular,2023-09-16T17:00:00.000Z,False,True,False,False,,5852.0,Jamieson Stadium,2256,Greensboro,iii,USA South,28.0,[],,,,297,Hampden Sydney,iii,Old Dominion,58.0,[],,,,,,,
401540747,2023,3,regular,2023-09-16T17:00:00.000Z,False,True,False,False,,3811.0,Lubbers Stadium,125,Grand Valley State,ii,GLIAC,43.0,"[7, 10, 13, 13]",,,,2038,Assumption,ii,Northeast 10,7.0,"[0, 0, 7, 0]",,,,,,,
401553028,2023,3,regular,2023-09-16T17:00:00.000Z,False,True,False,False,,6150.0,Wightman Stadium,2970,William Paterson,iii,New Jersey,35.0,"[7, 7, 14, 7]",,,,2700,McDaniel,iii,Centennial,14.0,"[0, 7, 0, 7]",,,,,,,
401540313,2023,3,regular,2023-09-16T17:00:00.000Z,False,True,False,True,,5389.0,Kessler Stadium,2405,Monmouth,fcs,Coastal Athletic,31.0,"[7, 16, 0, 8]",0.21029920876026154,,,2097,Campbell,fcs,Coastal Athletic,45.0,"[7, 10, 14, 14]",0.7897007912397385,,,6.056030354482503,,,
401540341,2023,3,regular,2023-09-16T17:00:00.000Z,False,True,False,False,,3750.0,Harvard Stadium,108,Harvard,fcs,Ivy,45.0,"[21, 10, 14, 0]",,,,2900,St. Thomas (MN),fcs,Pioneer,13.0,"[0, 0, 7, 6]",,,,,,,
401547004,2023,3,regular,2023-09-16T17:05:00.000Z,False,True,False,True,,4439.0,Eiler-Martin Stadium,2188,East Stroudsburg,ii,Pennsylvania State Athletic,55.0,"[21, 21, 13, 0]",,,,611,Seton Hill,ii,Pennsylvania State Athletic,21.0,"[7, 7, 0, 7]",,,,,,,
401552023,2023,3,regular,2023-09-16T17:30:00.000Z,False,True,False,True,,6131.0,Jessee/Miller Field,2977,Trinity (CT),iii,NESCAC,44.0,"[14, 14, 0, 16]",,,,112,Tufts,iii,NESCAC,19.0,"[0, 0, 7, 12]",,,,,,,
401550248,2023,3,regular,2023-09-16T17:30:00.000Z,False,True,False,True,,5801.0,George Finnie Stadium,188,Baldwin Wallace,iii,Ohio,7.0,"[7, 0, 0, 0]",,,,2302,John Carroll,iii,Ohio,30.0,"[0, 10, 13, 7]",,,,,,,
401544097,2023,3,regular,2023-09-16T17:30:00.000Z,False,True,False,True,,5931.0,Don Drumm Stadium,317,Marietta,iii,Ohio,0.0,"[0, 0, 0, 0]",,,,426,Mount Union,iii,Ohio,28.0,"[14, 14, 0, 0]",,,,,,,
401549754,2023,3,regular,2023-09-16T17:30:00.000Z,False,True,False,True,,5812.0,Bernlohr Stadium,424,Capital,iii,Ohio,38.0,"[7, 17, 0, 14]",,,,332,Muskingum,iii,Ohio,45.0,"[7, 9, 15, 14]",,,,,,,
401547082,2023,3,regular,2023-09-16T18:00:00.000Z,False,True,False,True,,6137.0,Walston-Hoover Stadium,2685,Wartburg,iii,American Rivers,47.0,"[13, 13, 21, 0]",,,,63,Buena Vista,iii,American Rivers,0.0,"[0, 0, 0, 0]",,,,,,,
401541930,2023,3,regular,2023-09-16T18:00:00.000Z,False,True,False,True,,4724.0,Audrey J. Walton Stadium at Vernon Kennedy Field,2118,Central Missouri,ii,Mid America,37.0,"[10, 7, 0, 20]",,,,90,Pittsburg State,ii,Mid America,38.0,"[7, 3, 14, 14]",,,,,,,
401549691,2023,3,regular,2023-09-16T18:00:00.000Z,False,True,False,False,,3723.0,QU Stadium,2825,Quincy,ii,Great Lakes,49.0,"[14, 28, 7]",,,,124110,UFTL,,,0.0,"[0, 0, 0]",,,,,,,
401541131,2023,3,regular,2023-09-16T18:00:00.000Z,False,True,False,False,,5838.0,Ornelas Stadium,2194,East Texas Baptist,iii,American Southwest,7.0,"[7, 0, 0, 0]",,,,271,Wisconsin Oshkosh,iii,Wisconsin,60.0,"[15, 10, 28, 7]",,,,,,,
401545844,2023,3,regular,2023-09-16T18:00:00.000Z,False,True,False,True,,6052.0,Herb Parker Stadium,568,Minot State,ii,Northern Sun,25.0,"[7, 6, 6, 6]",,,,2364,Minnesota State,ii,Northern Sun,52.0,"[28, 7, 7, 10]",,,,,,,
401547092,2023,3,regular,2023-09-16T18:00:00.000Z,False,True,False,True,,5817.0,Ron and Joyce Schipper Stadium,2964,Central College,iii,American Rivers,11.0,"[0, 11, 0, 0]",,,,2141,Coe,iii,American Rivers,19.0,"[7, 3, 9, 0]",,,,,,,
401549639,2023,3,regular,2023-09-16T18:00:00.000Z,False,True,False,True,,980.0,Benedetti-Wehrli Stadium,3071,North Central College,iii,CCIW,70.0,"[28, 21, 14, 7]",,,,2106,Carthage,iii,CCIW,0.0,"[0, 0, 0, 0]",,,,,,,
401531388,2023,3,regular,2023-09-16T18:00:00.000Z,False,True,False,False,10932.0,3806.0,Lincoln Financial Field,218,Temple,fbs,American Athletic,41.0,"[14, 14, 10, 3]",0.9914947748184204,1103.0,1103.0,2450,Norfolk State,fcs,MEAC,9.0,"[0, 7, 0, 2]",0.00850522518157959,,,2.5589329891361783,,,
401547127,2023,3,regular,2023-09-16T18:00:00.000Z,False,True,True,True,,6091.0,Abel Stadium,6845,Nebraska Wesleyan,iii,American Rivers,21.0,"[7, 7, 7, 0]",,,,2564,Simpson (IA),iii,American Rivers,13.0,"[0, 0, 0, 13]",,,,,,,
401549769,2023,3,regular,2023-09-16T18:00:00.000Z,False,True,False,False,,5795.0,Edor Nelson Field,124,Augsburg,iii,Minnesota,62.0,"[7, 14, 28, 13]",,,,446,Martin Luther,iii,Upper Midwest,0.0,"[0, 0, 0, 0]",,,,,,,
401550173,2023,3,regular,2023-09-16T18:00:00.000Z,False,True,False,False,,5900.0,Don and Nona Williams Stadium,2744,Wisconsin Stout,iii,Wisconsin,24.0,"[7, 3, 7, 7]",,,,2968,Gustavus Adolphus,iii,Minnesota,7.0,"[0, 0, 7, 0]",,,,,,,
401540786,2023,3,regular,2023-09-16T18:00:00.000Z,False,True,False,False,,5911.0,Ralph E. Davis Pioneer Stadium,272,Wisconsin Platteville,iii,Wisconsin,20.0,"[0, 14, 6, 0]",,,,2392,Michigan Tech,ii,GLIAC,24.0,"[7, 14, 0, 3]",,,,,,,
401540730,2023,3,regular,2023-09-16T18:00:00.000Z,False,True,False,False,,6030.0,Harms-Eischeid Stadium,389,Upper Iowa,ii,Northern Sun,38.0,"[0, 28, 3, 7]",,,,2402,Missouri S&T,ii,Great Lakes,26.0,"[13, 0, 13, 0]",,,,,,,
401547187,2023,3,regular,2023-09-16T18:00:00.000Z,False,True,False,False,,6114.0,Sea Gull Stadium,2532,Salisbury,iii,New Jersey,7.0,"[0, 7, 0, 0]",,,,118,Johns Hopkins,iii,Centennial,42.0,"[7, 6, 15, 14]",,,,,,,
401551482,2023,3,regular,2023-09-16T18:00:00.000Z,False,True,False,False,,3878.0,Plaster Sports Complex,2586,Southwest Baptist,ii,Great Lakes,7.0,"[0, 0, 7, 0]",,,,110243,UT Permian Basin,ii,Lone Star,86.0,"[16, 28, 21, 21]",,,,,,,
401550459,2023,3,regular,2023-09-16T18:00:00.000Z,False,True,False,False,,6094.0,Reynolds Field,583,Northwestern (MN),iii,Upper Midwest,3.0,"[3, 0, 0, 0]",,,,2723,Wisconsin River Falls,iii,Wisconsin,75.0,"[41, 14, 7, 13]",,,,,,,
401544946,2023,3,regular,2023-09-16T18:00:00.000Z,False,True,False,True,,6080.0,Frank M. Lindsay Field,74,Millikin,iii,CCIW,13.0,"[0, 0, 13, 0]",,,,143,Washington St. Louis,iii,CCIW,63.0,"[7, 21, 14, 21]",,,,,,,
401550220,2023,3,regular,2023-09-16T18:00:00.000Z,False,True,False,True,,6284.0,Village of Lisle-Benedictine University Sports Complex,2283,Benedictine (IL),iii,NACC,7.0,"[0, 0, 7, 0]",,,,2044,Aurora,iii,NACC,63.0,"[21, 7, 28, 7]",,,,,,,
401541122,2023,3,regular,2023-09-16T18:00:00.000Z,False,True,False,False,,5930.0,Carl W. Burt Memorial Stadium,2362,Manchester,iii,Heartland,7.0,"[7, 0, 0, 0]",,,,2257,Greenville,iii,Upper Midwest,59.0,"[21, 21, 10, 7]",,,,,,,
401550202,2023,3,regular,2023-09-16T18:00:00.000Z,False,True,False,True,,5919.0,Ron Roberts Field at the Banta Bowl,268,Lawrence,iii,Midwest,13.0,"[0, 7, 0, 6]",,,,2919,Monmouth (IL),iii,Midwest,70.0,"[14, 35, 7, 14]",,,,,,,
401549683,2023,3,regular,2023-09-16T18:00:00.000Z,False,True,False,True,,5841.0,Pete FioRito Stadium at McKinzie Field,101,Eureka,iii,NACC,35.0,"[7, 14, 0, 14]",,,,2524,Rockford,iii,NACC,28.0,"[0, 7, 7, 14]",,,,,,,
401550882,2023,3,regular,2023-09-16T18:00:00.000Z,False,True,False,False,,6122.0,Public Schools Stadium,375,St. Scholastica,iii,Minnesota,38.0,"[7, 24, 7, 0]",,,,509,Crown,iii,Upper Midwest,18.0,"[0, 0, 6, 12]",,,,,,,
401550431,2023,3,regular,2023-09-16T18:00:00.000Z,False,True,False,True,,3823.0,Hardee-McGee Field,2553,Sewanee,iii,Southern Athletic,27.0,"[0, 7, 14, 6]",,,,2398,Millsaps,iii,Southern Athletic,21.0,"[0, 7, 7, 7]",,,,,,,
401547142,2023,3,regular,2023-09-16T18:00:00.000Z,False,True,False,False,,5857.0,Gordon Wood Stadium,2758,Howard Payne,iii,American Southwest,85.0,"[47, 21, 7, 10]",,,,101161,Lyon,,,0.0,"[0, 0, 0, 0]",,,,,,,
401544899,2023,3,regular,2023-09-16T18:00:00.000Z,False,True,False,True,,5883.0,Marv Kay Stadium at Campbell Field,2146,Colorado School of Mines,ii,Rocky Mountain,70.0,"[21, 28, 7, 14]",,,,2001,Adams State,ii,Rocky Mountain,7.0,"[0, 0, 7, 0]",,,,,,,
401547220,2023,3,regular,2023-09-16T18:00:00.000Z,False,True,False,True,,5859.0,Tucci Stadium,306,Illinois Wesleyan,iii,CCIW,16.0,"[3, 7, 0, 6]",,,,396,Wheaton (IL),iii,CCIW,47.0,"[7, 19, 7, 14]",,,,,,,
401541927,2023,3,regular,2023-09-16T18:00:00.000Z,False,True,False,True,,5938.0,Al Whitehead Field at Greyhound Stadium,2201,Eastern New Mexico,ii,Lone Star,30.0,"[14, 3, 7, 6]",,,,2848,Western Oregon,ii,Lone Star,29.0,"[8, 21, 0, 0]",,,,,,,
401547116,2023,3,regular,2023-09-16T18:00:00.000Z,False,True,False,True,,5921.0,Rock Bowl,263,Loras,iii,American Rivers,44.0,"[7, 7, 14, 16]",,,,67,Luther,iii,American Rivers,29.0,"[0, 14, 0, 15]",,,,,,,
401550407,2023,3,regular,2023-09-16T18:00:00.000Z,False,True,False,True,,4423.0,Young-Wise Memorial Stadium,418,Hendrix,iii,Southern Athletic,51.0,"[10, 27, 7, 7]",,,,2588,Southwestern U,iii,Southern Athletic,38.0,"[3, 14, 7, 14]",,,,,,,
401547071,2023,3,regular,2023-09-16T18:00:00.000Z,False,True,False,True,,4747.0,Abbott Memorial Alumni Stadium,2657,Tuskegee,ii,SIAC,27.0,"[0, 10, 7, 10]",,,,2119,Central State,ii,SIAC,21.0,"[7, 0, 7, 7]",,,,,,,
401544079,2023,3,regular,2023-09-16T18:00:00.000Z,False,True,False,True,,3945.0,Strong Stadium,266,Beloit,iii,Midwest,23.0,"[7, 10, 0, 6]",,,,65,Grinnell,iii,Midwest,33.0,"[6, 0, 14, 13]",,,,,,,
401525502,2023,3,regular,2023-09-16T18:00:00.000Z,False,True,False,False,56919.0,3670.0,Carter-Finley Stadium,152,NC State,fbs,ACC,45.0,"[21, 10, 7, 7]",0.9989580762065414,1570.0,1570.0,2678,VMI,fcs,Southern,7.0,"[0, 0, 7, 0]",0.0010419237934585768,,,2.3480485678,,,
401532402,2023,3,regular,2023-09-16T18:00:00.000Z,False,True,False,False,15054.0,3919.0,Scheumann Stadium,2050,Ball State,fbs,Mid-American,45.0,"[0, 10, 7, 28]",0.9944940805435181,1288.0,1288.0,282,Indiana State,fcs,MVFC,7.0,"[0, 0, 7, 0]",0.005505919456481934,,,3.516571442836262,,,
401549777,2023,3,regular,2023-09-16T18:00:00.000Z,False,True,False,False,,5916.0,Carson Park,2738,Wisconsin Eau Claire,iii,Wisconsin,0.0,"[0, 0, 0, 0]",,,,2802,Bethel (MN),iii,Minnesota,24.0,"[7, 7, 3, 7]",,,,,,,
401549667,2023,3,regular,2023-09-16T18:00:00.000Z,False,True,False,True,,5915.0,Farwell Field,262,Lake Forest,iii,Midwest,41.0,"[14, 13, 14, 0]",,,,2155,Cornell (IA),iii,Midwest,7.0,"[7, 0, 0, 0]",,,,,,,
401540796,2023,3,regular,2023-09-16T18:00:00.000Z,False,True,False,False,,3950.0,Superior Dome,128,Northern Michigan,ii,GLIAC,3.0,"[0, 3, 0, 0]",,,,2740,Wisconsin La Crosse,iii,Wisconsin,34.0,"[14, 10, 0, 10]",,,,,,,
401547214,2023,3,regular,2023-09-16T18:00:00.000Z,False,True,False,True,,6093.0,Holmgren Athletic Complex,75,North Park,iii,CCIW,27.0,"[7, 13, 0, 7]",,,,32,Carroll (WI),iii,CCIW,41.0,"[10, 14, 7, 10]",,,,,,,
401552877,2023,3,regular,2023-09-16T18:00:00.000Z,False,True,False,True,,6079.0,Alumni Stadium (VT),2394,Middlebury,iii,NESCAC,21.0,"[14, 7, 0, 0]",,,,7,Amherst,iii,NESCAC,7.0,"[0, 0, 0, 7]",,,,,,,
401526834,2023,3,regular,2023-09-16T18:00:00.000Z,False,True,False,False,16138.0,3912.0,Rynearson Stadium,2199,Eastern Michigan,fbs,Mid-American,19.0,"[3, 7, 0, 9]",0.5686696171760559,1413.0,1408.0,113,Massachusetts,fbs,FBS Independents,17.0,"[0, 3, 7, 7]",0.4313303828239441,1043.0,1048.0,5.884823554854904,,,
401550317,2023,3,regular,2023-09-16T18:00:00.000Z,False,True,False,False,,5800.0,Jopson Athletic Complex,2079,Bridgewater,iii,Old Dominion,41.0,"[0, 21, 0, 20]",,,,286,North Carolina Wesleyan,iii,USA South,12.0,"[0, 6, 6, 0]",,,,,,,
401541003,2023,3,regular,2023-09-16T18:00:00.000Z,False,True,False,True,,4435.0,Robert B. Redman Stadium,2071,Bloomsburg,ii,Pennsylvania State Athletic,13.0,"[7, 0, 0, 6]",,,,2205,Edinboro,ii,Pennsylvania State Athletic,23.0,"[7, 3, 6, 7]",,,,,,,
401549660,2023,3,regular,2023-09-16T18:00:00.000Z,False,True,False,True,,6109.0,Ingalls Field,2891,Ripon,iii,Midwest,21.0,"[7, 7, 7, 0]",,,,2286,Illinois College,iii,Midwest,52.0,"[21, 21, 7, 3]",,,,,,,
401550245,2023,3,regular,2023-09-16T18:00:00.000Z,False,True,False,True,,6121.0,Donald J. Schneider Stadium,2832,St. Norbert,iii,NACC,37.0,"[6, 6, 6, 19]",,,,2741,Wisconsin Lutheran,iii,NACC,32.0,"[7, 0, 6, 19]",,,,,,,
401544891,2023,3,regular,2023-09-16T18:00:00.000Z,False,True,False,True,,4433.0,George P. Miller Stadium,2291,IU Pennsylvania,ii,Pennsylvania State Athletic,49.0,"[7, 7, 21, 14]",,,,2559,Shippensburg,ii,Pennsylvania State Athletic,14.0,"[7, 0, 0, 7]",,,,,,,
401540375,2023,3,regular,2023-09-16T18:00:00.000Z,False,True,False,False,,1905.0,DakotaDome,233,South Dakota,fcs,MVFC,35.0,"[0, 7, 14, 14]",0.9876377582550049,,,2320,Lamar,fcs,Southland,6.0,"[3, 3, 0, 0]",0.012362241744995117,,,3.634339398832491,,,
401540452,2023,3,regular,2023-09-16T18:00:00.000Z,False,True,False,False,,844.0,Stambaugh Stadium,2754,Youngstown State,fcs,MVFC,48.0,"[13, 14, 14, 7]",0.6790342926979065,,,2523,Robert Morris,fcs,Big South,28.0,"[7, 7, 0, 14]",0.3209657073020935,,,3.762908081170196,,,
401524012,2023,3,regular,2023-09-16T18:00:00.000Z,False,True,False,False,51532.0,587.0,Rice-Eccles Stadium,254,Utah,fbs,Pac-12,31.0,"[7, 10, 14, 0]",0.9773723483085632,1807.0,1807.0,2692,Weber State,fcs,Big Sky,7.0,"[0, 7, 0, 0]",0.022627651691436768,,,2.386972347674975,,,
401550231,2023,3,regular,2023-09-16T18:00:00.000Z,False,True,False,True,,5918.0,Taylor Field,6353,Lakeland,iii,NACC,28.0,"[14, 7, 0, 7]",,,,409,Concordia (WI),iii,NACC,31.0,"[7, 7, 7, 10]",,,,,,,
401550121,2023,3,regular,2023-09-16T18:30:00.000Z,False,True,False,False,,5794.0,Caparso Field,15,Anna Maria College,iii,ECFC,37.0,"[10, 14, 7, 6]",,,,110,Mass Maritime,iii,MSCAC,30.0,"[7, 7, 10, 6]",,,,,,,
401525437,2023,3,regular,2023-09-16T18:30:00.000Z,False,True,False,False,77622.0,3855.0,Notre Dame Stadium,87,Notre Dame,fbs,FBS Independents,41.0,"[14, 7, 10, 10]",0.9987696063393773,1844.0,1851.0,2117,Central Michigan,fbs,Mid-American,17.0,"[7, 7, 3, 0]",0.0012303936606227195,1328.0,1321.0,3.8958309204,,,
401544927,2023,3,regular,2023-09-16T19:00:00.000Z,False,True,False,True,,6044.0,Lane Field,2323,Lane College,ii,SIAC,7.0,"[7, 0, 0, 0]",,,,490,Benedict,ii,SIAC,54.0,"[14, 12, 21, 7]",,,,,,,
401545812,2023,3,regular,2023-09-16T19:00:00.000Z,False,True,False,True,,5874.0,Chet Anderson Stadium,132,Bemidji State,ii,Northern Sun,36.0,"[7, 9, 14, 6]",,,,2851,Winona State,ii,Northern Sun,10.0,"[3, 7, 0, 0]",,,,,,,
401549631,2023,3,regular,2023-09-16T19:00:00.000Z,False,True,False,False,,5824.0,Lions Stadium,2442,The College of New Jersey,iii,New Jersey,10.0,"[0, 0, 3, 7]",,,,2422,Muhlenberg,iii,Centennial,38.0,"[7, 14, 10, 7]",,,,,,,
401541940,2023,3,regular,2023-09-16T19:00:00.000Z,False,True,False,True,,5878.0,Wantland Stadium,2122,Central Oklahoma,ii,Mid America,31.0,"[0, 3, 14, 14]",,,,137,Missouri Western,ii,Mid America,34.0,"[3, 17, 7, 7]",,,,,,,
401544882,2023,3,regular,2023-09-16T19:00:00.000Z,False,True,False,True,,6051.0,James S. Malosky Stadium,134,Minnesota Duluth,ii,Northern Sun,42.0,"[14, 7, 14, 7]",,,,2894,Sioux Falls,ii,Northern Sun,34.0,"[0, 14, 0, 20]",,,,,,,
401541065,2023,3,regular,2023-09-16T19:00:00.000Z,False,True,False,False,,5787.0,Docking Stadium,2003,Adrian,iii,Michigan,23.0,"[10, 13, 0, 0]",,,,2074,Bluffton,iii,Heartland,15.0,"[0, 7, 8, 0]",,,,,,,
401541074,2023,3,regular,2023-09-16T19:00:00.000Z,False,True,False,False,,6082.0,Big Cat Stadium,2399,Minnesota Morris,iii,Upper Midwest,12.0,"[0, 6, 0, 6]",,,,2101,Carleton,iii,Minnesota,38.0,"[7, 17, 7, 7]",,,,,,,
401540739,2023,3,regular,2023-09-16T19:00:00.000Z,False,True,False,False,,6077.0,Stokes Stadium,2654,Truman State,ii,Great Lakes,21.0,"[0, 7, 0, 14]",,,,129,Saginaw Valley State,ii,GLIAC,7.0,"[0, 7, 0, 0]",,,,,,,
401551728,2023,3,regular,2023-09-16T19:00:00.000Z,False,True,False,False,,6102.0,Sparks Stadium,2486,Pacific Lutheran,iii,Northwest,37.0,"[0, 27, 7, 3]",,,,2094,Cal Lutheran,iii,So. Cal.,27.0,"[10, 3, 0, 14]",,,,,,,
401544992,2023,3,regular,2023-09-16T19:00:00.000Z,False,True,False,True,,6101.0,"Memorial Stadium (Westerville, OH)",359,Otterbein,iii,Ohio,21.0,"[0, 7, 7, 7]",,,,2733,Wilmington (OH),iii,Ohio,47.0,"[6, 13, 14, 14]",,,,,,,
401540267,2023,3,regular,2023-09-16T19:00:00.000Z,False,True,False,False,,3643.0,Bobcat Stadium,147,Montana State,fcs,Big Sky,57.0,"[21, 20, 10, 6]",0.970571756362915,,,56,Stetson,fcs,Pioneer,20.0,"[0, 6, 7, 7]",0.02942824363708496,,,1.831817762363513,,,
401545989,2023,3,regular,2023-09-16T19:00:00.000Z,False,True,False,True,,3860.0,O'Harra Stadium,613,South Dakota Mines,ii,Rocky Mountain,30.0,"[14, 0, 6, 10]",,,,11,Colorado Mesa,ii,Rocky Mountain,38.0,"[24, 7, 0, 7]",,,,,,,
401547040,2023,3,regular,2023-09-16T19:00:00.000Z,False,True,True,True,,3839.0,MetLife Stadium,60,Morehouse,ii,SIAC,14.0,[],,,,2013,Albany State,ii,SIAC,24.0,[],,,,,,HBCU New York Classic,
401540156,2023,3,regular,2023-09-16T19:00:00.000Z,False,True,False,False,,3902.0,Eddie Robinson Stadium,2755,Grambling,fcs,SWAC,58.0,"[7, 16, 14, 21]",,,,125762,Florida Memorial University,,,22.0,"[3, 6, 7, 6]",,,,,,,
401550214,2023,3,regular,2023-09-16T19:00:00.000Z,False,True,False,True,,5820.0,Amos Alonzo Stagg Field,80,Chicago,iii,Midwest,63.0,[],,,,255,Knox,iii,Midwest,0.0,[],,,,,,,
401540101,2023,3,regular,2023-09-16T19:00:00.000Z,False,True,False,False,,3858.0,O'Brien Stadium,2197,Eastern Illinois,fcs,Big South-OVC,14.0,"[0, 7, 0, 7]",0.15249013900756836,,,2287,Illinois State,fcs,MVFC,13.0,"[0, 0, 7, 6]",0.8475098609924316,,,7.20566387407529,,,
401525842,2023,3,regular,2023-09-16T19:30:00.000Z,False,True,False,False,30855.0,3674.0,Chapman Stadium,202,Tulsa,fbs,American Athletic,17.0,"[0, 14, 3, 0]",0.022329358384013176,1370.0,1280.0,201,Oklahoma,fbs,Big 12,66.0,"[28, 10, 21, 7]",0.9776706416159868,1807.0,1897.0,2.4254905307612944,,,
401520239,2023,3,regular,2023-09-16T19:30:00.000Z,False,True,False,False,45151.0,3787.0,Kenan Stadium,153,North Carolina,fbs,ACC,31.0,"[7, 14, 3, 7]",0.9803282618522644,1585.0,1636.0,135,Minnesota,fbs,Big Ten,13.0,"[0, 10, 3, 0]",0.019671738147735596,1691.0,1640.0,3.049966108406419,,,
401520225,2023,3,regular,2023-09-16T19:30:00.000Z,False,True,False,True,92746.0,3917.0,Sanford Stadium,61,Georgia,fbs,SEC,24.0,"[3, 0, 14, 7]",0.9927236437797546,2065.0,2048.0,2579,South Carolina,fbs,SEC,14.0,"[7, 7, 0, 0]",0.007276356220245361,1540.0,1557.0,4.63409617296879,,,
401520244,2023,3,regular,2023-09-16T19:30:00.000Z,False,True,False,False,65138.0,3886.0,Raymond James Stadium,58,South Florida,fbs,American Athletic,3.0,"[3, 0, 0, 0]",0.19295041263103485,1249.0,1279.0,333,Alabama,fbs,SEC,17.0,"[0, 3, 7, 7]",0.8070495873689651,1984.0,1954.0,5.143241011904963,,,
401540488,2023,3,regular,2023-09-16T19:30:00.000Z,False,True,False,True,,3607.0,Alfond Stadium,311,Maine,fcs,Coastal Athletic,17.0,"[7, 10, 0, 0]",0.054653946310281754,,,227,Rhode Island,fcs,Coastal Athletic,34.0,"[3, 21, 3, 7]",0.9453460536897182,,,4.538727613884636,,,
401534851,2023,3,regular,2023-09-16T19:30:00.000Z,False,True,True,False,,6274.0,Audi Field,47,Howard,fcs,MEAC,34.0,"[7, 14, 10, 3]",0.8518455028533936,,,2261,Hampton,fcs,Coastal Athletic,35.0,"[0, 14, 7, 14]",0.14815449714660645,,,4.837181920909852,,,
401520223,2023,3,regular,2023-09-16T19:30:00.000Z,False,True,False,False,18141.0,3982.0,Wallace Wade Stadium,150,Duke,fbs,ACC,38.0,"[7, 10, 14, 7]",0.9825081825256348,1592.0,1630.0,77,Northwestern,fbs,Big Ten,14.0,"[0, 7, 0, 7]",0.017491817474365234,1390.0,1352.0,2.326461796904731,,,
401520227,2023,3,regular,2023-09-16T19:30:00.000Z,False,True,False,False,69250.0,3793.0,Kinnick Stadium,2294,Iowa,fbs,Big Ten,41.0,"[0, 14, 17, 10]",0.9322707653045654,1667.0,1703.0,2711,Western Michigan,fbs,Mid-American,10.0,"[7, 3, 0, 0]",0.06772923469543457,1262.0,1226.0,3.873036452986737,,,
401540184,2023,3,regular,2023-09-16T19:30:00.000Z,False,True,False,False,,3714.0,Fargodome,2449,North Dakota State,fcs,MVFC,49.0,"[21, 14, 7, 7]",0.996638298034668,,,2110,Central Arkansas,fcs,UAC,31.0,"[7, 10, 0, 14]",0.0033617019653320312,,,2.5440013057496147,,,
401539971,2023,3,regular,2023-09-16T19:30:00.000Z,False,True,False,False,,2068.0,E. Claiborne Robins Stadium,257,Richmond,fcs,Coastal Athletic,38.0,"[3, 21, 0, 14]",0.9886538982391357,,,2169,Delaware State,fcs,MEAC,6.0,"[0, 3, 3, 0]",0.011346101760864258,,,2.181592402271037,,,
401540464,2023,3,regular,2023-09-16T19:30:00.000Z,False,True,True,False,,4221.0,Target Field,2571,South Dakota State,fcs,MVFC,70.0,"[14, 21, 21, 14]",0.9872835874557495,,,2181,Drake,fcs,Pioneer,7.0,"[7, 0, 0, 0]",0.012716412544250488,,,4.167076106440913,,,
401550341,2023,3,regular,2023-09-16T19:30:00.000Z,False,True,False,False,,5821.0,Fritz B. Burns Stadium,17,Claremont Mudd Scripps,iii,So. Cal.,16.0,"[0, 0, 7, 9]",,,,415,George Fox,iii,Northwest,7.0,"[7, 0, 0, 0]",,,,,,,
401524009,2023,3,regular,2023-09-16T19:30:00.000Z,False,True,False,False,35591.0,3893.0,Reser Stadium,204,Oregon State,fbs,Pac-12,26.0,"[3, 9, 7, 7]",0.9763561487197876,1729.0,1741.0,21,San Diego State,fbs,Mountain West,9.0,"[0, 3, 0, 6]",0.023643851280212402,1446.0,1434.0,3.2263971489391676,,,
401520243,2023,3,regular,2023-09-16T19:30:00.000Z,False,True,False,False,52657.0,6577.0,SHI Stadium,164,Rutgers,fbs,Big Ten,35.0,"[7, 14, 0, 14]",0.9947199821472168,1399.0,1444.0,259,Virginia Tech,fbs,ACC,16.0,"[0, 3, 7, 6]",0.005280017852783203,1412.0,1367.0,2.9893140594101486,,,
401520246,2023,3,regular,2023-09-16T19:30:00.000Z,False,True,False,False,20405.0,3892.0,Pratt & Whitney Stadium,41,UConn,fbs,FBS Independents,17.0,"[3, 0, 7, 7]",0.054603684693574905,1237.0,1213.0,2229,Florida International,fbs,Conference USA,24.0,"[7, 17, 0, 0]",0.9453963153064251,1101.0,1125.0,3.9839160607576205,,,
401531412,2023,3,regular,2023-09-16T19:30:00.000Z,False,True,False,False,40168.0,3792.0,Kidd Brewer Stadium,2026,App State,fbs,Sun Belt,43.0,"[10, 6, 20, 7]",0.9791142344474792,1556.0,1577.0,151,East Carolina,fbs,American Athletic,28.0,"[7, 14, 7, 0]",0.020885765552520752,1443.0,1422.0,7.056497705826486,,,
401546006,2023,3,regular,2023-09-16T20:00:00.000Z,False,True,False,True,,5944.0,Ray Dennison Memorial Field,2237,Fort Lewis,ii,Rocky Mountain,17.0,"[0, 3, 7, 7]",,,,2424,New Mexico Highlands,ii,Rocky Mountain,31.0,"[7, 10, 0, 14]",,,,,,,
401524006,2023,3,regular,2023-09-16T20:00:00.000Z,False,True,False,False,36810.0,3831.0,California Memorial Stadium,25,California,fbs,Pac-12,31.0,"[0, 14, 14, 3]",0.9600664973258972,1618.0,1618.0,70,Idaho,fcs,Big Sky,17.0,"[10, 7, 0, 0]",0.03993350267410278,,,4.45185329432659,,,
401520245,2023,3,regular,2023-09-16T20:00:00.000Z,False,True,False,False,93090.0,3795.0,Kyle Field,245,Texas A&M,fbs,SEC,47.0,"[10, 17, 10, 10]",0.9989158158362372,1608.0,1690.0,2433,UL Monroe,fbs,Sun Belt,3.0,"[0, 3, 0, 0]",0.0010841841637627692,1255.0,1173.0,3.311485305,,,
401546000,2023,3,regular,2023-09-16T20:00:00.000Z,False,True,False,True,,5782.0,Mountaineer Bowl,2714,Western Colorado,ii,Rocky Mountain,30.0,"[10, 17, 3, 0]",,,,2570,CSU Pueblo,ii,Rocky Mountain,14.0,"[7, 0, 7, 0]",,,,,,,
401544908,2023,3,regular,2023-09-16T20:00:00.000Z,False,True,False,True,,7075.0,Electric Supply Company Field,122666,Barton,ii,South Atlantic,28.0,"[7, 7, 7, 7]",,,,2842,UVA Wise,ii,South Atlantic,24.0,"[0, 0, 14, 10]",,,,,,,
401550876,2023,3,regular,2023-09-16T20:00:00.000Z,False,True,True,False,,3978.0,Vigilante Field,2701,Montana Western,,,48.0,"[7, 21, 13, 7]",,,,2333,Lewis & Clark,iii,Northwest,13.0,"[10, 3, 0, 0]",,,,,,,
401531348,2023,3,regular,2023-09-16T20:00:00.000Z,False,True,False,False,25038.0,3815.0,M. M. Roberts Stadium,2572,Southern Miss,fbs,Sun Belt,3.0,"[0, 0, 3, 0]",0.0,1267.0,1258.0,2655,Tulane,fbs,American Athletic,21.0,"[7, 0, 14, 0]",1.0,1621.0,1630.0,3.6258385917229212,,,
401568379,2023,3,regular,2023-09-16T20:00:00.000Z,False,True,False,False,,6104.0,Baker Stadium,2508,Puget Sound,iii,Northwest,21.0,"[0, 14, 0, 7]",,,,2318,La Verne,iii,So. Cal.,26.0,"[7, 0, 13, 6]",,,,,,,
401540559,2023,3,regular,2023-09-16T20:00:00.000Z,False,True,False,False,,716.0,Torero Stadium,301,San Diego,fcs,Pioneer,12.0,"[6, 3, 3, 0]",0.026290688663721085,,,163,Princeton,fcs,Ivy,23.0,"[7, 7, 7, 2]",0.9737093113362789,,,4.528951169832345,,,
401549744,2023,3,regular,2023-09-16T20:00:00.000Z,False,True,False,False,,3879.0,TowneBank Stadium,3112,Christopher Newport,iii,New Jersey,49.0,"[7, 21, 14, 7]",,,,2248,Gettysburg,iii,Centennial,17.0,"[3, 0, 7, 7]",,,,,,,
401520240,2023,3,regular,2023-09-16T20:00:00.000Z,False,True,False,False,100217.0,3861.0,Ohio Stadium,194,Ohio State,fbs,Big Ten,63.0,"[7, 35, 7, 14]",0.9942335486412048,1903.0,2028.0,98,Western Kentucky,fbs,Conference USA,10.0,"[3, 7, 0, 0]",0.005766451358795166,1632.0,1507.0,2.5533010880347273,,,
401540221,2023,3,regular,2023-09-16T20:00:00.000Z,False,True,False,False,,2023.0,Walkup Skydome,2464,Northern Arizona,fcs,Big Sky,36.0,"[7, 0, 8, 21]",0.06525114178657532,,,3101,Utah Tech,fcs,UAC,50.0,"[10, 27, 10, 3]",0.9347488582134247,,,3.454795375661832,,,
401540290,2023,3,regular,2023-09-16T20:00:00.000Z,False,True,False,False,,3661.0,Bulldog Stadium,2803,Bryant,fcs,Big South-OVC,25.0,"[0, 10, 7, 8]",0.28592750430107117,,,225,Brown,fcs,Ivy,29.0,"[7, 9, 0, 13]",0.7140724956989288,,,7.116650276231232,,,
401540236,2023,3,regular,2023-09-16T20:00:00.000Z,False,True,False,False,,3906.0,Roos Field,331,Eastern Washington,fcs,Big Sky,40.0,"[7, 10, 3, 20]",0.8070318102836609,,,2545,SE Louisiana,fcs,Southland,29.0,"[7, 7, 7, 8]",0.1929681897163391,,,3.3595303297042847,,,
401540471,2023,3,regular,2023-09-16T20:00:00.000Z,False,True,False,False,,3658.0,Buccaneer Field,2127,Charleston Southern,fcs,Big South-OVC,7.0,"[7, 0, 0, 0]",0.00258843027818671,,,2729,William & Mary,fcs,Coastal Athletic,15.0,"[8, 0, 7, 0]",0.9974115697218133,,,8.0979679214,,,
401550699,2023,3,regular,2023-09-16T20:00:00.000Z,False,True,False,False,,5790.0,Bahlke Field,2800,Alma,iii,Michigan,60.0,"[29, 21, 7, 3]",,,,2023,Anderson (IN),iii,Heartland,14.0,"[14, 0, 0, 0]",,,,,,,
401540283,2023,3,regular,2023-09-16T20:00:00.000Z,False,True,False,False,,4765.0,Hillsboro Stadium,2502,Portland State,fcs,Big Sky,91.0,"[21, 42, 28, 0]",0.999153196811676,,,123086,North American,,,0.0,"[0, 0, 0, 0]",0.0008468031883239746,,,1.6755038429284692,,,
401540134,2023,3,regular,2023-09-16T21:00:00.000Z,False,True,False,False,,3740.0,Golden Lion Stadium,2029,Arkansas-Pine Bluff,fcs,SWAC,21.0,"[14, 0, 7, 0]",0.9012182788154021,,,2396,Miles,ii,SIAC,20.0,"[0, 0, 14, 6]",0.09878172118459794,,,4.4343641174,,,
401540598,2023,3,regular,2023-09-16T21:00:00.000Z,False,True,False,False,,4899.0,Fifth Third Stadium,338,Kennesaw State,fcs,FCS Independents,28.0,"[0, 7, 0, 21]",0.3903869390487671,,,231,Furman,fcs,Southern,31.0,"[0, 14, 7, 10]",0.6096130609512329,,,5.988642909088074,,,
401549617,2023,3,regular,2023-09-16T21:00:00.000Z,False,True,False,False,,5899.0,"Alumni Stadium (Worcester, MA)",2749,WPI,iii,NEWMAC,0.0,"[0, 0, 0, 0]",,,,2528,Rensselaer,iii,Liberty League,25.0,"[7, 10, 0, 8]",,,,,,,
401524011,2023,3,regular,2023-09-16T21:00:00.000Z,False,True,False,False,38343.0,1056.0,Rose Bowl,26,UCLA,fbs,Pac-12,59.0,"[35, 10, 14, 0]",0.9919071197509766,1756.0,1756.0,2428,North Carolina Central,fcs,MEAC,7.0,"[0, 0, 0, 7]",0.008092880249023438,,,1.6418997333020047,,,
401524013,2023,3,regular,2023-09-16T21:00:00.000Z,False,True,False,False,23595.0,3820.0,Gesa Field,265,Washington State,fbs,Pac-12,64.0,"[22, 21, 14, 7]",0.9643226265907288,1653.0,1653.0,2458,Northern Colorado,fcs,Big Sky,21.0,"[0, 7, 7, 7]",0.03567737340927124,,,1.9042046206354455,,,
401520233,2023,3,regular,2023-09-16T21:00:00.000Z,False,True,False,False,70528.0,3936.0,Spartan Stadium,127,Michigan State,fbs,Big Ten,7.0,"[0, 0, 0, 7]",0.01750686764717102,1575.0,1509.0,264,Washington,fbs,Pac-12,41.0,"[14, 21, 6, 0]",0.982493132352829,1822.0,1888.0,4.153268593173667,,,
401540554,2023,3,regular,2023-09-16T22:00:00.000Z,False,True,False,False,,3737.0,Gibbs Stadium,2747,Wofford,fcs,Southern,20.0,"[0, 10, 7, 3]",0.932734489440918,,,2506,Presbyterian,fcs,Pioneer,23.0,"[7, 3, 3, 10]",0.06726551055908203,,,6.2610560900071475,,,
401547033,2023,3,regular,2023-09-16T22:00:00.000Z,False,True,False,True,,5945.0,Wildcat Stadium (GA),2232,Fort Valley State,ii,SIAC,34.0,[],,,,2206,Edward Waters,ii,SIAC,31.0,[],,,,,,,
401549812,2023,3,regular,2023-09-16T22:00:00.000Z,False,True,False,False,,5807.0,Brevard Memorial Stadium,2913,Brevard,iii,USA South,14.0,"[7, 0, 7, 0]",,,,2047,Averett,iii,Old Dominion,17.0,"[3, 14, 0, 0]",,,,,,,
401540660,2023,3,regular,2023-09-16T22:00:00.000Z,False,True,False,True,,6068.0,George Williams Athletic Complex,395,St. Augustine's,ii,CIAA,12.0,"[6, 0, 0, 6]",,,,330,Virginia State,ii,CIAA,55.0,"[7, 6, 21, 21]",,,,,,,
401540411,2023,3,regular,2023-09-16T22:00:00.000Z,False,True,False,True,,3894.0,Rhodes Stadium,2210,Elon,fcs,Coastal Athletic,27.0,"[7, 10, 3, 7]",0.9909466505050659,,,2448,North Carolina A&T,fcs,Coastal Athletic,3.0,"[0, 0, 3, 0]",0.009053349494934082,,,2.0603852272688448,,,
401541637,2023,3,regular,2023-09-16T22:00:00.000Z,False,True,False,False,,3664.0,Butler Bowl,2086,Butler,fcs,Pioneer,47.0,"[7, 17, 9, 14]",0.9916738833365336,,,89,Wabash,iii,North Coast,21.0,"[0, 14, 0, 7]",0.008326116663466387,,,3.4952030039,,,
401547014,2023,3,regular,2023-09-16T22:00:00.000Z,False,True,False,True,,6553.0,Helen and Leonard Moretz Stadium,2331,Lenoir Rhyne,ii,South Atlantic,62.0,"[14, 35, 6, 7]",,,,101784,Erskine,ii,South Atlantic,0.0,"[0, 0, 0, 0]",,,,,,,
401540699,2023,3,regular,2023-09-16T22:00:00.000Z,False,True,False,False,,6040.0,Key Stadium,2292,Indianapolis,ii,Great Lakes,21.0,"[0, 7, 0, 14]",,,,131,Wayne State (MI),ii,GLIAC,7.0,"[0, 7, 0, 0]",,,,,,,
401550195,2023,3,regular,2023-09-16T22:00:00.000Z,False,True,False,False,,6112.0,Richard Wackar Stadium,2827,Rowan,iii,New Jersey,21.0,"[0, 7, 0, 14]",,,,2667,Ursinus,iii,Centennial,44.0,"[7, 14, 3, 20]",,,,,,,
401539979,2023,3,regular,2023-09-16T22:00:00.000Z,False,True,False,False,,3762.0,Hughes Stadium,2415,Morgan State,fcs,MEAC,10.0,"[0, 0, 0, 10]",0.04966804385185242,,,119,Towson,fcs,Coastal Athletic,20.0,"[7, 13, 0, 0]",0.9503319561481476,,,2.72027089645194,,,
401540484,2023,3,regular,2023-09-16T22:00:00.000Z,False,True,False,True,,3810.0,Nissan Stadium,2634,Tennessee State,fcs,Big South-OVC,27.0,"[7, 7, 7, 6]",0.45878109335899353,,,2241,Gardner-Webb,fcs,Big South-OVC,25.0,"[7, 10, 2, 6]",0.5412189066410065,,,9.247138229114267,,,
401540677,2023,3,regular,2023-09-16T22:00:00.000Z,False,True,False,True,,3813.0,"Luther ""Nick"" Jeralds Stadium",2220,Fayetteville State,ii,CIAA,20.0,"[3, 6, 0, 11]",,,,2339,Lincoln (PA),ii,CIAA,17.0,"[0, 0, 14, 3]",,,,,,,
401544873,2023,3,regular,2023-09-16T22:00:00.000Z,False,True,False,True,,3649.0,Bowman Gray Stadium,2736,Winston-Salem State,ii,CIAA,24.0,"[3, 7, 14, 0]",,,,2207,Elizabeth City State,ii,CIAA,7.0,"[0, 0, 7, 0]",,,,,,,
401550272,2023,3,regular,2023-09-16T22:00:00.000Z,False,True,False,True,,4757.0,Edwards-Maurer Field,2746,Wittenberg,iii,North Coast,56.0,"[7, 28, 14, 7]",,,,352,Kenyon,iii,North Coast,17.0,"[0, 3, 0, 14]",,,,,,,
401540149,2023,3,regular,2023-09-16T22:00:00.000Z,False,True,False,False,,3650.0,Bragg Memorial Stadium,50,Florida A&M,fcs,SWAC,31.0,"[0, 3, 21, 7]",,,,110242,West Florida,ii,Gulf South,10.0,"[0, 3, 0, 7]",,,,,,,
401531403,2023,3,regular,2023-09-16T22:00:00.000Z,False,True,False,False,14410.0,4418.0,Jerry Richardson Stadium,2429,Charlotte,fbs,American Athletic,25.0,"[0, 10, 15, 0]",0.05072753503918648,1214.0,1205.0,2247,Georgia State,fbs,Sun Belt,41.0,"[7, 13, 14, 7]",0.9492724649608135,1517.0,1526.0,4.266221010236035,,,
401540686,2023,3,regular,2023-09-16T22:00:00.000Z,False,True,False,False,,6041.0,Irwin Belk Complex,2304,Johnson C. Smith,ii,CIAA,30.0,"[3, 17, 3, 7]",,,,124180,Bluefield State,ii,Independent DII,13.0,"[0, 0, 7, 6]",,,,,,,
401545885,2023,3,regular,2023-09-16T22:00:00.000Z,False,True,False,True,,4430.0,Mihalik-Thompson Stadium,215,Slippery Rock,ii,Pennsylvania State Athletic,42.0,"[7, 14, 14, 7]",,,,210,Millersville,ii,Pennsylvania State Athletic,21.0,"[7, 14, 0, 0]",,,,,,,
401547055,2023,3,regular,2023-09-16T22:00:00.000Z,False,True,False,True,,3952.0,Ted Wright Stadium,2542,Savannah State,ii,SIAC,28.0,"[14, 6, 8, 0]",,,,2805,Clark Atlanta,ii,SIAC,21.0,"[7, 14, 0, 0]",,,,,,,
401540582,2023,3,regular,2023-09-16T22:00:00.000Z,False,True,False,True,,3720.0,Finley Stadium,236,Chattanooga,fcs,Southern,48.0,"[14, 17, 10, 7]",0.994515061378479,,,2643,The Citadel,fcs,Southern,3.0,"[0, 3, 0, 0]",0.005484938621520996,,,1.999345923787639,,,
401540034,2023,3,regular,2023-09-16T22:00:00.000Z,False,True,False,False,,3695.0,Delaware Stadium,48,Delaware,fcs,CAA,42.0,"[0, 21, 14, 7]",0.9790433049201965,,,2598,Saint Francis,fcs,NEC,14.0,"[0, 7, 0, 7]",0.020956695079803467,,,3.4185628026200687,,,
401540334,2023,3,regular,2023-09-16T22:00:00.000Z,False,True,False,False,,3688.0,Wildcat Stadium,160,New Hampshire,fcs,Coastal Athletic,24.0,"[0, 10, 0, 14]",0.9710474014282227,,,159,Dartmouth,fcs,Ivy,7.0,"[0, 0, 0, 7]",0.028952598571777344,,,3.867736533179735,,,
401547007,2023,3,regular,2023-09-16T22:00:00.000Z,False,True,False,True,,5122.0,Shuford Stadium,2107,Catawba,ii,South Atlantic,20.0,"[14, 0, 0, 6]",,,,2369,Mars Hill,ii,South Atlantic,35.0,"[7, 14, 7, 7]",,,,,,,
401544919,2023,3,regular,2023-09-16T22:00:00.000Z,False,True,False,True,,5781.0,Irwin Belk Stadium,351,Wingate,ii,South Atlantic,21.0,"[0, 7, 7, 7]",,,,2839,Tusculum,ii,South Atlantic,23.0,"[7, 7, 2, 7]",,,,,,,
401547025,2023,3,regular,2023-09-16T22:00:00.000Z,False,True,False,True,,3926.0,Setzler Field,2444,Newberry,ii,South Atlantic,25.0,"[0, 0, 7, 7, 0, 3, 2, 0, 0, 2, 2, 2]",,,,2213,Emory & Henry,ii,South Atlantic,23.0,"[7, 0, 0, 7, 0, 3, 2, 0, 0, 2, 2, 0]",,,,,,,
401550276,2023,3,regular,2023-09-16T22:00:00.000Z,False,True,False,True,,6098.0,Dial-Roberson Stadium,427,Ohio Northern,iii,Ohio,14.0,"[0, 7, 7, 0]",,,,191,Heidelberg,iii,Ohio,35.0,"[7, 14, 7, 7]",,,,,,,
401540192,2023,3,regular,2023-09-16T22:00:00.000Z,False,True,False,False,,3908.0,Roy Kidd Stadium,2198,Eastern Kentucky,fcs,UAC,24.0,"[11, 3, 0, 10]",0.20977842807769775,,,2717,Western Carolina,fcs,Southern,27.0,"[7, 0, 7, 13]",0.7902215719223022,,,8.579144668743902,,,
401540669,2023,3,regular,2023-09-16T22:00:00.000Z,False,True,False,True,,3612.0,Alumni Memorial Stadium (NC),2940,Livingstone,ii,CIAA,20.0,"[13, 0, 7, 0]",,,,2676,Virginia Union,ii,CIAA,28.0,"[0, 21, 7, 0]",,,,,,,
401540251,2023,3,regular,2023-09-16T22:00:00.000Z,False,True,False,False,,1930.0,Holt Arena,304,Idaho State,fcs,Big Sky,17.0,"[3, 0, 7, 7]",,,,2460,Northern Iowa,fcs,MVFC,41.0,"[14, 13, 7, 7]",,,,,,,
401549712,2023,3,regular,2023-09-16T22:00:00.000Z,False,True,False,True,,6217.0,W.C. Hawkins Stadium,2019,Allen,ii,SIAC,34.0,"[7, 0, 0, 27]",,,,2310,Kentucky State,ii,SIAC,30.0,"[7, 14, 9, 0]",,,,,,,
401544199,2023,3,regular,2023-09-16T22:00:00.000Z,False,True,False,False,,6048.0,Duane Stadium,2771,Merrimack,fcs,NEC,44.0,"[14, 23, 0, 7]",,,,2355,Virginia Lynchburg,,,0.0,"[0, 0, 0, 0]",,,,2.2866715787,,,
401525843,2023,3,regular,2023-09-16T22:30:00.000Z,False,True,False,False,44206.0,3652.0,FBC Mortgage Stadium,2116,UCF,fbs,Big 12,48.0,"[17, 17, 7, 7]",0.994231641292572,1688.0,1688.0,222,Villanova,fcs,Coastal Athletic,14.0,"[0, 0, 0, 14]",0.0057683587074279785,,,2.216849025772219,,,
401520221,2023,3,regular,2023-09-16T23:00:00.000Z,False,True,False,False,88043.0,3785.0,Jordan-Hare Stadium,2,Auburn,fbs,SEC,45.0,"[0, 17, 14, 14]",0.9931033849716187,1697.0,1697.0,2535,Samford,fcs,Southern,13.0,"[0, 0, 13, 0]",0.006896615028381348,,,3.255868070100453,,,
401541866,2023,3,regular,2023-09-16T23:00:00.000Z,False,True,False,False,,4851.0,Bazemore-Hyder Stadium,2673,Valdosta State,ii,Gulf South,49.0,"[14, 7, 14, 14]",,,,126110,Keiser University,,,25.0,"[6, 7, 6, 6]",,,,,,,
401541045,2023,3,regular,2023-09-16T23:00:00.000Z,False,True,False,False,,6125.0,Bulldog Stadium (TX),2639,Texas Lutheran,iii,American Southwest,14.0,"[0, 7, 0, 7]",,,,3178,Ave Maria University,,,27.0,"[10, 0, 7, 10]",,,,,,,
401541769,2023,3,regular,2023-09-16T23:00:00.000Z,False,True,False,True,,4763.0,Ranger Field,2823,Northwestern (OK),ii,Great American,29.0,"[7, 3, 13, 6]",,,,200,Southern Nazarene,ii,Great American,42.0,"[20, 7, 7, 8]",,,,,,,
401550380,2023,3,regular,2023-09-16T23:00:00.000Z,False,True,False,True,,3671.0,Case Field,2963,Case Western Reserve,iii,Presidents',24.0,"[7, 0, 7, 7, 3]",,,,146,Grove City,iii,Presidents',27.0,"[0, 7, 7, 7, 6]",,,,,,,
401541803,2023,3,regular,2023-09-16T23:00:00.000Z,False,True,False,True,,3770.0,Jack Miller Stadium,308,Ashland,ii,Great Midwest Athletic,38.0,"[7, 7, 10, 14]",,,,2273,Hillsdale,ii,Great Midwest Athletic,14.0,"[7, 0, 0, 7]",,,,,,,
401532403,2023,3,regular,2023-09-16T23:00:00.000Z,False,True,False,False,20039.0,3739.0,Glass Bowl,2649,Toledo,fbs,Mid-American,21.0,"[0, 7, 14, 0]",0.7013798952102661,1498.0,1497.0,23,San José State,fbs,Mountain West,17.0,"[0, 10, 7, 0]",0.2986201047897339,1378.0,1379.0,5.525134368631196,,,
401541979,2023,3,regular,2023-09-16T23:00:00.000Z,False,True,False,True,,6062.0,Gable Field at Doc Wadley Stadium,196,Northeastern State,ii,Mid America,0.0,"[0, 0, 0, 0]",,,,2214,Emporia State,ii,Mid America,38.0,"[24, 7, 0, 7]",,,,,,,
401541796,2023,3,regular,2023-09-16T23:00:00.000Z,False,True,False,True,,6073.0,Milam Stadium,2927,Southwestern Oklahoma State,ii,Great American,13.0,"[0, 0, 13, 0]",,,,2191,East Central,ii,Great American,24.0,"[3, 0, 7, 14]",,,,,,,
401541874,2023,3,regular,2023-09-16T23:00:00.000Z,False,True,False,True,,6061.0,Younts Stadium,2822,North Greenville,ii,Gulf South,23.0,"[10, 10, 0, 3]",,,,2695,West Alabama,ii,Gulf South,16.0,"[7, 6, 0, 3]",,,,,,,
401531846,2023,3,regular,2023-09-16T23:00:00.000Z,False,True,False,False,14327.0,3625.0,Centennial Bank Stadium,2032,Arkansas State,fbs,Sun Belt,31.0,"[17, 0, 7, 7]",0.9990095496177673,1024.0,1024.0,2619,Stony Brook,fcs,Coastal Athletic,7.0,"[0, 0, 0, 7]",0.000990450382232666,,,2.3471973752048783,,,
401541094,2023,3,regular,2023-09-16T23:00:00.000Z,False,True,False,True,,6099.0,Selby Stadium,2980,Ohio Wesleyan,iii,North Coast,49.0,"[14, 21, 0, 14]",,,,2748,Wooster,iii,North Coast,20.0,"[3, 3, 0, 14]",,,,,,,
401531848,2023,3,regular,2023-09-16T23:00:00.000Z,False,True,False,True,26634.0,3975.0,Veterans Memorial Stadium (AL),2653,Troy,fbs,Sun Belt,14.0,"[0, 7, 0, 7]",0.0775107815861702,1501.0,1503.0,256,James Madison,fbs,Sun Belt,16.0,"[3, 10, 3, 0]",0.9224892184138298,1595.0,1593.0,6.5758311632847875,,,
401531379,2023,3,regular,2023-09-16T23:00:00.000Z,False,True,False,False,21673.0,7221.0,Protective Stadium,5,UAB,fbs,American Athletic,21.0,"[0, 0, 3, 18]",0.060032665729522705,1473.0,1427.0,309,Louisiana,fbs,Sun Belt,41.0,"[0, 24, 10, 7]",0.9399673342704773,1515.0,1561.0,4.184561000544295,,,
401520237,2023,3,regular,2023-09-16T23:00:00.000Z,False,True,False,False,86875.0,3834.0,"Memorial Stadium (Lincoln, NE)",158,Nebraska,fbs,Big Ten,35.0,"[7, 7, 7, 14]",0.996191143989563,1430.0,1476.0,2459,Northern Illinois,fbs,Mid-American,11.0,"[3, 0, 0, 8]",0.0038088560104370117,1309.0,1263.0,2.4582316014300583,,,
401540202,2023,3,regular,2023-09-16T23:00:00.000Z,False,True,False,False,,3962.0,Tucker Stadium,2635,Tennessee Tech,fcs,Big South-OVC,7.0,"[7, 0, 0, 0]",0.5294573903083801,,,2453,North Alabama,fcs,UAC,20.0,"[10, 7, 3, 0]",0.4705426096916199,,,4.616198285427761,,,
401545856,2023,3,regular,2023-09-16T23:00:00.000Z,False,True,False,True,,6035.0,"Memorial Stadium (Wayne, NE)",2844,Wayne State (NE),ii,Northern Sun,49.0,"[7, 14, 21, 7]",,,,2587,Southwest Minnesota State,ii,Northern Sun,10.0,"[7, 3, 0, 0]",,,,,,,
401540355,2023,3,regular,2023-09-16T23:00:00.000Z,False,True,False,False,,3748.0,Graham Stadium,2630,UT Martin,fcs,Big South-OVC,66.0,"[14, 24, 21, 7]",0.9930822253227234,,,2277,Houston Christian,fcs,Southland,7.0,"[7, 0, 0, 0]",0.006917774677276611,,,3.227221641468769,,,
401541985,2023,3,regular,2023-09-16T23:00:00.000Z,False,True,False,False,,6045.0,Dwight T. Reed Stadium,2876,Lincoln (MO),ii,Independent DII,10.0,"[0, 0, 0, 10]",,,,2687,Washburn,ii,Mid America,24.0,"[17, 0, 7, 0]",,,,,,,
401541783,2023,3,regular,2023-09-16T23:00:00.000Z,False,True,False,True,,6065.0,Cliff Harris Stadium,2888,Ouachita Baptist,ii,Great American,52.0,"[14, 21, 0, 17]",,,,2568,Southern Arkansas,ii,Great American,24.0,"[7, 14, 3, 0]",,,,,,,
401551487,2023,3,regular,2023-09-16T23:00:00.000Z,False,True,True,False,,6129.0,BB&T Field at Griffin Plaza,2646,Thomas More,,,18.0,"[0, 6, 0, 12]",,,,2477,Ohio Dominican,ii,Great Midwest Athletic,17.0,"[14, 0, 0, 3]",,,,,,,
401525839,2023,3,regular,2023-09-16T23:00:00.000Z,False,True,False,False,53855.0,3646.0,Boone Pickens Stadium,197,Oklahoma State,fbs,Big 12,7.0,"[0, 0, 0, 7]",0.011579561978578568,1550.0,1468.0,6,South Alabama,fbs,Sun Belt,33.0,"[10, 13, 0, 10]",0.9884204380214214,1459.0,1541.0,2.4456857830784564,,,
401540719,2023,3,regular,2023-09-16T23:00:00.000Z,False,True,False,True,,5870.0,Thone Stadium at Buerkle Field,2033,Arkansas Tech,ii,Great American,24.0,"[3, 14, 0, 7]",,,,2271,Henderson State,ii,Great American,27.0,"[7, 10, 10, 0]",,,,,,,
401525841,2023,3,regular,2023-09-16T23:00:00.000Z,False,True,False,False,56200.0,3784.0,Jones AT&T Stadium,2641,Texas Tech,fbs,Big 12,41.0,"[21, 3, 10, 7]",1.0,1533.0,1533.0,2627,Tarleton State,fcs,UAC,3.0,"[0, 0, 0, 3]",0.0,,,2.270418156375565,,,
401540777,2023,3,regular,2023-09-16T23:00:00.000Z,False,True,False,True,,5885.0,First Security Stadium,2264,Harding,ii,Great American,59.0,"[21, 14, 14, 10]",,,,2028,Arkansas Monticello,ii,Great American,19.0,"[6, 6, 0, 7]",,,,,,,
401540450,2023,3,regular,2023-09-16T23:00:00.000Z,False,True,False,False,,3746.0,Hanson Field,2710,Western Illinois,fcs,MVFC,40.0,"[17, 14, 0, 9]",0.3634488880634308,,,2815,Lindenwood,fcs,Big South-OVC,43.0,"[7, 7, 14, 15]",0.6365511119365692,,,5.369973297364046,,,
401545852,2023,3,regular,2023-09-16T23:00:00.000Z,False,True,True,True,,7521.0,Dacotah Bank Stadium,425,Northern State,ii,Northern Sun,41.0,"[10, 7, 14, 10]",,,,559,University of Mary,ii,Northern Sun,10.0,"[0, 3, 0, 7]",,,,,,,
401540086,2023,3,regular,2023-09-16T23:00:00.000Z,False,True,False,True,,3599.0,Ace W. Mumford Stadium,2582,Southern,fcs,SWAC,20.0,"[7, 3, 7, 3]",,,,2010,Alabama A&M,fcs,SWAC,10.0,"[0, 3, 7, 0]",,,,,,,
401540164,2023,3,regular,2023-09-16T23:00:00.000Z,False,True,False,False,,5935.0,Parker Field at McCool Stadium,2170,Delta State,ii,Gulf South,35.0,"[3, 3, 16, 13]",,,,2400,Mississippi Valley State,fcs,SWAC,7.0,"[0, 7, 0, 0]",,,,,,,
401531441,2023,3,regular,2023-09-16T23:00:00.000Z,False,True,False,False,18103.0,3895.0,Rice Stadium,242,Rice,fbs,American Athletic,59.0,"[28, 14, 10, 7]",0.9937936067581177,1233.0,1233.0,2640,Texas Southern,fcs,SWAC,7.0,"[0, 7, 0, 0]",0.006206393241882324,,,1.575615964227563,,,
401553005,2023,3,regular,2023-09-16T23:00:00.000Z,False,True,True,False,,,,2584,Southern Oregon,,,49.0,"[7, 21, 21, 0]",,,,2930,Willamette,iii,Northwest,7.0,"[0, 0, 7, 0]",,,,,,,
401540409,2023,3,regular,2023-09-16T23:00:00.000Z,False,True,False,False,,3963.0,Harry Turpin Stadium,2466,Northwestern State,fcs,Southland,7.0,"[0, 0, 0, 7]",0.0,,,2617,Stephen F. Austin,fcs,UAC,41.0,"[21, 13, 7, 0]",1.0,,,3.642680951132323,,,
401520234,2023,3,regular,2023-09-16T23:00:00.000Z,False,True,False,False,16605.0,3725.0,"Johnny ""Red"" Floyd Stadium",2393,Middle Tennessee,fbs,Conference USA,35.0,"[14, 7, 7, 7]",0.9873821139335632,1368.0,1368.0,93,Murray State,fcs,MVFC,14.0,"[0, 7, 0, 7]",0.012617886066436768,,,2.7626608313774645,,,
401540174,2023,3,regular,2023-09-16T23:00:00.000Z,False,True,False,False,,3742.0,Governors Stadium,2046,Austin Peay,fcs,UAC,63.0,"[28, 7, 14, 14]",0.983526349067688,,,2193,East Tennessee State,fcs,Southern,3.0,"[0, 3, 0, 0]",0.01647365093231201,,,2.435751060179666,,,
401531438,2023,3,regular,2023-09-16T23:00:00.000Z,False,True,False,False,24489.0,3735.0,Gerald J. Ford Stadium,2567,SMU,fbs,American Athletic,69.0,"[14, 28, 21, 6]",0.9923451542854309,1584.0,1584.0,2504,Prairie View A&M,fcs,SWAC,0.0,"[0, 0, 0, 0]",0.007654845714569092,,,2.385940550537444,,,
401520247,2023,3,regular,2023-09-16T23:00:00.000Z,False,True,False,False,22582.0,6501.0,Allegiant Stadium,2439,UNLV,fbs,Mountain West,40.0,"[0, 20, 10, 10]",0.9095125794410706,1340.0,1341.0,238,Vanderbilt,fbs,SEC,37.0,"[10, 7, 0, 20]",0.09048742055892944,1317.0,1316.0,8.397187166464105,,,
401525835,2023,3,regular,2023-09-16T23:00:00.000Z,False,True,False,False,38193.0,3854.0,Nippert Stadium,2132,Cincinnati,fbs,Big 12,24.0,"[10, 3, 3, 8, 0]",0.6025655269622803,1637.0,1597.0,193,Miami (OH),fbs,Mid-American,31.0,"[7, 7, 7, 3, 7]",0.3974344730377197,1321.0,1361.0,7.413085426381915,,,
401540446,2023,3,regular,2023-09-16T23:00:00.000Z,False,True,False,False,,7003.0,Houck Field,2546,Southeast Missouri State,fcs,Big South-OVC,25.0,"[3, 12, 7, 3]",0.3423217236995697,,,79,Southern Illinois,fcs,MVFC,26.0,"[0, 0, 13, 13]",0.6576782763004303,,,5.216177389551436,,,
401544936,2023,3,regular,2023-09-16T23:00:00.000Z,False,True,False,True,,5796.0,Charles D. Lindberg Stadium,2042,Augustana (IL),iii,CCIW,74.0,"[37, 14, 20, 3]",,,,72,Elmhurst,iii,CCIW,6.0,"[0, 0, 0, 6]",,,,,,,
401531845,2023,3,regular,2023-09-16T23:00:00.000Z,False,True,False,False,18116.0,3654.0,Brooks Stadium (SC),324,Coastal Carolina,fbs,Sun Belt,66.0,"[21, 24, 21, 0]",0.9935453534126282,1623.0,1623.0,2184,Duquesne,fcs,NEC,7.0,"[0, 0, 7, 0]",0.006454646587371826,,,2.2170542913329894,,,
401540389,2023,3,regular,2023-09-16T23:00:00.000Z,False,True,False,False,,3771.0,Jack Spinks Stadium,2016,Alcorn State,fcs,SWAC,17.0,"[7, 7, 0, 3]",0.9391517355793167,,,2377,McNeese,fcs,Southland,3.0,"[0, 3, 0, 0]",0.06084826442068325,,,3.6916732733,,,
401520224,2023,3,regular,2023-09-16T23:00:00.000Z,False,True,False,True,90751.0,3634.0,Ben Hill Griffin Stadium,57,Florida,fbs,SEC,29.0,"[6, 20, 0, 3]",0.9498108625411987,1546.0,1603.0,2633,Tennessee,fbs,SEC,16.0,"[7, 0, 3, 6]",0.05018913745880127,1887.0,1830.0,3.7144080567288333,,,
401541828,2023,3,regular,2023-09-16T23:00:00.000Z,False,True,False,True,,5263.0,Steele Stadium,2316,Kentucky Wesleyan,ii,Great Midwest Athletic,31.0,"[0, 10, 7, 14]",,,,2682,Walsh,ii,Great Midwest Athletic,28.0,"[7, 7, 7, 7]",,,,,,,
401520229,2023,3,regular,2023-09-16T23:00:00.000Z,False,True,False,False,17434.0,3776.0,Joe Aillet Stadium,2348,Louisiana Tech,fbs,Conference USA,37.0,"[0, 14, 0, 23]",0.3854164183139801,1216.0,1218.0,249,North Texas,fbs,American Athletic,40.0,"[10, 13, 7, 10]",0.6145835816860199,1330.0,1328.0,6.1545601356932425,,,
401541812,2023,3,regular,2023-09-16T23:00:00.000Z,False,True,False,True,,3769.0,Jack Britt Memorial Stadium,437,Lake Erie,ii,Great Midwest Athletic,3.0,"[0, 3, 0, 0]",,,,2224,Findlay,ii,Great Midwest Athletic,45.0,"[14, 17, 14, 0]",,,,,,,
401545801,2023,3,regular,2023-09-16T23:30:00.000Z,False,True,False,True,,5933.0,Sea Foam Stadium,3066,Concordia St. Paul,ii,Northern Sun,16.0,"[7, 3, 3, 3]",,,,2043,Augustana (SD),ii,Northern Sun,24.0,"[7, 10, 7, 0]",,,,,,,
401520232,2023,3,regular,2023-09-16T23:30:00.000Z,False,True,False,False,109955.0,3558.0,Michigan Stadium,130,Michigan,fbs,Big Ten,31.0,"[7, 7, 17, 0]",0.9785053730010986,1951.0,1944.0,189,Bowling Green,fbs,Mid-American,6.0,"[0, 6, 0, 0]",0.021494626998901367,1246.0,1253.0,2.8348395193114713,,,
401520220,2023,3,regular,2023-09-16T23:30:00.000Z,False,True,False,False,74821.0,3887.0,Razorback Stadium,8,Arkansas,fbs,SEC,31.0,"[14, 10, 7, 0]",0.6130568385124207,1641.0,1620.0,252,BYU,fbs,Big 12,38.0,"[14, 7, 10, 7]",0.38694316148757935,1544.0,1565.0,6.3909591621983814,,,
401520242,2023,3,regular,2023-09-16T23:30:00.000Z,False,True,False,False,61441.0,3907.0,Ross-Ade Stadium,2509,Purdue,fbs,Big Ten,20.0,"[0, 7, 7, 6]",0.140320286154747,1488.0,1462.0,183,Syracuse,fbs,ACC,35.0,"[7, 14, 0, 14]",0.859679713845253,1581.0,1607.0,6.243669521997163,,,
401525503,2023,3,regular,2023-09-16T23:30:00.000Z,False,True,False,False,61106.0,3842.0,Milan Puskar Stadium,277,West Virginia,fbs,Big 12,17.0,"[0, 7, 10, 0]",0.9467571973800659,1422.0,1457.0,221,Pittsburgh,fbs,ACC,6.0,"[3, 3, 0, 0]",0.05324280261993408,1613.0,1578.0,4.060936967698683,,,
401520241,2023,3,regular,2023-09-16T23:30:00.000Z,False,True,False,False,64150.0,3974.0,Vaught-Hemingway Stadium,145,Ole Miss,fbs,SEC,48.0,"[10, 0, 14, 24]",1.0,1639.0,1672.0,59,Georgia Tech,fbs,ACC,23.0,"[0, 3, 7, 13]",0.0,1362.0,1329.0,3.3512905185211226,,,
401520228,2023,3,regular,2023-09-16T23:30:00.000Z,False,True,False,False,59456.0,3683.0,Kroger Field,96,Kentucky,fbs,SEC,35.0,"[7, 7, 7, 14]",0.9918233156204224,1625.0,1669.0,2006,Akron,fbs,Mid-American,3.0,"[0, 0, 3, 0]",0.008176684379577637,1268.0,1224.0,2.4206917364202525,,,
401524008,2023,3,regular,2023-09-17T00:00:00.000Z,False,True,False,False,52779.0,3626.0,Autzen Stadium,2483,Oregon,fbs,Pac-12,55.0,"[24, 10, 14, 7]",0.9934046268463135,1659.0,1734.0,62,Hawai'i,fbs,Mountain West,10.0,"[0, 3, 0, 7]",0.0065953731536865234,1220.0,1145.0,1.8697212764531508,,,
401524010,2023,3,regular,2023-09-17T00:00:00.000Z,False,True,False,False,23848.0,3940.0,Stanford Stadium,24,Stanford,fbs,Pac-12,23.0,"[7, 7, 3, 6]",0.21798849635536724,1283.0,1283.0,16,Sacramento State,fcs,Big Sky,30.0,"[3, 14, 3, 10]",0.7820115036446328,,,7.9974929171,,,
401541776,2023,3,regular,2023-09-17T00:00:00.000Z,False,True,False,True,,6064.0,Crain Family Stadium,319,Oklahoma Baptist,ii,Great American,36.0,"[7, 16, 13, 0]",,,,199,Southeastern Oklahoma State,ii,Great American,3.0,"[3, 0, 0, 0]",,,,,,,
401541951,2023,3,regular,2023-09-17T00:00:00.000Z,False,True,False,True,,5890.0,Lewis Field Stadium,2231,Fort Hays,ii,Mid America,17.0,"[3, 0, 7, 7]",,,,138,Northwest Missouri State,ii,Mid America,6.0,"[0, 3, 3, 0]",,,,,,,
401525501,2023,3,regular,2023-09-17T00:00:00.000Z,False,True,False,False,81295.0,3836.0,"Memorial Stadium (Clemson, SC)",228,Clemson,fbs,ACC,48.0,"[20, 14, 7, 7]",0.9922709465026855,1654.0,1718.0,2226,Florida Atlantic,fbs,American Athletic,14.0,"[0, 0, 0, 14]",0.007729053497314453,1415.0,1351.0,2.57066308921293,,,
401540259,2023,3,regular,2023-09-17T00:00:00.000Z,False,True,False,False,,3987.0,Washington-Grizzly Stadium,149,Montana,fcs,Big Sky,17.0,"[3, 0, 14, 0]",0.8216613442923822,,,2222,Ferris State,ii,GLIAC,10.0,"[0, 10, 0, 0]",0.17833865570761775,,,6.5653417998,,,
401540982,2023,3,regular,2023-09-17T00:00:00.000Z,False,True,False,True,,5884.0,Buffalo Stadium,2704,West Texas,ii,Lone Star,23.0,"[0, 10, 10, 3]",,,,2395,Midwestern State,ii,Lone Star,0.0,"[0, 0, 0, 0]",,,,,,,
401520238,2023,3,regular,2023-09-17T00:00:00.000Z,False,True,False,False,27414.0,3971.0,University Stadium (NM),167,New Mexico,fbs,Mountain West,17.0,"[3, 7, 0, 7]",0.09174897521734238,1117.0,1108.0,166,New Mexico State,fbs,Conference USA,27.0,"[0, 17, 3, 7]",0.9082510247826576,1255.0,1264.0,4.907840944511574,,,
401525840,2023,3,regular,2023-09-17T00:00:00.000Z,False,True,False,False,101777.0,3910.0,DKR-Texas Memorial Stadium,251,Texas,fbs,Big 12,31.0,"[3, 7, 0, 21]",0.984604001045227,1821.0,1831.0,2751,Wyoming,fbs,Mountain West,10.0,"[7, 0, 3, 0]",0.01539599895477295,1412.0,1402.0,4.31688491410334,,,
401541630,2023,3,regular,2023-09-17T00:00:00.000Z,False,True,False,False,,5440.0,Wildcat Stadium (TX),2000,Abilene Christian,fcs,UAC,20.0,"[0, 10, 0, 10]",0.19151805341243744,,,2916,Incarnate Word,fcs,Southland,27.0,"[0, 10, 0, 17]",0.8084819465875626,,,4.665937721736138,,,
401525836,2023,3,regular,2023-09-17T00:00:00.000Z,False,True,False,True,36049.0,4728.0,TDECU Stadium,248,Houston,fbs,Big 12,13.0,"[3, 10, 0, 0]",0.0067220120690763,1575.0,1519.0,2628,TCU,fbs,Big 12,36.0,"[7, 13, 9, 7]",0.9932779879309237,1613.0,1669.0,5.2913183121499845,,,
401541883,2023,3,regular,2023-09-17T00:00:00.000Z,False,True,False,True,,6053.0,Robinson-Hale Stadium,2401,Mississippi College,ii,Gulf South,35.0,"[7, 14, 7, 7]",,,,2698,West Georgia,ii,Gulf South,38.0,"[14, 3, 7, 14]",,,,,,,
401545974,2023,3,regular,2023-09-17T00:00:00.000Z,False,True,False,True,,5877.0,Lyle Hare Stadium,2069,Black Hills State,ii,Rocky Mountain,55.0,"[14, 20, 14, 7]",,,,2123,Chadron State,ii,Rocky Mountain,19.0,"[6, 0, 7, 6]",,,,,,,
401541899,2023,3,regular,2023-09-17T00:00:00.000Z,False,True,False,True,,3633.0,Ben Altamirano Field,2703,Western New Mexico,ii,Lone Star,9.0,"[0, 3, 0, 6]",,,,2658,Texas A&M-Kingsville,ii,Lone Star,30.0,"[10, 7, 7, 6]",,,,,,,
401540226,2023,3,regular,2023-09-17T00:00:00.000Z,False,True,False,False,,1027.0,Alex G. Spanos Stadium,13,Cal Poly,fcs,Big Sky,41.0,"[7, 20, 14, 0]",,,,124179,Lincoln (CA),,,20.0,"[13, 7, 0, 0]",,,,,,,
401531847,2023,3,regular,2023-09-17T00:30:00.000Z,False,True,False,False,24118.0,3644.0,Bobcat Stadium (TX),326,Texas State,fbs,Sun Belt,77.0,"[21, 35, 7, 14]",0.9810603857040405,1334.0,1334.0,2296,Jackson State,fcs,SWAC,34.0,"[6, 14, 7, 7]",0.018939614295959473,,,2.9683328406387233,,,
401541891,2023,3,regular,2023-09-17T01:00:00.000Z,False,True,False,True,,5879.0,Tomlinson Stadium,2120,Central Washington,ii,Lone Star,27.0,"[7, 3, 10, 7]",,,,2025,Angelo State,ii,Lone Star,24.0,"[0, 10, 0, 14]",,,,,,,
401540206,2023,3,regular,2023-09-17T02:00:00.000Z,False,True,False,False,,3602.0,Aggie Stadium,302,UC Davis,fcs,Big Sky,23.0,"[6, 0, 7, 10]",0.5138444900512695,,,253,Southern Utah,fcs,UAC,21.0,"[0, 0, 7, 14]",0.48615550994873047,,,4.725828623520813,,,
401544088,2023,3,regular,2023-09-17T02:00:00.000Z,False,True,False,False,,5819.0,Ernie Chapman Stadium,411,Chapman,iii,So. Cal.,17.0,"[0, 14, 3, 0]",,,,2721,Whitworth,iii,Northwest,24.0,"[0, 10, 0, 14]",,,,,,,
401544145,2023,3,regular,2023-09-17T02:00:00.000Z,False,True,False,False,,6106.0,Ted Runner Stadium,29,Redlands,iii,So. Cal.,10.0,"[0, 3, 0, 7]",,,,203,Linfield,iii,Northwest,17.0,"[7, 3, 7, 0]",,,,,,,
401552870,2023,3,regular,2023-09-17T02:00:00.000Z,False,True,False,False,,6103.0,Merritt Field,2923,Pomona Pitzer,iii,So. Cal.,24.0,"[0, 14, 7, 0, 3, 3]",,,,205,Pacific (OR),iii,Northwest,17.0,"[9, 0, 8, 0, 0, 0]",,,,,,,
401524007,2023,3,regular,2023-09-17T02:00:00.000Z,False,True,False,False,53141.0,3726.0,Folsom Field,38,Colorado,fbs,Pac-12,43.0,"[14, 0, 0, 14, 7, 8]",0.587824285030365,1288.0,1300.0,36,Colorado State,fbs,Mountain West,35.0,"[14, 7, 0, 7, 7, 0]",0.412175714969635,1290.0,1278.0,9.253687459584757,,,
401525837,2023,3,regular,2023-09-17T02:30:00.000Z,False,True,False,False,44182.0,3816.0,Mackay Stadium,2440,Nevada,fbs,Mountain West,24.0,"[0, 10, 7, 7]",0.04585045203566551,1220.0,1224.0,2305,Kansas,fbs,Big 12,31.0,"[7, 3, 14, 7]",0.9541495479643345,1455.0,1451.0,6.752948680772248,,,
401524005,2023,3,regular,2023-09-17T02:30:00.000Z,False,True,False,False,46723.0,3947.0,Mountain America Stadium,9,Arizona State,fbs,Pac-12,0.0,"[0, 0, 0, 0]",0.24846474826335907,1444.0,1392.0,278,Fresno State,fbs,Mountain West,29.0,"[10, 6, 10, 3]",0.7515352517366409,1671.0,1723.0,2.3981412745220436,,,
401520219,2023,3,regular,2023-09-17T03:00:00.000Z,False,True,False,False,44182.0,3619.0,Arizona Stadium,12,Arizona,fbs,Pac-12,31.0,"[0, 14, 10, 7]",0.9883741140365601,1418.0,1453.0,2638,UTEP,fbs,Conference USA,10.0,"[0, 3, 0, 7]",0.011625885963439941,1276.0,1241.0,3.5526464774160065,,,
401597649,2023,4,regular,2023-09-21T23:00:00.000Z,False,True,False,False,,7077.0,Shadek Stadium,2234,Franklin & Marshall,iii,Centennial,34.0,"[10, 10, 14, 0]",,,,2442,The College of New Jersey,iii,New Jersey,9.0,"[0, 3, 0, 6]",,,,,,,
401531849,2023,4,regular,2023-09-21T23:30:00.000Z,False,True,False,True,15248.0,3654.0,Brooks Stadium (SC),324,Coastal Carolina,fbs,Sun Belt,17.0,"[3, 0, 7, 7]",0.2340279519557953,1425.0,1405.0,2247,Georgia State,fbs,Sun Belt,30.0,"[7, 10, 3, 10]",0.7659720480442047,1526.0,1546.0,3.995916789273859,,,
401540087,2023,4,regular,2023-09-21T23:30:00.000Z,False,True,False,True,,3809.0,Louis Crews Stadium,2010,Alabama A&M,fcs,SWAC,31.0,"[10, 0, 7, 14]",0.6618088483810425,,,2029,Arkansas-Pine Bluff,fcs,SWAC,24.0,"[7, 10, 0, 7]",0.3381911516189575,,,6.389648321521666,,,
401520266,2023,4,regular,2023-09-22T23:00:00.000Z,False,True,False,True,55529.0,3907.0,Ross-Ade Stadium,2509,Purdue,fbs,Big Ten,17.0,"[3, 0, 14, 0]",0.0,1462.0,1432.0,275,Wisconsin,fbs,Big Ten,38.0,"[14, 7, 6, 11]",1.0,1676.0,1706.0,3.8980394827978775,,,
401540291,2023,4,regular,2023-09-22T23:00:00.000Z,False,True,False,True,,3750.0,Harvard Stadium,108,Harvard,fcs,Ivy,34.0,"[0, 14, 13, 7]",0.7844799160957336,,,225,Brown,fcs,Ivy,31.0,"[10, 0, 7, 14]",0.21552008390426636,,,5.681380197321643,,,
401568378,2023,4,regular,2023-09-22T23:00:00.000Z,False,True,False,False,,3709.0,Hempstead Stadium,452,Endicott,iii,Commonwealth Coast,37.0,"[3, 14, 20, 0]",,,,2810,Hardin Simmons,iii,American Southwest,10.0,"[0, 3, 0, 7]",,,,,,,
401525505,2023,4,regular,2023-09-22T23:30:00.000Z,False,True,False,True,42979.0,3923.0,Scott Stadium,258,Virginia,fbs,ACC,21.0,"[0, 7, 6, 8]",0.24401216208934784,1306.0,1314.0,152,NC State,fbs,ACC,24.0,"[0, 14, 7, 3]",0.7559878379106522,1528.0,1520.0,6.038925547019139,,,
401532584,2023,4,regular,2023-09-23T02:30:00.000Z,False,True,False,True,16124.0,3935.0,CEFCU Stadium,23,San José State,fbs,Mountain West,20.0,"[6, 14, 0, 0]",0.014737921766936779,1379.0,1348.0,2005,Air Force,fbs,Mountain West,45.0,"[3, 14, 7, 21]",0.9852620782330632,1691.0,1722.0,4.005557583575288,,,
401532583,2023,4,regular,2023-09-23T02:30:00.000Z,False,True,False,True,23374.0,7311.0,Snapdragon Stadium,21,San Diego State,fbs,Mountain West,31.0,"[7, 10, 0, 14]",0.26303723454475403,1434.0,1436.0,68,Boise State,fbs,Mountain West,34.0,"[0, 17, 10, 7]",0.736962765455246,1544.0,1542.0,6.262913581668277,,,
401545863,2023,4,regular,2023-09-23T16:00:00.000Z,False,True,False,True,,4440.0,Sox Harrison Stadium,2205,Edinboro,ii,Pennsylvania State Athletic,10.0,"[3, 0, 0, 7]",,,,2858,California (PA),ii,Pennsylvania State Athletic,31.0,"[0, 7, 14, 10]",,,,,,,
401544054,2023,4,regular,2023-09-23T16:00:00.000Z,False,True,False,False,,3675.0,Charles A. Gaetano Stadium,390,Utica,iii,Empire 8,31.0,"[3, 0, 14, 14]",,,,40,Curry,iii,Commonwealth Coast,7.0,"[0, 0, 0, 7]",,,,,,,
401545737,2023,4,regular,2023-09-23T16:00:00.000Z,False,True,False,True,,6063.0,Mueller Field,587,Notre Dame College,ii,Mountain East,14.0,"[0, 0, 7, 7]",,,,2986,Fairmont State,ii,Mountain East,17.0,"[3, 14, 0, 0]",,,,,,,
401549700,2023,4,regular,2023-09-23T16:00:00.000Z,False,True,False,True,,6071.0,Jess Dow Field,2583,Southern Connecticut State,ii,Northeast 10,6.0,"[0, 0, 0, 6]",,,,2060,Bentley,ii,Northeast 10,13.0,"[7, 6, 0, 0]",,,,,,,
401550133,2023,4,regular,2023-09-23T16:00:00.000Z,False,True,False,True,,5939.0,Cressy Field,379,UMass Dartmouth,iii,MSCAC,59.0,"[20, 33, 0, 6]",,,,402,Worcester State,iii,MSCAC,0.0,"[0, 0, 0, 0]",,,,,,,
401550256,2023,4,regular,2023-09-23T16:00:00.000Z,False,True,False,True,,5855.0,Charles A. Henry Field,2274,Hiram,iii,North Coast,24.0,"[3, 0, 14, 7]",,,,2171,Denison,iii,North Coast,55.0,"[7, 34, 7, 7]",,,,,,,
401541834,2023,4,regular,2023-09-23T16:00:00.000Z,False,True,False,False,,3718.0,Tom Benson Hall of Fame Stadium,2682,Walsh,ii,Great Midwest Athletic,10.0,"[10, 0, 0, 0]",,,,2646,Thomas More,,,26.0,"[13, 13, 0, 0]",,,,,,,
401550291,2023,4,regular,2023-09-23T16:00:00.000Z,False,True,False,False,,4757.0,Edwards-Maurer Field,2746,Wittenberg,iii,North Coast,28.0,"[0, 7, 7, 14]",,,,2800,Alma,iii,Michigan,48.0,"[14, 20, 7, 7]",,,,,,,
401552460,2023,4,regular,2023-09-23T16:00:00.000Z,False,True,False,False,,6126.0,Bob Boozer Field,2781,Brockport,iii,Empire 8,59.0,"[14, 7, 35, 3]",,,,2354,Lycoming,iii,Landmark Conference,3.0,"[0, 3, 0, 0]",,,,,,,
401553017,2023,4,regular,2023-09-23T16:00:00.000Z,False,True,False,True,,3819.0,Bowditch Field,2967,Framingham State,iii,MSCAC,9.0,"[0, 0, 3, 6]",,,,2909,Westfield State,iii,MSCAC,8.0,"[0, 0, 8, 0]",,,,,,,
401550460,2023,4,regular,2023-09-23T16:00:00.000Z,False,True,False,False,,3755.0,Ray and Sue Smith Stadium,2812,Hope,iii,Michigan,54.0,"[21, 13, 7, 13]",,,,583,Northwestern (MN),iii,Upper Midwest,17.0,"[0, 7, 0, 10]",,,,,,,
401545876,2023,4,regular,2023-09-23T16:00:00.000Z,False,True,False,True,,5133.0,Ram Stadium (WV),2974,Shepherd,ii,Pennsylvania State Athletic,3.0,"[0, 0, 3, 0]",,,,2315,Kutztown,ii,Pennsylvania State Athletic,20.0,"[0, 6, 7, 7]",,,,,,,
401544063,2023,4,regular,2023-09-23T16:00:00.000Z,False,True,False,True,,5127.0,Gene L. Shirk Stadium,2015,Albright,iii,Mid Atlantic,6.0,"[3, 0, 3, 0]",,,,2221,FDU Florham,iii,Mid Atlantic,14.0,"[7, 0, 0, 7]",,,,,,,
401549787,2023,4,regular,2023-09-23T16:00:00.000Z,False,True,False,True,,5802.0,Belhaven Bowl Stadium,2056,Belhaven,iii,USA South,34.0,"[10, 6, 12, 6]",,,,2256,Greensboro,iii,USA South,0.0,"[0, 0, 0, 0]",,,,,,,
401549732,2023,4,regular,2023-09-23T16:00:00.000Z,False,True,False,True,,5997.0,Brooks Stadium (NY),2383,Merchant Marine,iii,NEWMAC,36.0,"[8, 14, 7, 7]",,,,2951,SUNY Maritime,iii,NEWMAC,19.0,"[12, 7, 0, 0]",,,,,,,
401546948,2023,4,regular,2023-09-23T16:00:00.000Z,False,True,False,False,,5934.0,Farmers Insurance Athletic Complex,110254,Davenport,ii,GLIAC,55.0,"[7, 21, 7, 20]",,,,2911,William Jewell,ii,Great Lakes,27.0,"[0, 21, 6, 0]",,,,,,,
401545709,2023,4,regular,2023-09-23T16:00:00.000Z,False,True,False,True,,6212.0,Bishop Schmitt Field,112335,Wheeling,ii,Mountain East,44.0,"[14, 14, 7, 9]",,,,2148,Concord,ii,Mountain East,27.0,"[14, 0, 7, 6]",,,,,,,
401520274,2023,4,regular,2023-09-23T16:00:00.000Z,False,True,False,True,26279.0,3973.0,FirstBank Stadium,238,Vanderbilt,fbs,SEC,28.0,"[0, 10, 3, 15]",0.01544455997645855,1316.0,1310.0,96,Kentucky,fbs,SEC,45.0,"[21, 3, 7, 14]",0.9845554400235415,1669.0,1675.0,3.30377304671024,,,
401520270,2023,4,regular,2023-09-23T16:00:00.000Z,False,True,False,True,102530.0,3795.0,Kyle Field,245,Texas A&M,fbs,SEC,27.0,"[6, 0, 14, 7]",0.9965018033981323,1690.0,1722.0,2,Auburn,fbs,SEC,10.0,"[0, 3, 0, 7]",0.0034981966018676758,1639.0,1607.0,3.560431544652165,,,
401520260,2023,4,regular,2023-09-23T16:00:00.000Z,False,True,False,True,109756.0,3558.0,Michigan Stadium,130,Michigan,fbs,Big Ten,31.0,"[7, 7, 10, 7]",0.9865456223487854,1944.0,1953.0,164,Rutgers,fbs,Big Ten,7.0,"[7, 0, 0, 0]",0.0134543776512146,1444.0,1435.0,2.878787663769023,,,
401540307,2023,4,regular,2023-09-23T16:00:00.000Z,False,True,False,True,,3997.0,Yale Bowl,43,Yale,fcs,Ivy,21.0,"[14, 0, 0, 7]",0.699292004108429,,,172,Cornell,fcs,Ivy,23.0,"[0, 3, 14, 6]",0.30070799589157104,,,5.615849834642037,,,
401520268,2023,4,regular,2023-09-23T16:00:00.000Z,False,True,False,False,37594.0,1964.0,JMA Wireless Dome,183,Syracuse,fbs,ACC,29.0,"[0, 3, 13, 13]",0.9963306784629822,1607.0,1625.0,349,Army,fbs,FBS Independents,16.0,"[7, 3, 0, 6]",0.0036693215370178223,1513.0,1495.0,4.158844185240373,,,
401540422,2023,4,regular,2023-09-23T16:00:00.000Z,False,True,False,False,,3881.0,Princeton University Stadium,163,Princeton,fcs,Ivy,13.0,"[0, 6, 0, 7, 0]",0.3163727819919586,,,2803,Bryant,fcs,Big South-OVC,16.0,"[0, 0, 3, 10, 3]",0.6836272180080414,,,6.676197606715453,,,
401525507,2023,4,regular,2023-09-23T16:00:00.000Z,False,True,False,True,81500.0,3836.0,"Memorial Stadium (Clemson, SC)",228,Clemson,fbs,ACC,24.0,"[3, 14, 7, 0, 0]",0.48991748690605164,1718.0,1716.0,52,Florida State,fbs,ACC,31.0,"[0, 14, 10, 0, 7]",0.5100825130939484,1869.0,1871.0,6.483977961106587,,,
401550140,2023,4,regular,2023-09-23T16:00:00.000Z,False,True,False,False,,5786.0,Sprankle-Sprandel Stadium,2790,Albion,iii,Michigan,30.0,"[21, 6, 3, 0]",,,,2743,Wisconsin Stevens Point,iii,Wisconsin,7.0,"[0, 0, 0, 7]",,,,,,,
401545886,2023,4,regular,2023-09-23T16:00:00.000Z,False,True,False,True,,4431.0,Chryst Field at Biemesderfer Stadium,210,Millersville,ii,Pennsylvania State Athletic,23.0,"[13, 3, 0, 7]",,,,223,West Chester,ii,Pennsylvania State Athletic,14.0,"[0, 0, 7, 7]",,,,,,,
401540029,2023,4,regular,2023-09-23T16:00:00.000Z,False,True,False,True,,3694.0,DeGol Field,2598,Saint Francis,fcs,NEC,34.0,"[10, 7, 7, 10]",0.5279736518859863,,,2529,Sacred Heart,fcs,NEC,37.0,"[7, 13, 7, 10]",0.47202634811401367,,,7.487271687694941,,,
401540567,2023,4,regular,2023-09-23T16:00:00.000Z,False,True,False,True,,4416.0,Spec Martin Municipal Stadium,56,Stetson,fcs,Pioneer,18.0,"[0, 0, 7, 11]",,,,2086,Butler,fcs,Pioneer,28.0,"[0, 14, 7, 7]",,,,,,,
401525849,2023,4,regular,2023-09-23T16:00:00.000Z,False,True,False,False,51243.0,3616.0,Amon G. Carter Stadium,2628,TCU,fbs,Big 12,34.0,"[7, 7, 13, 7]",0.99381023645401,1669.0,1692.0,2567,SMU,fbs,American Athletic,17.0,"[3, 7, 0, 7]",0.00618976354598999,1521.0,1498.0,4.044519092326891,,,
401525511,2023,4,regular,2023-09-23T16:00:00.000Z,False,True,False,False,31475.0,3775.0,Joan C. Edwards Stadium,276,Marshall,fbs,Sun Belt,24.0,"[0, 17, 7, 0]",0.7839951515197754,1580.0,1578.0,259,Virginia Tech,fbs,ACC,17.0,"[7, 3, 0, 7]",0.2160048484802246,1367.0,1369.0,4.42876902289051,,,
401549739,2023,4,regular,2023-09-23T16:00:00.000Z,False,True,False,False,,5926.0,Henry G. Steinbrenner '27 Stadium,109,MIT,iii,NEWMAC,7.0,"[0, 7, 0, 0]",,,,2776,Salve Regina,iii,Commonwealth Coast,34.0,"[7, 7, 6, 14]",,,,,,,
401520271,2023,4,regular,2023-09-23T16:00:00.000Z,False,True,False,False,26124.0,3975.0,Veterans Memorial Stadium (AL),2653,Troy,fbs,Sun Belt,27.0,"[0, 10, 10, 7]",0.9544615149497986,1503.0,1504.0,98,Western Kentucky,fbs,Conference USA,24.0,"[7, 0, 7, 10]",0.045538485050201416,1507.0,1506.0,6.902641020664536,,,
401525845,2023,4,regular,2023-09-23T16:00:00.000Z,False,True,False,True,38193.0,3854.0,Nippert Stadium,2132,Cincinnati,fbs,Big 12,6.0,"[3, 0, 3, 0]",0.08108460158109665,1597.0,1593.0,201,Oklahoma,fbs,Big 12,20.0,"[7, 3, 7, 3]",0.9189153984189034,1897.0,1901.0,5.127233280106722,,,
401531338,2023,4,regular,2023-09-23T16:00:00.000Z,False,True,False,False,10321.0,3764.0,Huskie Stadium,2459,Northern Illinois,fbs,Mid-American,14.0,"[0, 7, 7, 0]",0.46005678176879883,1263.0,1249.0,202,Tulsa,fbs,American Athletic,22.0,"[2, 7, 3, 10]",0.5399432182312012,1280.0,1294.0,6.140521805052721,,,
401540058,2023,4,regular,2023-09-23T16:30:00.000Z,False,True,False,False,,3802.0,Lawrence A. Wien Stadium,171,Columbia,fcs,Ivy,30.0,"[6, 10, 14, 0]",0.9935970902442932,,,46,Georgetown,fcs,Patriot,0.0,"[0, 0, 0, 0]",0.006402909755706787,,,2.170949656645967,,,
401544892,2023,4,regular,2023-09-23T17:00:00.000Z,False,True,False,True,,4428.0,Saxon Stadium,2385,Mercyhurst,ii,Pennsylvania State Athletic,13.0,"[0, 7, 0, 6]",,,,2291,IU Pennsylvania,ii,Pennsylvania State Athletic,30.0,"[9, 7, 7, 7]",,,,,,,
401540455,2023,4,regular,2023-09-23T17:00:00.000Z,False,True,False,True,,3655.0,Brown Field,2674,Valparaiso,fcs,Pioneer,30.0,"[14, 0, 10, 6, 0]",,,,2368,Marist,fcs,Pioneer,36.0,"[3, 14, 0, 13, 6]",,,,,,,
401541952,2023,4,regular,2023-09-23T17:00:00.000Z,False,True,False,True,,6055.0,Craig Field at Spratt Memorial Stadium,137,Missouri Western,ii,Mid America,28.0,"[14, 0, 7, 7]",,,,2231,Fort Hays,ii,Mid America,7.0,"[0, 0, 0, 7]",,,,,,,
401546996,2023,4,regular,2023-09-23T17:00:00.000Z,False,True,False,True,,3747.0,Hantz Stadium,2886,Northwood,ii,Great Midwest Athletic,68.0,"[14, 26, 28, 0]",,,,437,Lake Erie,ii,Great Midwest Athletic,14.0,"[14, 0, 0, 0]",,,,,,,
401541035,2023,4,regular,2023-09-23T17:00:00.000Z,False,True,False,True,,3663.0,Burke-Tarr Stadium,2105,Carson Newman,ii,South Atlantic,7.0,"[7, 0, 0, 0]",,,,2331,Lenoir Rhyne,ii,South Atlantic,24.0,"[7, 14, 0, 3]",,,,,,,
401558400,2023,4,regular,2023-09-23T17:00:00.000Z,False,True,False,True,,5833.0,Robert A. Lipinski Field at James Work Memorial Stadium,2808,Delaware Valley,iii,Mid Atlantic,28.0,"[0, 7, 7, 14]",,,,247,King's,iii,Mid Atlantic,0.0,"[0, 0, 0, 0]",,,,,,,
401550122,2023,4,regular,2023-09-23T17:00:00.000Z,False,True,False,True,,5940.0,Clean Harbors Stadium,110,Mass Maritime,iii,MSCAC,21.0,"[0, 14, 7, 0]",,,,114,Fitchburg State,iii,MSCAC,3.0,"[3, 0, 0, 0]",,,,,,,
401547207,2023,4,regular,2023-09-23T17:00:00.000Z,False,True,False,False,,6135.0,Blue Storm Stadium,111675,New England,iii,Commonwealth Coast,27.0,"[7, 0, 7, 0, 7, 6]",,,,184,Rochester (NY),iii,Liberty League,29.0,"[14, 0, 0, 0, 7, 8]",,,,,,,
401549820,2023,4,regular,2023-09-23T17:00:00.000Z,False,True,False,False,,6124.0,Amos Alonzo Stagg Field (PA),216,Susquehanna,iii,Landmark Conference,26.0,"[7, 13, 0, 6]",,,,2702,Western New England,iii,Commonwealth Coast,18.0,"[3, 7, 0, 8]",,,,,,,
401544909,2023,4,regular,2023-09-23T17:00:00.000Z,False,True,False,True,,6046.0,Meares Stadium,2369,Mars Hill,ii,South Atlantic,16.0,"[7, 3, 3, 3]",,,,122666,Barton,ii,South Atlantic,14.0,"[0, 14, 0, 0]",,,,,,,
401545746,2023,4,regular,2023-09-23T17:00:00.000Z,False,True,False,True,,4421.0,Multi-Sport Performance Stadium,2017,Alderson-Broaddus,ii,Mountain East,0.0,[],,,,341,Frostburg State,ii,Mountain East,0.0,[],,,,,,,
401554818,2023,4,regular,2023-09-23T17:00:00.000Z,False,True,False,True,,6083.0,Mangelsdorf Field,2969,Misericordia,iii,Mid Atlantic,35.0,"[13, 8, 7, 7]",,,,111674,Alvernia,iii,Mid Atlantic,15.0,"[3, 0, 0, 12]",,,,,,,
401541004,2023,4,regular,2023-09-23T17:00:00.000Z,False,True,False,True,,4429.0,Seth Grove Stadium,2559,Shippensburg,ii,Pennsylvania State Athletic,7.0,"[0, 7, 0, 0]",,,,2071,Bloomsburg,ii,Pennsylvania State Athletic,0.0,"[0, 0, 0, 0]",,,,,,,
401550051,2023,4,regular,2023-09-23T17:00:00.000Z,False,True,False,False,,6202.0,Cardinal Stadium (DC),2108,Catholic,iii,Landmark Conference,6.0,"[0, 6, 0, 0]",,,,365,Alfred,iii,Empire 8,9.0,"[2, 0, 7, 0]",,,,,,,
401549805,2023,4,regular,2023-09-23T17:00:00.000Z,False,True,False,True,,5998.0,Monarch Stadium,291,Methodist,iii,USA South,27.0,"[7, 0, 0, 14, 6]",,,,2896,Southern Virginia,iii,USA South,21.0,"[7, 7, 7, 0, 0]",,,,,,,
401547072,2023,4,regular,2023-09-23T17:00:00.000Z,False,True,False,True,,4749.0,McPherson Memorial Stadium,2119,Central State,ii,SIAC,28.0,"[7, 7, 7, 7]",,,,2019,Allen,ii,SIAC,34.0,"[7, 14, 7, 6]",,,,,,,
401541123,2023,4,regular,2023-09-23T17:00:00.000Z,False,True,False,False,,5853.0,Francis Field (IL),2257,Greenville,iii,Upper Midwest,38.0,"[7, 3, 21, 7]",,,,2003,Adrian,iii,Michigan,35.0,"[0, 7, 21, 7]",,,,,,,
401541015,2023,4,regular,2023-09-23T17:00:00.000Z,False,True,False,True,,4441.0,McConnell Family Stadium,367,Gannon,ii,Pennsylvania State Athletic,27.0,"[0, 7, 10, 10]",,,,2134,Clarion,ii,Pennsylvania State Athletic,20.0,"[17, 3, 0, 0]",,,,,,,
401550398,2023,4,regular,2023-09-23T17:00:00.000Z,False,True,False,True,,6140.0,John F. Wiley Stadium,2845,Waynesburg,iii,Presidents',20.0,"[0, 3, 10, 7]",,,,2849,Westminster (PA),iii,Presidents',31.0,"[0, 14, 3, 14]",,,,,,,
401545777,2023,4,regular,2023-09-23T17:00:00.000Z,False,True,False,True,,5121.0,University of Charleston Stadium,2128,Charleston (WV),ii,Mountain East,76.0,"[21, 34, 14, 7]",,,,455,West Virginia Wesleyan,ii,Mountain East,16.0,"[0, 3, 13, 0]",,,,,,,
401550203,2023,4,regular,2023-09-23T17:00:00.000Z,False,True,False,False,,5919.0,Ron Roberts Field at the Banta Bowl,268,Lawrence,iii,Midwest,22.0,"[7, 0, 7, 8]",,,,2399,Minnesota Morris,iii,Upper Midwest,38.0,"[7, 17, 0, 14]",,,,,,,
401551919,2023,4,regular,2023-09-23T17:00:00.000Z,False,True,False,False,,3877.0,Pioneer Stadium,3162,Alfred State,iii,ECFC,48.0,"[14, 20, 7, 7]",,,,125974,Hilbert,iii,North Coast,7.0,"[0, 0, 0, 7]",,,,,,,
401544920,2023,4,regular,2023-09-23T17:00:00.000Z,False,True,False,True,,5840.0,Fred Selfe Stadium at Nicewonder Field,2213,Emory & Henry,ii,South Atlantic,10.0,"[3, 7, 0, 0]",,,,351,Wingate,ii,South Atlantic,31.0,"[10, 14, 7, 0]",,,,,,,
401552018,2023,4,regular,2023-09-23T17:00:00.000Z,False,True,False,True,,6141.0,Corwin Stadium,336,Wesleyan (CT),iii,NESCAC,24.0,"[7, 10, 0, 7]",,,,2394,Middlebury,iii,NESCAC,21.0,"[7, 0, 7, 7]",,,,,,,
401540599,2023,4,regular,2023-09-23T17:00:00.000Z,False,True,False,True,,3868.0,Paladin Stadium,231,Furman,fcs,Southern,38.0,"[0, 17, 7, 14]",0.9153096079826355,,,2382,Mercer,fcs,Southern,14.0,"[0, 7, 7, 0]",0.0846903920173645,,,3.7450897337265316,,,
401550302,2023,4,regular,2023-09-23T17:00:00.000Z,False,True,False,True,,5792.0,Pratt Field at Lehrman Stadium,7,Amherst,iii,NESCAC,17.0,"[7, 0, 0, 10]",,,,348,Hamilton,iii,NESCAC,14.0,"[7, 0, 7, 0]",,,,,,,
401544878,2023,4,regular,2023-09-23T17:00:00.000Z,False,True,False,False,,5134.0,Bearcat Stadium,138,Northwest Missouri State,ii,Mid America,59.0,"[21, 21, 7, 10]",,,,2876,Lincoln (MO),ii,Independent DII,0.0,"[0, 0, 0, 0]",,,,,,,
401549573,2023,4,regular,2023-09-23T17:00:00.000Z,False,True,False,False,,6134.0,Frank Bailey Field,237,Union,iii,Liberty League,43.0,"[7, 13, 9, 14]",,,,2818,Montclair State,iii,New Jersey,7.0,"[0, 7, 0, 0]",,,,,,,
401547062,2023,4,regular,2023-09-23T17:00:00.000Z,False,True,False,True,,6042.0,Alumni Stadium (KY),2310,Kentucky State,ii,SIAC,9.0,"[3, 0, 6, 0]",,,,2232,Fort Valley State,ii,SIAC,31.0,"[7, 10, 14, 0]",,,,,,,
401547133,2023,4,regular,2023-09-23T17:00:00.000Z,False,True,False,False,,5829.0,Old National Bank Stadium,509,Crown,iii,Upper Midwest,23.0,"[0, 14, 0, 9]",,,,2045,Austin,iii,American Southwest,34.0,"[10, 6, 3, 15]",,,,,,,
401540652,2023,4,regular,2023-09-23T17:00:00.000Z,False,True,False,True,,5873.0,Bulldogs Stadium,2075,Bowie State,ii,CIAA,10.0,"[3, 7, 0, 0]",,,,395,St. Augustine's,ii,CIAA,7.0,"[0, 0, 0, 7]",,,,,,,
401549796,2023,4,regular,2023-09-23T17:00:00.000Z,False,True,False,True,,5910.0,Callaway Stadium,548,LaGrange,iii,USA South,6.0,"[6, 0, 0, 0]",,,,2938,Huntingdon,iii,USA South,41.0,"[7, 17, 7, 10]",,,,,,,
401540040,2023,4,regular,2023-09-23T17:00:00.000Z,False,True,False,False,,150.0,Jack Coffey Field,2230,Fordham,fcs,Patriot,44.0,"[0, 10, 28, 6]",0.9691913723945618,,,284,Stonehill,fcs,NEC,0.0,"[0, 0, 0, 0]",0.030808627605438232,,,2.9806133106065125,,,
401540993,2023,4,regular,2023-09-23T17:00:00.000Z,False,True,False,True,,5886.0,West Family Stadium,2699,West Liberty,ii,Mountain East,19.0,"[0, 7, 12, 0]",,,,2882,UNC Pembroke,ii,Mountain East,37.0,"[3, 14, 20, 0]",,,,,,,
401552874,2023,4,regular,2023-09-23T17:00:00.000Z,False,True,False,True,,5689.0,Seaverns Field At Harold Alfond Stadium,33,Colby,iii,NESCAC,7.0,"[7, 0, 0, 0]",,,,2977,Trinity (CT),iii,NESCAC,48.0,"[3, 6, 30, 9]",,,,,,,
401544136,2023,4,regular,2023-09-23T17:00:00.000Z,False,True,False,True,,5818.0,Farris Stadium,2121,Centre,iii,Southern Athletic,16.0,"[0, 14, 0, 2]",,,,2757,Berry,iii,Southern Athletic,49.0,"[20, 15, 7, 7]",,,,,,,
401549714,2023,4,regular,2023-09-23T17:00:00.000Z,False,True,False,True,,5806.0,Whittier Field,340,Bowdoin,iii,NESCAC,20.0,"[3, 14, 0, 3]",,,,2731,Williams,iii,NESCAC,0.0,"[0, 0, 0, 0]",,,,,,,
401541095,2023,4,regular,2023-09-23T17:00:00.000Z,False,True,False,True,,6127.0,John P. Papp Stadium,2748,Wooster,iii,North Coast,70.0,"[21, 28, 0, 21]",,,,352,Kenyon,iii,North Coast,21.0,"[14, 0, 7, 0]",,,,,,,
401541026,2023,4,regular,2023-09-23T17:00:00.000Z,False,True,False,True,,3760.0,Hubert Jack Stadium,209,Lock Haven,ii,Pennsylvania State Athletic,21.0,"[0, 14, 7, 0]",,,,2188,East Stroudsburg,ii,Pennsylvania State Athletic,35.0,"[0, 7, 21, 7]",,,,,,,
401553038,2023,4,regular,2023-09-23T17:00:00.000Z,False,True,False,True,,3621.0,Arnold Field (PA),388,Lebanon Valley,iii,Mid Atlantic,45.0,"[17, 7, 14, 7]",,,,127954,Eastern,iii,Mid Atlantic,7.0,"[0, 0, 0, 7]",,,,,,,
401541085,2023,4,regular,2023-09-23T17:00:00.000Z,False,True,False,True,,3640.0,Blackstock Stadium,83,DePauw,iii,North Coast,28.0,"[7, 7, 7, 7]",,,,2980,Ohio Wesleyan,iii,North Coast,7.0,"[7, 0, 0, 0]",,,,,,,
401550027,2023,4,regular,2023-09-23T17:00:00.000Z,False,True,False,True,,5789.0,Frank B. Fuhrer Field,2018,Allegheny,iii,Presidents',31.0,"[0, 7, 17, 7]",,,,2062,Bethany (WV),iii,Presidents',20.0,"[0, 10, 3, 7]",,,,,,,
401540102,2023,4,regular,2023-09-23T17:00:00.000Z,False,True,False,False,,3744.0,Hancock Stadium,2287,Illinois State,fcs,MVFC,48.0,"[13, 7, 14, 14]",0.9498239755630493,,,2815,Lindenwood,fcs,Big South-OVC,17.0,"[0, 14, 3, 0]",0.050176024436950684,,,3.8773677650576954,,,
401540740,2023,4,regular,2023-09-23T17:00:00.000Z,False,True,False,False,,3600.0,Tom Adams Field,131,Wayne State (MI),ii,GLIAC,7.0,"[0, 0, 7, 0]",,,,2654,Truman State,ii,Great Lakes,41.0,"[17, 10, 7, 7]",,,,,,,
401544128,2023,4,regular,2023-09-23T17:05:00.000Z,False,True,False,True,,6139.0,Cameron Stadium,2686,Washington & Jefferson,iii,Presidents',56.0,"[14, 21, 21, 0]",,,,2644,Thiel,iii,Presidents',14.0,"[0, 7, 0, 7]",,,,,,,
401550277,2023,4,regular,2023-09-23T17:30:00.000Z,False,True,False,True,,5854.0,Hoernemann Stadium,191,Heidelberg,iii,Ohio,7.0,"[7, 0, 0, 0]",,,,2302,John Carroll,iii,Ohio,34.0,"[10, 7, 17, 0]",,,,,,,
401550092,2023,4,regular,2023-09-23T17:30:00.000Z,False,True,False,False,,3614.0,Alumni Stadium (IN),2262,Hanover,iii,Heartland,38.0,"[3, 7, 7, 21]",,,,2651,Trine,iii,Michigan,14.0,"[0, 7, 7, 0]",,,,,,,
401544107,2023,4,regular,2023-09-23T17:30:00.000Z,False,True,False,True,,4856.0,Mount Union Stadium,426,Mount Union,iii,Ohio,74.0,"[28, 19, 10, 17]",,,,332,Muskingum,iii,Ohio,7.0,"[0, 0, 7, 0]",,,,,,,
401532406,2023,4,regular,2023-09-23T17:30:00.000Z,False,True,False,True,19068.0,3739.0,Glass Bowl,2649,Toledo,fbs,Mid-American,49.0,"[14, 0, 14, 21]",0.9668810963630676,1497.0,1512.0,2711,Western Michigan,fbs,Mid-American,31.0,"[7, 17, 0, 7]",0.03311890363693237,1226.0,1211.0,7.153726491505051,,,
401540622,2023,4,regular,2023-09-23T17:30:00.000Z,False,True,False,True,,3597.0,Alumni Memorial Field,2678,VMI,fcs,Southern,17.0,"[7, 7, 3, 0]",0.7769091369463647,,,2747,Wofford,fcs,Southern,14.0,"[7, 0, 0, 7]",0.22309086305363535,,,5.1321842963,,,
401550249,2023,4,regular,2023-09-23T17:30:00.000Z,False,True,False,True,,6098.0,Dial-Roberson Stadium,427,Ohio Northern,iii,Ohio,21.0,"[0, 7, 7, 7]",,,,188,Baldwin Wallace,iii,Ohio,31.0,"[14, 7, 7, 3]",,,,,,,
401540081,2023,4,regular,2023-09-23T17:30:00.000Z,False,True,False,False,,3826.0,Memorial Field,159,Dartmouth,fcs,Ivy,34.0,"[7, 10, 14, 3]",0.9953600764274597,,,2329,Lehigh,fcs,Patriot,17.0,"[7, 3, 0, 7]",0.004639923572540283,,,3.343147492604165,,,
401544098,2023,4,regular,2023-09-23T17:30:00.000Z,False,True,False,True,,5931.0,Don Drumm Stadium,317,Marietta,iii,Ohio,50.0,"[16, 13, 7, 14]",,,,359,Otterbein,iii,Ohio,0.0,"[0, 0, 0, 0]",,,,,,,
401550162,2023,4,regular,2023-09-23T18:00:00.000Z,False,True,False,True,,5117.0,Clemens Stadium,2600,Saint John's (MN),iii,Minnesota,27.0,"[0, 10, 10, 7]",,,,2802,Bethel (MN),iii,Minnesota,7.0,"[0, 7, 0, 0]",,,,,,,
401547101,2023,4,regular,2023-09-23T18:00:00.000Z,False,True,False,True,,5823.0,Clark Field,2141,Coe,iii,American Rivers,56.0,"[14, 21, 14, 7]",,,,6845,Nebraska Wesleyan,iii,American Rivers,6.0,"[0, 0, 0, 6]",,,,,,,
401540067,2023,4,regular,2023-09-23T18:00:00.000Z,False,True,False,True,,3722.0,Fitton Field,107,Holy Cross,fcs,Patriot,47.0,"[7, 19, 14, 7]",0.9921573400497437,,,2142,Colgate,fcs,Patriot,7.0,"[7, 0, 0, 0]",0.007842659950256348,,,3.61748450036902,,,
401541075,2023,4,regular,2023-09-23T18:00:00.000Z,False,True,False,True,,7079.0,Laird Stadium,2101,Carleton,iii,Minnesota,31.0,"[7, 10, 7, 7]",,,,162,Hamline,iii,Minnesota,27.0,"[6, 0, 14, 7]",,,,,,,
401544883,2023,4,regular,2023-09-23T18:00:00.000Z,False,True,False,True,,6070.0,Bob Young Field,2894,Sioux Falls,ii,Northern Sun,7.0,"[0, 0, 7, 0]",,,,568,Minot State,ii,Northern Sun,0.0,"[0, 0, 0, 0]",,,,,,,
401549692,2023,4,regular,2023-09-23T18:00:00.000Z,False,True,False,False,,3723.0,QU Stadium,2825,Quincy,ii,Great Lakes,45.0,"[0, 14, 14, 17]",,,,128,Northern Michigan,ii,GLIAC,27.0,"[0, 10, 3, 14]",,,,,,,
401541941,2023,4,regular,2023-09-23T18:00:00.000Z,False,True,False,True,,5942.0,Francis G. Welch Stadium,2214,Emporia State,ii,Mid America,38.0,"[17, 7, 7, 7]",,,,2122,Central Oklahoma,ii,Mid America,27.0,"[7, 7, 0, 13]",,,,,,,
401541931,2023,4,regular,2023-09-23T18:00:00.000Z,False,True,False,True,,6034.0,Yager Stadium at Moore Bowl,2687,Washburn,ii,Mid America,28.0,"[7, 7, 7, 7]",,,,2118,Central Missouri,ii,Mid America,58.0,"[12, 22, 14, 10]",,,,,,,
401550154,2023,4,regular,2023-09-23T18:00:00.000Z,False,True,False,True,,5893.0,Hollingsworth Field,2968,Gustavus Adolphus,iii,Minnesota,31.0,"[0, 10, 8, 13]",,,,124,Augsburg,iii,Minnesota,33.0,"[14, 0, 7, 12]",,,,,,,
401545982,2023,4,regular,2023-09-23T18:00:00.000Z,False,True,False,True,,5880.0,Elliott Field at Don Beebe Stadium,2123,Chadron State,ii,Rocky Mountain,17.0,"[3, 0, 6, 8]",,,,2714,Western Colorado,ii,Rocky Mountain,35.0,"[7, 21, 0, 7]",,,,,,,
401540529,2023,4,regular,2023-09-23T18:00:00.000Z,False,True,False,True,,5116.0,O'Shaughnessy Stadium,2900,St. Thomas (MN),fcs,Pioneer,35.0,"[0, 0, 21, 14]",0.7961325645446777,,,2413,Morehead State,fcs,Pioneer,28.0,"[0, 7, 14, 7]",0.20386743545532227,,,6.642189763410825,,,
401545821,2023,4,regular,2023-09-23T18:00:00.000Z,False,True,False,True,,3641.0,Blakeslee Stadium,2364,Minnesota State,ii,Northern Sun,42.0,"[7, 14, 14, 7]",,,,3066,Concordia St. Paul,ii,Northern Sun,10.0,"[3, 7, 0, 0]",,,,,,,
401549707,2023,4,regular,2023-09-23T18:00:00.000Z,False,True,False,True,,6033.0,Carl Smith Stadium,2842,UVA Wise,ii,South Atlantic,17.0,"[3, 7, 0, 7]",,,,2336,Limestone,ii,South Atlantic,38.0,"[7, 21, 3, 7]",,,,,,,
401540549,2023,4,regular,2023-09-23T18:00:00.000Z,False,True,False,True,,717.0,Villanova Stadium,222,Villanova,fcs,Coastal Athletic,35.0,"[14, 7, 7, 7]",0.9924912452697754,,,227,Rhode Island,fcs,Coastal Athletic,9.0,"[0, 3, 0, 6]",0.007508754730224609,,,3.0100036579255645,,,
401544947,2023,4,regular,2023-09-23T18:00:00.000Z,False,True,False,True,,6093.0,Holmgren Athletic Complex,75,North Park,iii,CCIW,38.0,"[7, 21, 10, 0]",,,,74,Millikin,iii,CCIW,0.0,"[0, 0, 0, 0]",,,,,,,
401541056,2023,4,regular,2023-09-23T18:00:00.000Z,False,True,False,False,,6086.0,Rocco Calvo Field,323,Moravian,iii,Landmark Conference,19.0,"[0, 7, 6, 6]",,,,3110,SUNY Morrisville,iii,Empire 8,20.0,"[13, 7, 0, 0]",,,,,,,
401549761,2023,4,regular,2023-09-23T18:00:00.000Z,False,True,False,True,,6118.0,Birkelbach Field,2588,Southwestern U,iii,Southern Athletic,43.0,"[21, 5, 3, 14]",,,,3,Birmingham-Southern,iii,Southern Athletic,20.0,"[6, 7, 0, 7]",,,,,,,
401547109,2023,4,regular,2023-09-23T18:00:00.000Z,False,True,False,True,,5836.0,Chalmers Field,49,Dubuque,iii,American Rivers,35.0,"[7, 0, 21, 7]",,,,263,Loras,iii,American Rivers,23.0,"[0, 3, 7, 13]",,,,,,,
401550279,2023,4,regular,2023-09-23T18:00:00.000Z,False,True,False,True,,5123.0,Little Giant Stadium,89,Wabash,iii,North Coast,59.0,"[31, 14, 14, 0]",,,,391,Oberlin,iii,North Coast,6.0,"[0, 0, 0, 6]",,,,,,,
401540787,2023,4,regular,2023-09-23T18:00:00.000Z,False,True,False,False,,6030.0,Harms-Eischeid Stadium,389,Upper Iowa,ii,Northern Sun,31.0,"[10, 14, 7, 0]",,,,2392,Michigan Tech,ii,GLIAC,34.0,"[0, 7, 7, 20]",,,,,,,
401540700,2023,4,regular,2023-09-23T18:00:00.000Z,False,True,False,False,,3885.0,Harvey Randall Wickes Memorial Stadium,129,Saginaw Valley State,ii,GLIAC,10.0,"[0, 3, 0, 7]",,,,2292,Indianapolis,ii,Great Lakes,35.0,"[7, 21, 7, 0]",,,,,,,
401550232,2023,4,regular,2023-09-23T18:00:00.000Z,False,True,False,True,,5827.0,Tomasini Stadium,409,Concordia (WI),iii,NACC,41.0,"[6, 7, 14, 14]",,,,2741,Wisconsin Lutheran,iii,NACC,0.0,"[0, 0, 0, 0]",,,,,,,
401546009,2023,4,regular,2023-09-23T18:00:00.000Z,False,True,False,True,,6059.0,Sanchez Family Stadium,2424,New Mexico Highlands,ii,Rocky Mountain,7.0,"[0, 0, 0, 7]",,,,613,South Dakota Mines,ii,Rocky Mountain,42.0,"[7, 14, 14, 7]",,,,,,,
401549625,2023,4,regular,2023-09-23T18:00:00.000Z,False,True,False,False,,6113.0,Leckonby Stadium,2779,St. Lawrence,iii,Liberty League,28.0,"[7, 21, 0, 0]",,,,293,Vermont State Castleton,iii,ECFC,0.0,"[0, 0, 0, 0]",,,,,,,
401544928,2023,4,regular,2023-09-23T18:00:00.000Z,False,True,False,True,,4747.0,Abbott Memorial Alumni Stadium,2657,Tuskegee,ii,SIAC,28.0,"[7, 7, 0, 0, 8, 6]",,,,2323,Lane College,ii,SIAC,22.0,"[0, 0, 14, 0, 8, 0]",,,,,,,
401547215,2023,4,regular,2023-09-23T18:00:00.000Z,False,True,False,True,,5815.0,Schneider Stadium,32,Carroll (WI),iii,CCIW,70.0,"[21, 21, 14, 14]",,,,306,Illinois Wesleyan,iii,CCIW,23.0,"[0, 3, 20, 0]",,,,,,,
401549674,2023,4,regular,2023-09-23T18:00:00.000Z,False,True,False,True,,6284.0,Village of Lisle-Benedictine University Sports Complex,2283,Benedictine (IL),iii,NACC,48.0,"[7, 21, 14, 6]",,,,2151,Concordia Chicago,iii,NACC,14.0,"[7, 0, 7, 0]",,,,,,,
401547131,2023,4,regular,2023-09-23T18:00:00.000Z,False,True,False,True,,3635.0,Bill Buxton Stadium,2564,Simpson (IA),iii,American Rivers,0.0,"[0, 0, 0, 0]",,,,2685,Wartburg,iii,American Rivers,63.0,"[0, 28, 28, 7]",,,,,,,
401550456,2023,4,regular,2023-09-23T18:00:00.000Z,False,True,True,False,,,,101161,Lyon,,,30.0,"[10, 6, 14, 0]",,,,433,Westminster (MO),iii,Upper Midwest,7.0,"[0, 7, 0, 0]",,,,,,,
401550169,2023,4,regular,2023-09-23T18:00:00.000Z,False,True,False,True,,6122.0,Public Schools Stadium,375,St. Scholastica,iii,Minnesota,16.0,"[3, 0, 0, 13]",,,,2152,Concordia (MN),iii,Minnesota,49.0,"[0, 28, 14, 7]",,,,,,,
401547093,2023,4,regular,2023-09-23T18:00:00.000Z,False,True,False,True,,5923.0,Legacy Field in Carlson Stadium,67,Luther,iii,American Rivers,16.0,"[0, 10, 0, 6]",,,,2964,Central College,iii,American Rivers,41.0,"[21, 0, 3, 17]",,,,,,,
401550236,2023,4,regular,2023-09-23T18:00:00.000Z,False,True,False,True,,5841.0,Pete FioRito Stadium at McKinzie Field,101,Eureka,iii,NACC,21.0,"[7, 7, 0, 7]",,,,2832,St. Norbert,iii,NACC,17.0,"[7, 0, 3, 7]",,,,,,,
401531871,2023,4,regular,2023-09-23T18:00:00.000Z,False,True,False,False,10118.0,3919.0,Scheumann Stadium,2050,Ball State,fbs,Mid-American,3.0,"[0, 0, 0, 3]",0.01570945791900158,1273.0,1185.0,290,Georgia Southern,fbs,Sun Belt,40.0,"[14, 9, 10, 7]",0.9842905420809984,1425.0,1513.0,2.1990493110283644,,,
401550021,2023,4,regular,2023-09-23T18:00:00.000Z,False,True,False,True,,6095.0,Sabine Field at Haynes Family Stadium,2467,Norwich,iii,NEWMAC,17.0,"[0, 7, 7, 3]",,,,2749,WPI,iii,NEWMAC,38.0,"[7, 10, 14, 7]",,,,,,,
401545829,2023,4,regular,2023-09-23T18:00:00.000Z,False,True,False,True,,6072.0,Schwan Regional Event Center,2587,Southwest Minnesota State,ii,Northern Sun,0.0,"[0, 0, 0, 0]",,,,134,Minnesota Duluth,ii,Northern Sun,33.0,"[6, 14, 3, 10]",,,,,,,
401549684,2023,4,regular,2023-09-23T18:00:00.000Z,False,True,False,True,,6110.0,Sam Greeley Field,2524,Rockford,iii,NACC,20.0,"[7, 0, 7, 6]",,,,6353,Lakeland,iii,NACC,41.0,"[7, 14, 10, 10]",,,,,,,
401550185,2023,4,regular,2023-09-23T18:00:00.000Z,False,True,False,True,,5813.0,Klein Field at Manitou,133,St. Olaf,iii,Minnesota,38.0,"[7, 15, 7, 9]",,,,2359,Macalester,iii,Minnesota,13.0,"[7, 6, 0, 0]",,,,,,,
401545802,2023,4,regular,2023-09-23T18:00:00.000Z,False,True,False,True,,5872.0,Kirkeby-Over Stadium,2043,Augustana (SD),ii,Northern Sun,31.0,"[7, 14, 7, 3]",,,,2817,Minnesota St Moorhead,ii,Northern Sun,27.0,"[6, 0, 15, 6]",,,,,,,
401545853,2023,4,regular,2023-09-23T18:00:00.000Z,False,True,False,True,,5780.0,Altra Federal Credit Union Stadium,2851,Winona State,ii,Northern Sun,39.0,"[12, 7, 14, 6]",,,,425,Northern State,ii,Northern Sun,16.0,"[3, 7, 6, 0]",,,,,,,
401547034,2023,4,regular,2023-09-23T18:00:00.000Z,False,True,False,True,,3705.0,Earl Kitchings Stadium,2206,Edward Waters,ii,SIAC,44.0,"[10, 14, 13, 7]",,,,60,Morehouse,ii,SIAC,13.0,"[0, 0, 13, 0]",,,,,,,
401549640,2023,4,regular,2023-09-23T18:00:00.000Z,False,True,False,True,,5897.0,Francis Field (MO),143,Washington St. Louis,iii,CCIW,38.0,"[14, 10, 14, 0]",,,,2106,Carthage,iii,CCIW,7.0,"[0, 7, 0, 0]",,,,,,,
401540472,2023,4,regular,2023-09-23T18:30:00.000Z,False,True,False,False,,3704.0,E. J. Whitmire Stadium,2717,Western Carolina,fcs,Southern,77.0,"[21, 21, 14, 21]",0.9939262866973877,,,2127,Charleston Southern,fcs,Big South-OVC,21.0,"[0, 7, 7, 7]",0.006073713302612305,,,1.806051375288957,,,
401550043,2023,4,regular,2023-09-23T19:00:00.000Z,False,True,False,True,,5839.0,Langhorst Field,72,Elmhurst,iii,CCIW,6.0,"[0, 0, 0, 6]",,,,3071,North Central College,iii,CCIW,59.0,"[28, 21, 7, 3]",,,,,,,
401547041,2023,4,regular,2023-09-23T19:00:00.000Z,False,True,True,True,,7522.0,Glynn County Stadium,2013,Albany State,ii,SIAC,15.0,"[3, 6, 0, 6]",,,,2542,Savannah State,ii,SIAC,12.0,"[3, 0, 3, 6]",,,,,,Coastal City HBCU Classic,
401551512,2023,4,regular,2023-09-23T19:00:00.000Z,False,True,False,False,,5637.0,Vendetti Field,2884,Nichols,iii,Commonwealth Coast,52.0,"[21, 13, 15, 3]",,,,173,Hartwick,iii,Empire 8,3.0,"[0, 3, 0, 0]",,,,,,,
401545813,2023,4,regular,2023-09-23T19:00:00.000Z,False,True,False,True,,3638.0,MDU Resources Community Bowl,559,University of Mary,ii,Northern Sun,10.0,"[3, 7, 0, 0]",,,,132,Bemidji State,ii,Northern Sun,41.0,"[14, 6, 14, 7]",,,,,,,
401541794,2023,4,regular,2023-09-23T19:00:00.000Z,False,True,False,True,,3934.0,Southern Nazarene University Football Stadium,200,Southern Nazarene,ii,Great American,41.0,"[0, 14, 7, 20]",,,,2927,Southwestern Oklahoma State,ii,Great American,7.0,"[7, 0, 0, 0]",,,,,,,
401550408,2023,4,regular,2023-09-23T19:00:00.000Z,False,True,False,True,,6081.0,Harper Davis Field,2398,Millsaps,iii,Southern Athletic,42.0,"[14, 0, 7, 21]",,,,418,Hendrix,iii,Southern Athletic,53.0,"[27, 13, 6, 7]",,,,,,,
401540583,2023,4,regular,2023-09-23T19:00:00.000Z,False,True,False,True,,3925.0,Seibert Stadium,2535,Samford,fcs,Southern,24.0,"[3, 14, 7, 0]",0.08611121773719788,,,236,Chattanooga,fcs,Southern,47.0,"[13, 21, 3, 10]",0.9138887822628021,,,3.4107093347056843,,,
401545968,2023,4,regular,2023-09-23T19:00:00.000Z,False,True,False,True,,3859.0,Offutt Field,611,Seton Hill,ii,Pennsylvania State Athletic,14.0,"[7, 0, 0, 7]",,,,215,Slippery Rock,ii,Pennsylvania State Athletic,35.0,"[7, 21, 7, 0]",,,,,,,
401545975,2023,4,regular,2023-09-23T19:00:00.000Z,False,True,False,True,,5882.0,Ralph Stocker Stadium,11,Colorado Mesa,ii,Rocky Mountain,23.0,"[7, 7, 0, 9]",,,,2069,Black Hills State,ii,Rocky Mountain,25.0,"[10, 6, 3, 6]",,,,,,,
401540222,2023,4,regular,2023-09-23T19:00:00.000Z,False,True,False,False,,3878.0,Plaster Sports Complex,2623,Missouri State,fcs,MVFC,59.0,"[14, 24, 14, 7]",0.9882136583328247,,,3101,Utah Tech,fcs,UAC,14.0,"[7, 7, 0, 0]",0.011786341667175293,,,3.3679733344403666,,,
401541961,2023,4,regular,2023-09-23T19:00:00.000Z,False,True,False,True,,6054.0,Fred G. Hughes Stadium,2403,Missouri Southern State,ii,Mid America,42.0,"[7, 7, 21, 7]",,,,196,Northeastern State,ii,Mid America,0.0,"[0, 0, 0, 0]",,,,,,,
401550347,2023,4,regular,2023-09-23T19:00:00.000Z,False,True,False,False,,6116.0,Shentel Stadium,2828,Shenandoah,iii,Old Dominion,48.0,"[28, 14, 6, 0]",,,,246,Juniata,iii,Landmark Conference,7.0,"[0, 0, 0, 7]",,,,,,,
401539995,2023,4,regular,2023-09-23T19:00:00.000Z,False,True,True,False,,3812.0,Lucas Oil Stadium,2428,North Carolina Central,fcs,MEAC,45.0,"[14, 7, 14, 10]",0.9930024743080139,,,2400,Mississippi Valley State,fcs,SWAC,3.0,"[0, 3, 0, 0]",0.006997525691986084,,,1.8833729554206156,,,
401551140,2023,4,regular,2023-09-23T19:00:00.000Z,False,True,False,False,,5220.0,Garrison Stadium,2804,Chowan,ii,Gulf South,3.0,"[0, 3, 0, 0]",,,,490,Benedict,ii,SIAC,31.0,"[6, 22, 0, 3]",,,,,,,
401540499,2023,4,regular,2023-09-23T19:00:00.000Z,False,True,False,False,,3777.0,Joe Walton Stadium,2523,Robert Morris,fcs,Big South,46.0,"[28, 5, 13, 0]",,,,2355,Virginia Lynchburg,,,0.0,"[0, 0, 0, 0]",,,,1.4380676148,,,
401541974,2023,4,regular,2023-09-23T19:00:00.000Z,False,True,False,True,,6067.0,Carnie Smith Stadium,90,Pittsburg State,ii,Mid America,33.0,"[3, 0, 9, 21]",,,,2438,Nebraska Kearney,ii,Mid America,14.0,"[0, 7, 0, 7]",,,,,,,
401540390,2023,4,regular,2023-09-23T19:00:00.000Z,False,True,False,False,,3858.0,O'Brien Stadium,2197,Eastern Illinois,fcs,Big South-OVC,31.0,"[7, 7, 0, 17]",0.38552069664001465,,,2377,McNeese,fcs,Southland,28.0,"[14, 14, 0, 0]",0.6144793033599854,,,10.687023456044667,,,
401540157,2023,4,regular,2023-09-23T19:00:00.000Z,False,True,False,True,,3902.0,Eddie Robinson Stadium,2755,Grambling,fcs,SWAC,35.0,"[7, 7, 7, 14]",,,,2640,Texas Southern,fcs,SWAC,23.0,"[0, 7, 10, 6]",,,,,,,
401540489,2023,4,regular,2023-09-23T19:30:00.000Z,False,True,False,True,,3998.0,Zable Stadium,2729,William & Mary,fcs,Coastal Athletic,28.0,"[0, 7, 14, 7]",0.9349513649940491,,,311,Maine,fcs,Coastal Athletic,3.0,"[0, 3, 0, 0]",0.06504863500595093,,,2.2374041080509515,,,
401525509,2023,4,regular,2023-09-23T19:30:00.000Z,False,True,False,False,17234.0,3806.0,Lincoln Financial Field,218,Temple,fbs,American Athletic,7.0,"[0, 7, 0, 0]",0.0049811070784926414,1194.0,1139.0,2390,Miami,fbs,ACC,41.0,"[7, 17, 14, 3]",0.9950188929215074,1529.0,1584.0,2.6854408928582867,,,
401547197,2023,4,regular,2023-09-23T19:30:00.000Z,False,True,False,False,,3995.0,Dr. John W. Winkin Sports Complex,2280,Husson,iii,Commonwealth Coast,50.0,"[6, 15, 15, 14]",,,,15,Anna Maria College,iii,ECFC,49.0,"[9, 13, 14, 13]",,,,,,,
401525847,2023,4,regular,2023-09-23T19:30:00.000Z,False,True,False,True,47233.0,3833.0,Memorial Stadium,2305,Kansas,fbs,Big 12,38.0,"[14, 0, 14, 10]",0.9934771656990051,1451.0,1480.0,252,BYU,fbs,Big 12,27.0,"[7, 10, 3, 7]",0.006522834300994873,1565.0,1536.0,4.919612141587039,,,
401540048,2023,4,regular,2023-09-23T19:30:00.000Z,False,True,False,False,,3676.0,Christy Mathewson-Memorial Stadium,2083,Bucknell,fcs,Patriot,21.0,"[0, 0, 7, 14]",0.011675636284053326,,,219,Pennsylvania,fcs,Ivy,37.0,"[7, 3, 20, 7]",0.9883243637159467,,,3.788429130139946,,,
401540573,2023,4,regular,2023-09-23T19:30:00.000Z,False,True,False,True,,3788.0,Kenneth P. LaValle Stadium,2619,Stony Brook,fcs,Coastal Athletic,19.0,"[3, 7, 0, 9]",0.7945337891578674,,,257,Richmond,fcs,Coastal Athletic,20.0,"[0, 10, 7, 3]",0.20546621084213257,,,4.83998617544796,,,
401520250,2023,4,regular,2023-09-23T19:30:00.000Z,False,True,False,True,100077.0,3657.0,Bryant-Denny Stadium,333,Alabama,fbs,SEC,24.0,"[3, 3, 11, 7]",0.8264315128326416,1954.0,1959.0,145,Ole Miss,fbs,SEC,10.0,"[7, 0, 3, 0]",0.1735684871673584,1672.0,1667.0,4.611935424139347,,,
401540073,2023,4,regular,2023-09-23T19:30:00.000Z,False,True,False,False,,3721.0,Fisher Field,322,Lafayette,fcs,Patriot,28.0,"[7, 7, 7, 7]",0.995391845703125,,,2405,Monmouth,fcs,Coastal Athletic,20.0,"[3, 3, 8, 6]",0.004608154296875,,,4.412356443526111,,,
401525850,2023,4,regular,2023-09-23T19:30:00.000Z,False,True,False,True,50071.0,3842.0,Milan Puskar Stadium,277,West Virginia,fbs,Big 12,20.0,"[7, 6, 0, 7]",0.7932332754135132,1457.0,1473.0,2641,Texas Tech,fbs,Big 12,13.0,"[3, 0, 0, 10]",0.20676672458648682,1575.0,1559.0,4.403283584080394,,,
401520261,2023,4,regular,2023-09-23T19:30:00.000Z,False,True,False,True,70131.0,3936.0,Spartan Stadium,127,Michigan State,fbs,Big Ten,9.0,"[0, 3, 6, 0]",0.03630189225077629,1509.0,1468.0,120,Maryland,fbs,Big Ten,31.0,"[7, 14, 0, 10]",0.9636981077492237,1646.0,1687.0,3.903901888820774,,,
401541104,2023,4,regular,2023-09-23T19:30:00.000Z,False,True,False,True,,6119.0,Stagg Field,81,Springfield,iii,NEWMAC,63.0,"[7, 28, 14, 14]",,,,2557,Coast Guard,iii,NEWMAC,14.0,"[0, 7, 0, 7]",,,,,,,
401526835,2023,4,regular,2023-09-23T19:30:00.000Z,False,True,False,False,8298.0,3985.0,Warren McGuirk Alumni Stadium,113,Massachusetts,fbs,FBS Independents,31.0,"[0, 14, 3, 11, 3]",0.2046932429075241,1048.0,1047.0,167,New Mexico,fbs,Mountain West,34.0,"[14, 14, 0, 0, 6]",0.7953067570924759,1108.0,1109.0,4.787630610051897,,,
401532408,2023,4,regular,2023-09-23T19:30:00.000Z,False,True,False,False,15812.0,3996.0,Yager Stadium,193,Miami (OH),fbs,Mid-American,62.0,"[17, 17, 21, 7]",0.895465612411499,1350.0,1350.0,2169,Delaware State,fcs,MEAC,20.0,"[7, 6, 7, 0]",0.10453438758850098,,,2.729653570835728,,,
401531873,2023,4,regular,2023-09-23T19:30:00.000Z,False,True,False,False,16938.0,3918.0,S.B. Ballard Stadium,295,Old Dominion,fbs,Sun Belt,10.0,"[0, 0, 7, 3]",0.30174520611763,1358.0,1358.0,2837,East Texas A&M,fcs,Southland,9.0,"[0, 0, 3, 6]",0.69825479388237,,,7.401630346690866,,,
401520272,2023,4,regular,2023-09-23T19:30:00.000Z,False,True,False,False,29033.0,3892.0,Pratt & Whitney Stadium,41,UConn,fbs,FBS Independents,7.0,"[0, 0, 0, 7]",0.13770855963230133,1213.0,1168.0,150,Duke,fbs,ACC,41.0,"[7, 20, 14, 0]",0.8622914403676987,1630.0,1675.0,3.0947973333915613,,,
401532405,2023,4,regular,2023-09-23T19:30:00.000Z,False,True,False,True,18248.0,3700.0,Doyt L. Perry Stadium,189,Bowling Green,fbs,Mid-American,7.0,"[0, 0, 0, 7]",0.0,1253.0,1195.0,195,Ohio,fbs,Mid-American,38.0,"[21, 10, 7, 0]",1.0,1484.0,1542.0,2.471167853200788,,,
401520255,2023,4,regular,2023-09-23T19:30:00.000Z,False,True,False,False,53512.0,3832.0,"Memorial Stadium (Champaign, IL)",356,Illinois,fbs,Big Ten,23.0,"[0, 14, 9, 0]",0.892508327960968,1606.0,1601.0,2226,Florida Atlantic,fbs,American Athletic,17.0,"[10, 0, 0, 7]",0.10749167203903198,1351.0,1356.0,4.1917863406235005,,,
401524015,2023,4,regular,2023-09-23T19:30:00.000Z,False,True,False,True,59889.0,3626.0,Autzen Stadium,2483,Oregon,fbs,Pac-12,42.0,"[13, 22, 7, 0]",0.9879347085952759,1734.0,1782.0,38,Colorado,fbs,Pac-12,6.0,"[0, 0, 0, 6]",0.012065291404724121,1300.0,1252.0,2.1186078609910464,,,
401524017,2023,4,regular,2023-09-23T19:30:00.000Z,False,True,False,True,52919.0,587.0,Rice-Eccles Stadium,254,Utah,fbs,Pac-12,14.0,"[7, 7, 0, 0]",0.9230315089225769,1780.0,1784.0,26,UCLA,fbs,Pac-12,7.0,"[0, 0, 0, 7]",0.0769684910774231,1682.0,1678.0,2.8495602591308793,,,
401525506,2023,4,regular,2023-09-23T19:30:00.000Z,False,True,False,True,48294.0,3873.0,L&N Federal Credit Union Stadium,97,Louisville,fbs,ACC,56.0,"[14, 28, 14, 0]",0.9898015856742859,1644.0,1682.0,103,Boston College,fbs,ACC,28.0,"[0, 14, 7, 7]",0.010198414325714111,1335.0,1297.0,2.271875076824675,,,
401520263,2023,4,regular,2023-09-23T19:30:00.000Z,False,True,False,False,87115.0,3834.0,"Memorial Stadium (Lincoln, NE)",158,Nebraska,fbs,Big Ten,28.0,"[0, 7, 7, 14]",0.7934740781784058,1476.0,1483.0,2348,Louisiana Tech,fbs,Conference USA,14.0,"[0, 7, 0, 7]",0.20652592182159424,1218.0,1211.0,4.765661952504243,,,
401540245,2023,4,regular,2023-09-23T20:00:00.000Z,False,True,False,True,,3791.0,Kibbie Dome,70,Idaho,fcs,Big Sky,36.0,"[3, 10, 14, 9]",0.48746076226234436,,,16,Sacramento State,fcs,Big Sky,27.0,"[3, 7, 7, 10]",0.5125392377376556,,,5.614400739965163,,,
401525846,2023,4,regular,2023-09-23T20:00:00.000Z,False,True,False,True,59022.0,3772.0,Jack Trice Stadium,66,Iowa State,fbs,Big 12,34.0,"[7, 13, 7, 7]",0.9392454028129578,1531.0,1537.0,197,Oklahoma State,fbs,Big 12,27.0,"[7, 10, 3, 7]",0.060754597187042236,1468.0,1462.0,5.313799794896011,,,
401520269,2023,4,regular,2023-09-23T20:00:00.000Z,False,True,False,False,101915.0,3853.0,Neyland Stadium,2633,Tennessee,fbs,SEC,45.0,"[14, 17, 0, 14]",0.9831174612045288,1830.0,1883.0,2636,UTSA,fbs,American Athletic,14.0,"[0, 0, 14, 0]",0.01688253879547119,1575.0,1522.0,2.2126093392681603,,,
401545995,2023,4,regular,2023-09-23T20:00:00.000Z,False,True,False,True,,4852.0,Neta and Eddie DeRose ThunderBowl,2570,CSU Pueblo,ii,Rocky Mountain,14.0,"[7, 0, 7, 0]",,,,2146,Colorado School of Mines,ii,Rocky Mountain,55.0,"[17, 7, 10, 21]",,,,,,,
401550342,2023,4,regular,2023-09-23T20:00:00.000Z,False,True,False,True,,5821.0,Fritz B. Burns Stadium,17,Claremont Mudd Scripps,iii,So. Cal.,49.0,"[7, 14, 14, 14]",,,,2094,Cal Lutheran,iii,So. Cal.,28.0,"[7, 7, 0, 14]",,,,,,,
401540045,2023,4,regular,2023-09-23T20:00:00.000Z,False,True,False,True,,3979.0,Wagner College Stadium,2681,Wagner,fcs,NEC,30.0,"[0, 10, 7, 13]",0.5272113084793091,,,2771,Merrimack,fcs,NEC,27.0,"[7, 0, 14, 6]",0.4727886915206909,,,7.026439806545737,,,
401547008,2023,4,regular,2023-09-23T20:00:00.000Z,False,True,False,True,,6078.0,Pioneer Field (TN),2839,Tusculum,ii,South Atlantic,35.0,"[7, 14, 7, 7]",,,,2107,Catawba,ii,South Atlantic,21.0,"[0, 0, 7, 14]",,,,,,,
401541813,2023,4,regular,2023-09-23T20:00:00.000Z,False,True,False,True,,3729.0,"Frank ""Muddy"" Waters Stadium",2273,Hillsdale,ii,Great Midwest Athletic,21.0,"[0, 0, 0, 21]",,,,2224,Findlay,ii,Great Midwest Athletic,31.0,"[7, 14, 7, 3]",,,,,,,
401552868,2023,4,regular,2023-09-23T20:00:00.000Z,False,True,False,True,,5868.0,Ronald J. Abdow Field,2022,American International,ii,Northeast 10,14.0,"[7, 0, 0, 7]",,,,2487,Pace,ii,Northeast 10,24.0,"[3, 7, 7, 7]",,,,,,,
401540972,2023,4,regular,2023-09-23T20:00:00.000Z,False,True,False,True,,3731.0,Frost-Kalnow Stadium,2838,Tiffin,ii,Great Midwest Athletic,55.0,"[14, 14, 14, 13]",,,,308,Ashland,ii,Great Midwest Athletic,30.0,"[7, 0, 16, 7]",,,,,,,
401540227,2023,4,regular,2023-09-23T20:00:00.000Z,False,True,False,True,,4765.0,Hillsboro Stadium,2502,Portland State,fcs,Big Sky,59.0,"[21, 31, 7, 0]",0.995347261428833,,,13,Cal Poly,fcs,Big Sky,21.0,"[7, 7, 0, 7]",0.004652738571166992,,,2.392969061409728,,,
401531423,2023,4,regular,2023-09-23T20:00:00.000Z,False,True,False,True,29141.0,3886.0,Raymond James Stadium,58,South Florida,fbs,American Athletic,42.0,"[3, 10, 14, 15]",0.9832409024238586,1279.0,1298.0,242,Rice,fbs,American Athletic,29.0,"[7, 7, 7, 8]",0.016759097576141357,1199.0,1180.0,6.210589589215916,,,
401552998,2023,4,regular,2023-09-23T20:00:00.000Z,False,True,False,False,,6120.0,Growney Stadium,374,St. John Fisher,iii,Empire 8,29.0,"[7, 10, 0, 12]",,,,398,Wilkes,iii,Landmark Conference,20.0,"[17, 0, 3, 0]",,,,,,,
401540260,2023,4,regular,2023-09-23T20:00:00.000Z,False,True,False,True,,2023.0,Walkup Skydome,2464,Northern Arizona,fcs,Big Sky,28.0,"[7, 14, 7, 0]",0.8994361162185669,,,149,Montana,fcs,Big Sky,14.0,"[0, 14, 0, 0]",0.1005638837814331,,,2.694408893585204,,,
401552468,2023,4,regular,2023-09-23T20:00:00.000Z,False,True,False,True,,5808.0,Edward C. Swenson Athletic Complex,18,Bridgewater State,iii,MSCAC,35.0,"[0, 14, 14, 7]",,,,2843,Western Connecticut State,iii,MSCAC,28.0,"[0, 14, 7, 7]",,,,,,,
401539988,2023,4,regular,2023-09-23T20:00:00.000Z,False,True,False,False,,3781.0,Johnny Unitas Stadium,119,Towson,fcs,Coastal Athletic,14.0,"[0, 7, 0, 7]",0.3973134458065033,,,2450,Norfolk State,fcs,MEAC,21.0,"[7, 0, 14, 0]",0.6026865541934967,,,5.55093989347225,,,
401541924,2023,4,regular,2023-09-23T20:05:00.000Z,False,True,False,True,,5783.0,McArthur Field,2848,Western Oregon,ii,Lone Star,7.0,"[0, 0, 7, 0]",,,,2120,Central Washington,ii,Lone Star,17.0,"[0, 10, 0, 7]",,,,,,,
401545793,2023,4,regular,2023-09-23T20:30:00.000Z,False,True,False,False,,6074.0,Grappone Stadium,2830,Saint Anselm,ii,Northeast 10,42.0,"[6, 27, 6, 3]",,,,126086,Post,ii,Independent DII,21.0,"[7, 7, 0, 7]",,,,,,,
401547056,2023,4,regular,2023-09-23T21:00:00.000Z,False,True,False,True,,6027.0,Albert J. H. Sloan - Alumni Stadium,2396,Miles,ii,SIAC,55.0,"[14, 14, 13, 14]",,,,2805,Clark Atlanta,ii,SIAC,14.0,"[0, 0, 7, 7]",,,,,,,
401531876,2023,4,regular,2023-09-23T21:00:00.000Z,False,True,False,False,18369.0,6526.0,Hancock Whitney Stadium,6,South Alabama,fbs,Sun Belt,30.0,"[14, 0, 3, 13]",0.6474127773669446,1541.0,1519.0,2117,Central Michigan,fbs,Mid-American,34.0,"[0, 13, 7, 14]",0.3525872226330554,1321.0,1343.0,6.6588111823,,,
401520257,2023,4,regular,2023-09-23T21:00:00.000Z,False,True,False,False,20966.0,3662.0,AmFirst Stadium,55,Jacksonville State,fbs,Conference USA,21.0,"[7, 7, 7, 0]",0.9993559122085571,1461.0,1505.0,2199,Eastern Michigan,fbs,Mid-American,0.0,"[0, 0, 0, 0]",0.0006440877914428711,1408.0,1364.0,2.461816989588046,,,
401549813,2023,4,regular,2023-09-23T21:00:00.000Z,False,True,False,True,,5807.0,Brevard Memorial Stadium,2913,Brevard,iii,USA South,37.0,"[0, 7, 15, 7, 3, 3, 2]",,,,2373,Maryville (TN),iii,USA South,35.0,"[6, 3, 13, 7, 3, 3, 0]",,,,,,,
401549618,2023,4,regular,2023-09-23T21:00:00.000Z,False,True,False,False,,6107.0,ECAV Stadium,2528,Rensselaer,iii,Liberty League,63.0,"[21, 35, 0, 7]",,,,110438,Dean,iii,ECFC,0.0,"[0, 0, 0, 0]",,,,,,,
401540467,2023,4,regular,2023-09-23T21:00:00.000Z,False,True,False,True,,716.0,Torero Stadium,301,San Diego,fcs,Pioneer,40.0,"[14, 19, 0, 7]",0.9452530145645142,,,2168,Dayton,fcs,Pioneer,25.0,"[3, 7, 7, 8]",0.05474698543548584,,,2.895006312550501,,,
401550349,2023,4,regular,2023-09-23T21:00:00.000Z,False,True,False,True,,6132.0,Trinity University Stadium,386,Trinity (TX),iii,Southern Athletic,63.0,"[14, 21, 14, 14]",,,,2519,Rhodes,iii,Southern Athletic,14.0,"[0, 0, 7, 7]",,,,,,,
401540193,2023,4,regular,2023-09-23T22:00:00.000Z,False,True,False,False,,3908.0,Roy Kidd Stadium,2198,Eastern Kentucky,fcs,UAC,41.0,"[7, 10, 7, 17]",0.21824216512078765,,,2546,Southeast Missouri State,fcs,Big South-OVC,38.0,"[17, 7, 7, 7]",0.7817578348792124,,,6.2646766678,,,
401547015,2023,4,regular,2023-09-23T22:00:00.000Z,False,True,False,True,,7076.0,J.W. Babb Stadium,101784,Erskine,ii,South Atlantic,17.0,"[7, 0, 3, 7]",,,,2444,Newberry,ii,South Atlantic,24.0,"[3, 14, 7, 0]",,,,,,,
401541878,2023,4,regular,2023-09-23T22:00:00.000Z,False,True,True,True,,6036.0,Blue Wahoos Stadium,110242,West Florida,ii,Gulf South,49.0,"[14, 21, 14, 0]",,,,2698,West Georgia,ii,Gulf South,21.0,"[7, 0, 0, 14]",,,,,,,
401540117,2023,4,regular,2023-09-23T22:00:00.000Z,False,True,False,True,,3650.0,Bragg Memorial Stadium,50,Florida A&M,fcs,SWAC,23.0,"[7, 7, 0, 9]",0.7821608781814575,,,2011,Alabama State,fcs,SWAC,10.0,"[0, 3, 7, 0]",0.21783912181854248,,,4.24949112568339,,,
401540661,2023,4,regular,2023-09-23T22:00:00.000Z,False,True,False,True,,3904.0,Rogers Stadium (VA),330,Virginia State,ii,CIAA,33.0,"[7, 6, 0, 20]",,,,2940,Livingstone,ii,CIAA,0.0,"[0, 0, 0, 0]",,,,,,,
401540324,2023,4,regular,2023-09-23T22:00:00.000Z,False,True,False,True,,3695.0,Delaware Stadium,48,Delaware,fcs,CAA,29.0,"[0, 15, 14, 0]",0.9922799167147911,,,160,New Hampshire,fcs,Coastal Athletic,25.0,"[12, 6, 7, 0]",0.007720083285208901,,,6.2956353873,,,
401540670,2023,4,regular,2023-09-23T22:00:00.000Z,False,True,False,True,,6032.0,Hovey Field,2676,Virginia Union,ii,CIAA,7.0,"[0, 7, 0, 0]",,,,2220,Fayetteville State,ii,CIAA,10.0,"[7, 0, 0, 3]",,,,,,,
401545754,2023,4,regular,2023-09-23T22:00:00.000Z,False,True,False,True,,5785.0,Dickerson Stadium,2707,West Virginia State,ii,Mountain East,31.0,"[3, 21, 0, 7]",,,,2249,Glenville State,ii,Mountain East,21.0,"[0, 7, 7, 7]",,,,,,,
401551494,2023,4,regular,2023-09-23T22:00:00.000Z,False,True,True,True,,6211.0,Sodexo Field,112334,Franklin Pierce,ii,Northeast 10,14.0,"[7, 0, 0, 7]",,,,2441,New Haven,ii,Northeast 10,41.0,"[0, 27, 7, 7]",,,,,,,
401540314,2023,4,regular,2023-09-23T22:00:00.000Z,False,True,False,True,,3629.0,Barker-Lane Stadium,2097,Campbell,fcs,Coastal Athletic,24.0,"[3, 0, 7, 14]",0.038012560456991196,,,2210,Elon,fcs,Coastal Athletic,28.0,"[0, 21, 7, 0]",0.9619874395430088,,,3.0565929669535246,,,
401541887,2023,4,regular,2023-09-23T22:00:00.000Z,False,True,False,False,,3649.0,Bowman Gray Stadium,2736,Winston-Salem State,ii,CIAA,30.0,"[6, 14, 7, 3]",,,,124180,Bluefield State,ii,Independent DII,0.0,"[0, 0, 0, 0]",,,,,,,
401540252,2023,4,regular,2023-09-23T22:00:00.000Z,False,True,False,True,,1930.0,Holt Arena,304,Idaho State,fcs,Big Sky,35.0,"[7, 14, 7, 7]",,,,2458,Northern Colorado,fcs,Big Sky,21.0,"[7, 0, 14, 0]",,,,,,,
401539980,2023,4,regular,2023-09-23T22:00:00.000Z,False,True,False,False,,3762.0,Hughes Stadium,2415,Morgan State,fcs,MEAC,17.0,"[0, 7, 0, 3, 7, 0]",,,,399,UAlbany,fcs,Coastal Athletic,23.0,"[7, 3, 0, 0, 7, 6]",,,,,,,
401549581,2023,4,regular,2023-09-23T22:00:00.000Z,False,True,False,False,,5856.0,Boswell Field at David J. Urick Stadium,174,Hobart,iii,Liberty League,43.0,"[3, 20, 20, 0]",,,,122774,Keystone,iii,Landmark Conference,10.0,"[7, 3, 0, 0]",,,,,,,
401540000,2023,4,regular,2023-09-23T22:00:00.000Z,False,True,False,False,,3864.0,Oliver C. Dawson Stadium,2569,South Carolina State,fcs,MEAC,31.0,"[7, 7, 10, 7]",,,,2643,The Citadel,fcs,Southern,10.0,"[0, 3, 0, 7]",,,,,,,
401531413,2023,4,regular,2023-09-23T22:00:00.000Z,False,True,False,False,40589.0,3699.0,Dowdy-Ficklen Stadium,151,East Carolina,fbs,American Athletic,44.0,"[13, 10, 7, 14]",1.0,1420.0,1420.0,2241,Gardner-Webb,fcs,Big South-OVC,0.0,"[0, 0, 0, 0]",0.0,,,2.309418539277707,,,
401525508,2023,4,regular,2023-09-23T22:30:00.000Z,False,True,False,True,31865.0,3630.0,Allegacy Federal Credit Union Stadium,154,Wake Forest,fbs,ACC,16.0,"[3, 0, 6, 7]",0.08055491745471954,1607.0,1545.0,59,Georgia Tech,fbs,ACC,30.0,"[7, 13, 0, 10]",0.9194450825452805,1329.0,1391.0,4.039647078122549,,,
401550295,2023,4,regular,2023-09-23T22:30:00.000Z,False,True,False,True,,6133.0,Ellis Oval at Zimman Field,112,Tufts,iii,NESCAC,44.0,"[7, 13, 10, 14]",,,,121,Bates,iii,NESCAC,16.0,"[3, 7, 6, 0]",,,,,,,
401520275,2023,4,regular,2023-09-23T22:30:00.000Z,False,True,False,True,17437.0,218.0,FIU Stadium,2229,Florida International,fbs,Conference USA,6.0,"[6, 0, 0, 0]",0.0,1125.0,1084.0,2335,Liberty,fbs,Conference USA,38.0,"[14, 10, 14, 0]",1.0,1533.0,1574.0,2.8873940249881516,,,
401547171,2023,4,regular,2023-09-23T23:00:00.000Z,False,True,False,True,,4463.0,Crusader Stadium,2371,Mary Hardin Baylor,iii,American Southwest,50.0,"[10, 10, 10, 20]",,,,241,McMurry,iii,American Southwest,9.0,"[3, 0, 0, 6]",,,,,,,
401540142,2023,4,regular,2023-09-23T23:00:00.000Z,False,True,False,True,,3976.0,Mississippi Veterans Memorial Stadium,2296,Jackson State,fcs,SWAC,22.0,"[2, 6, 6, 8]",0.638427734375,,,2065,Bethune-Cookman,fcs,SWAC,16.0,"[0, 9, 0, 7]",0.361572265625,,,6.008147997285785,,,
401540376,2023,4,regular,2023-09-23T23:00:00.000Z,False,True,False,False,,3882.0,Provost Umphrey Stadium,2320,Lamar,fcs,Southland,38.0,"[14, 10, 7, 7]",0.9913138747215271,,,124179,Lincoln (CA),,,0.0,"[0, 0, 0, 0]",0.0086861252784729,,,2.3177067702183067,,,
401540399,2023,4,regular,2023-09-23T23:00:00.000Z,False,True,False,False,,3897.0,Richardson Stadium,2166,Davidson,fcs,Pioneer,84.0,"[14, 35, 14, 21]",0.9839587807655334,,,111610,St. Andrews,,,6.0,"[0, 6, 0, 0]",0.016041219234466553,,,2.0149202795678613,,,
401531349,2023,4,regular,2023-09-23T23:00:00.000Z,False,True,False,False,22842.0,4729.0,Yulman Stadium,2655,Tulane,fbs,American Athletic,36.0,"[17, 10, 6, 3]",0.9693586230278015,1651.0,1651.0,2447,Nicholls,fcs,Southland,7.0,"[0, 7, 0, 0]",0.030641376972198486,,,2.601996105608154,,,
401540214,2023,4,regular,2023-09-23T23:00:00.000Z,False,True,False,False,,3827.0,"Memorial Stadium (Stephenville, TX)",2627,Tarleton State,fcs,UAC,27.0,"[7, 0, 13, 7]",0.9132838639067952,,,2586,Southwest Baptist,ii,Great Lakes,13.0,"[0, 6, 0, 7]",0.08671613609320483,,,6.1976325959,,,
401520251,2023,4,regular,2023-09-23T23:00:00.000Z,False,True,False,False,89053.0,3634.0,Ben Hill Griffin Stadium,57,Florida,fbs,SEC,22.0,"[10, 6, 3, 3]",0.9794722199440002,1603.0,1601.0,2429,Charlotte,fbs,American Athletic,7.0,"[0, 7, 0, 0]",0.020527780055999756,1205.0,1207.0,2.533835048897901,,,
401531877,2023,4,regular,2023-09-23T23:00:00.000Z,False,True,False,False,19257.0,3644.0,Bobcat Stadium (TX),326,Texas State,fbs,Sun Belt,35.0,"[0, 0, 21, 14]",0.7142287492752075,1353.0,1363.0,2440,Nevada,fbs,Mountain West,24.0,"[10, 7, 0, 7]",0.2857712507247925,1224.0,1214.0,5.206699881838114,,,
401520254,2023,4,regular,2023-09-23T23:00:00.000Z,False,True,False,False,35044.0,4728.0,TDECU Stadium,248,Houston,fbs,Big 12,38.0,"[10, 14, 7, 7]",0.9902544617652893,1519.0,1597.0,2534,Sam Houston,fbs,Conference USA,7.0,"[7, 0, 0, 0]",0.009745538234710693,1474.0,1396.0,3.665150875776509,,,
401540778,2023,4,regular,2023-09-23T23:00:00.000Z,False,True,False,True,,5871.0,Convoy Leslie Cotton Boll Stadium,2028,Arkansas Monticello,ii,Great American,25.0,"[0, 13, 6, 6]",,,,2888,Ouachita Baptist,ii,Great American,45.0,"[21, 10, 0, 14]",,,,,,,
401524019,2023,4,regular,2023-09-23T23:00:00.000Z,False,True,False,True,33111.0,3820.0,Gesa Field,265,Washington State,fbs,Pac-12,38.0,"[14, 14, 7, 3]",0.9942147135734558,1621.0,1624.0,204,Oregon State,fbs,Pac-12,35.0,"[7, 7, 0, 21]",0.0057852864265441895,1741.0,1738.0,3.1792562862609786,,,
401541753,2023,4,regular,2023-09-23T23:00:00.000Z,False,True,False,True,,5113.0,Ruggles Field at Carpenter-Haygood Stadium,2271,Henderson State,ii,Great American,16.0,"[3, 6, 7, 0]",,,,2264,Harding,ii,Great American,27.0,"[0, 7, 13, 7]",,,,,,,
401550375,2023,4,regular,2023-09-23T23:00:00.000Z,False,True,False,True,,5864.0,Robert E. Thorn Field,146,Grove City,iii,Presidents',21.0,"[0, 14, 7, 0]",,,,2102,Carnegie Mellon,iii,Presidents',14.0,"[0, 0, 7, 7]",,,,,,,
401541848,2023,4,regular,2023-09-23T23:00:00.000Z,False,True,False,True,,5935.0,Parker Field at McCool Stadium,2170,Delta State,ii,Gulf South,56.0,"[14, 20, 22, 0]",,,,2560,Shorter,ii,Gulf South,20.0,"[7, 6, 7, 0]",,,,,,,
401541867,2023,4,regular,2023-09-23T23:00:00.000Z,False,True,False,True,,4851.0,Bazemore-Hyder Stadium,2673,Valdosta State,ii,Gulf South,28.0,"[14, 7, 7, 0]",,,,2822,North Greenville,ii,Gulf South,3.0,"[0, 3, 0, 0]",,,,,,,
401544993,2023,4,regular,2023-09-23T23:00:00.000Z,False,True,False,True,,6152.0,Wiliams Stadium (OH),2733,Wilmington (OH),iii,Ohio,49.0,"[7, 21, 14, 7]",,,,424,Capital,iii,Ohio,24.0,"[3, 14, 0, 7]",,,,,,,
401544937,2023,4,regular,2023-09-23T23:00:00.000Z,False,True,False,True,,5115.0,McCully Stadium,396,Wheaton (IL),iii,CCIW,41.0,"[6, 14, 7, 14]",,,,2042,Augustana (IL),iii,CCIW,34.0,"[10, 3, 7, 14]",,,,,,,
401541875,2023,4,regular,2023-09-23T23:00:00.000Z,False,True,False,True,,3957.0,Tiger Stadium (AL),2695,West Alabama,ii,Gulf South,10.0,"[0, 3, 0, 7]",,,,2401,Mississippi College,ii,Gulf South,7.0,"[0, 7, 0, 0]",,,,,,,
401541770,2023,4,regular,2023-09-23T23:00:00.000Z,False,True,False,True,,3875.0,Paul Laird Field,199,Southeastern Oklahoma State,ii,Great American,41.0,"[6, 7, 28, 0]",,,,2823,Northwestern (OK),ii,Great American,2.0,"[2, 0, 0, 0]",,,,,,,
401520262,2023,4,regular,2023-09-23T23:00:00.000Z,False,True,False,False,19806.0,3725.0,"Johnny ""Red"" Floyd Stadium",2393,Middle Tennessee,fbs,Conference USA,23.0,"[10, 7, 0, 6]",0.1732904464006424,1341.0,1320.0,36,Colorado State,fbs,Mountain West,31.0,"[10, 0, 7, 14]",0.8267095535993576,1278.0,1299.0,5.938206068998008,,,
401540185,2023,4,regular,2023-09-23T23:00:00.000Z,False,True,False,True,,3711.0,Estes Stadium,2110,Central Arkansas,fcs,UAC,52.0,"[7, 14, 17, 14]",,,,2000,Abilene Christian,fcs,UAC,17.0,"[10, 0, 0, 7]",,,,,,,
401544201,2023,4,regular,2023-09-23T23:00:00.000Z,False,True,False,False,,3734.0,Gayle and Tom Benson Stadium,2916,Incarnate Word,fcs,Southland,63.0,"[28, 14, 14, 7]",0.9922709465026855,,,123086,North American,,,3.0,"[0, 0, 0, 3]",0.007729053497314453,,,1.6682398882321998,,,
401540126,2023,4,regular,2023-09-23T23:00:00.000Z,False,True,False,True,,3771.0,Jack Spinks Stadium,2016,Alcorn State,fcs,SWAC,20.0,"[0, 10, 3, 7]",0.23772121965885162,,,2504,Prairie View A&M,fcs,SWAC,23.0,"[0, 7, 7, 9]",0.7622787803411484,,,6.2592086370225015,,,
401540535,2023,4,regular,2023-09-23T23:00:00.000Z,False,True,False,False,,3962.0,Tucker Stadium,2635,Tennessee Tech,fcs,Big South-OVC,17.0,"[0, 3, 0, 14]",0.9049496650695801,,,338,Kennesaw State,fcs,FCS Independents,7.0,"[7, 0, 0, 0]",0.09505033493041992,,,4.442488865048398,,,
401541777,2023,4,regular,2023-09-23T23:00:00.000Z,False,True,False,True,,5936.0,Koi Ishto Stadium,2191,East Central,ii,Great American,15.0,"[0, 5, 7, 3]",,,,319,Oklahoma Baptist,ii,Great American,23.0,"[9, 7, 0, 7]",,,,,,,
401541907,2023,4,regular,2023-09-23T23:00:00.000Z,False,True,False,True,,5917.0,Ratliff Stadium,110243,UT Permian Basin,ii,Lone Star,41.0,"[3, 0, 7, 24, 7]",,,,2704,West Texas,ii,Lone Star,40.0,"[7, 7, 10, 10, 6]",,,,,,,
401541892,2023,4,regular,2023-09-23T23:00:00.000Z,False,True,False,True,,5869.0,LeGrand Stadium at 1st Community Credit Union Field,2025,Angelo State,ii,Lone Star,62.0,"[27, 21, 7, 7]",,,,2703,Western New Mexico,ii,Lone Star,9.0,"[0, 3, 6, 0]",,,,,,,
401540720,2023,4,regular,2023-09-23T23:00:00.000Z,False,True,False,True,,5891.0,Wilkins Stadium,2568,Southern Arkansas,ii,Great American,49.0,"[14, 14, 14, 7]",,,,2033,Arkansas Tech,ii,Great American,3.0,"[3, 0, 0, 0]",,,,,,,
401524016,2023,4,regular,2023-09-23T23:00:00.000Z,False,True,False,True,38046.0,3940.0,Stanford Stadium,24,Stanford,fbs,Pac-12,20.0,"[3, 7, 7, 3]",0.5616486668586731,1271.0,1278.0,12,Arizona,fbs,Pac-12,21.0,"[0, 7, 7, 7]",0.4383513331413269,1453.0,1446.0,6.871657326377071,,,
401541829,2023,4,regular,2023-09-23T23:00:00.000Z,False,True,False,True,,5263.0,Steele Stadium,2316,Kentucky Wesleyan,ii,Great Midwest Athletic,13.0,"[0, 6, 0, 7]",,,,2477,Ohio Dominican,ii,Great Midwest Athletic,10.0,"[7, 3, 0, 0]",,,,,,,
401540203,2023,4,regular,2023-09-23T23:00:00.000Z,False,True,False,False,,4133.0,Braly Municipal Stadium,2453,North Alabama,fcs,UAC,21.0,"[14, 7, 0, 0]",0.009478515014052391,,,2630,UT Martin,fcs,Big South-OVC,37.0,"[7, 3, 13, 14]",0.9905214849859476,,,5.969163466000355,,,
401520258,2023,4,regular,2023-09-23T23:00:00.000Z,False,True,False,True,99648.0,3958.0,Tiger Stadium (LA),99,LSU,fbs,SEC,34.0,"[0, 10, 14, 10]",0.7078676819801331,1753.0,1752.0,8,Arkansas,fbs,SEC,31.0,"[3, 10, 3, 15]",0.29213231801986694,1620.0,1621.0,6.699183109667416,,,
401531874,2023,4,regular,2023-09-23T23:00:00.000Z,False,True,False,True,16601.0,3625.0,Centennial Bank Stadium,2032,Arkansas State,fbs,Sun Belt,44.0,"[14, 6, 14, 10]",0.7049707174301147,1032.0,1055.0,2572,Southern Miss,fbs,Sun Belt,37.0,"[7, 10, 10, 10]",0.29502928256988525,1258.0,1235.0,5.415713262806193,,,
401540687,2023,4,regular,2023-09-23T23:00:00.000Z,False,True,False,True,,3808.0,Lincoln University Stadium,2339,Lincoln (PA),ii,CIAA,20.0,"[0, 14, 0, 6]",,,,2304,Johnson C. Smith,ii,CIAA,27.0,"[10, 0, 7, 10]",,,,,,,
401531870,2023,4,regular,2023-09-23T23:00:00.000Z,False,True,False,False,21169.0,3984.0,War Memorial Stadium,2751,Wyoming,fbs,Mountain West,22.0,"[0, 7, 0, 15]",0.46667447686195374,1402.0,1405.0,2026,App State,fbs,Sun Belt,19.0,"[6, 6, 0, 7]",0.5333255231380463,1577.0,1574.0,6.051666201134058,,,
401540356,2023,4,regular,2023-09-23T23:00:00.000Z,False,True,False,True,,3944.0,Strawberry Stadium,2545,SE Louisiana,fcs,Southland,19.0,"[6, 7, 6, 0]",0.03441108763217926,,,2277,Houston Christian,fcs,Southland,34.0,"[14, 10, 0, 10]",0.9655889123678207,,,4.378669620419308,,,
401540175,2023,4,regular,2023-09-23T23:00:00.000Z,False,True,False,True,,3756.0,Homer Bryce Stadium,2617,Stephen F. Austin,fcs,UAC,20.0,"[7, 7, 6, 0]",0.3619963228702545,,,2046,Austin Peay,fcs,UAC,22.0,"[0, 7, 7, 8]",0.6380036771297455,,,5.552928870213904,,,
401540731,2023,4,regular,2023-09-23T23:00:00.000Z,False,True,False,False,,3609.0,Allgood-Bailey Stadium,2402,Missouri S&T,ii,Great Lakes,35.0,"[0, 14, 7, 14]",,,,2844,Wayne State (NE),ii,Northern Sun,38.0,"[17, 21, 0, 0]",,,,,,,
401550381,2023,4,regular,2023-09-23T23:00:00.000Z,False,True,False,True,,3671.0,Case Field,2963,Case Western Reserve,iii,Presidents',42.0,"[7, 14, 7, 14]",,,,2242,Geneva,iii,Presidents',7.0,"[0, 7, 0, 0]",,,,,,,
401520259,2023,4,regular,2023-09-23T23:30:00.000Z,False,True,True,False,45085.0,3494.0,The Dome at America's Center,142,Missouri,fbs,SEC,34.0,"[7, 10, 7, 10]",0.65269935131073,1485.0,1508.0,235,Memphis,fbs,American Athletic,27.0,"[10, 0, 7, 10]",0.34730064868927,1581.0,1558.0,4.823522954908969,,,
401531875,2023,4,regular,2023-09-23T23:30:00.000Z,False,True,False,False,17674.0,3666.0,Cajun Field,309,Louisiana,fbs,Sun Belt,45.0,"[7, 3, 21, 14]",0.9752335548400879,1561.0,1558.0,2084,Buffalo,fbs,Mid-American,38.0,"[0, 0, 21, 17]",0.02476644515991211,1328.0,1331.0,3.568271588055035,,,
401520252,2023,4,regular,2023-09-23T23:30:00.000Z,False,True,False,False,92746.0,3917.0,Sanford Stadium,61,Georgia,fbs,SEC,49.0,"[7, 21, 14, 7]",0.9799349308013916,2048.0,2055.0,5,UAB,fbs,American Athletic,21.0,"[0, 14, 0, 7]",0.0200650691986084,1427.0,1420.0,3.0801765469867646,,,
401520267,2023,4,regular,2023-09-23T23:30:00.000Z,False,True,False,True,78311.0,3994.0,Williams-Brice Stadium,2579,South Carolina,fbs,SEC,37.0,"[7, 13, 7, 10]",0.7615178823471069,1557.0,1567.0,344,Mississippi State,fbs,SEC,30.0,"[0, 17, 10, 3]",0.23848211765289307,1561.0,1551.0,5.903555503865502,,,
401525844,2023,4,regular,2023-09-23T23:30:00.000Z,False,True,False,True,49165.0,4727.0,McLane Stadium,239,Baylor,fbs,Big 12,6.0,"[3, 3, 0, 0]",0.011272582225501537,1563.0,1506.0,251,Texas,fbs,Big 12,38.0,"[7, 21, 10, 0]",0.9887274177744985,1831.0,1888.0,3.740726262775553,,,
401520265,2023,4,regular,2023-09-23T23:30:00.000Z,False,True,False,True,110830.0,3632.0,Beaver Stadium,213,Penn State,fbs,Big Ten,31.0,"[3, 7, 14, 7]",1.0,1867.0,1931.0,2294,Iowa,fbs,Big Ten,0.0,"[0, 0, 0, 0]",0.0,1703.0,1639.0,2.889924973136372,,,
401520264,2023,4,regular,2023-09-23T23:30:00.000Z,False,True,False,True,20148.0,3911.0,Ryan Field,77,Northwestern,fbs,Big Ten,37.0,"[0, 7, 3, 21, 6]",0.03789006220339346,1352.0,1357.0,135,Minnesota,fbs,Big Ten,34.0,"[7, 17, 7, 0, 3]",0.9621099377966066,1640.0,1635.0,6.7269552723,,,
401520256,2023,4,regular,2023-09-23T23:30:00.000Z,False,True,False,False,44968.0,3830.0,"Memorial Stadium (Bloomington, IN)",84,Indiana,fbs,Big Ten,29.0,"[0, 7, 7, 3, 7, 3, 0, 2]",0.7135105729103088,1399.0,1397.0,2006,Akron,fbs,Mid-American,27.0,"[0, 3, 7, 7, 7, 3, 0, 0]",0.28648942708969116,1224.0,1226.0,6.552136339322893,,,
401521330,2023,4,regular,2023-09-23T23:30:00.000Z,False,True,False,False,77622.0,3855.0,Notre Dame Stadium,87,Notre Dame,fbs,FBS Independents,14.0,"[0, 0, 7, 7]",0.570436418056488,1851.0,1857.0,194,Ohio State,fbs,Big Ten,17.0,"[0, 3, 7, 7]",0.42956358194351196,2028.0,2022.0,5.680647890007187,,,
401531872,2023,4,regular,2023-09-24T00:00:00.000Z,False,True,False,False,19994.0,3905.0,Maverik Stadium,328,Utah State,fbs,Mountain West,38.0,"[0, 17, 14, 7]",0.21064533293247223,1382.0,1385.0,256,James Madison,fbs,Sun Belt,45.0,"[17, 21, 0, 7]",0.7893546670675278,1593.0,1590.0,5.46081819379837,,,
401540268,2023,4,regular,2023-09-24T00:00:00.000Z,False,True,False,True,,3942.0,Stewart Stadium,2692,Weber State,fcs,Big Sky,0.0,"[0, 0, 0, 0]",0.0073875244706869125,,,147,Montana State,fcs,Big Sky,40.0,"[0, 20, 0, 20]",0.9926124755293131,,,2.873718372822034,,,
401544900,2023,4,regular,2023-09-24T00:00:00.000Z,False,True,False,True,,5866.0,Rex Stadium,2001,Adams State,ii,Rocky Mountain,25.0,"[9, 7, 0, 9]",,,,2237,Fort Lewis,ii,Rocky Mountain,24.0,"[3, 14, 7, 0]",,,,,,,
401540983,2023,4,regular,2023-09-24T00:00:00.000Z,False,True,False,True,,6049.0,"Memorial Stadium (Wichita Falls, TX)",2395,Midwestern State,ii,Lone Star,34.0,"[7, 14, 0, 13]",,,,2201,Eastern New Mexico,ii,Lone Star,31.0,"[7, 7, 14, 3]",,,,,,,
401540207,2023,4,regular,2023-09-24T00:00:00.000Z,False,True,False,False,,3706.0,Eccles Coliseum,253,Southern Utah,fcs,UAC,37.0,"[10, 7, 7, 13]",0.9681925177574158,,,2710,Western Illinois,fcs,MVFC,17.0,"[0, 17, 0, 0]",0.03180748224258423,,,4.717071351321353,,,
401525848,2023,4,regular,2023-09-24T00:00:00.000Z,False,True,False,True,51912.0,3636.0,Bill Snyder Family Stadium,2306,Kansas State,fbs,Big 12,44.0,"[7, 14, 10, 13]",0.9124784469604492,1789.0,1804.0,2116,UCF,fbs,Big 12,31.0,"[10, 7, 7, 7]",0.08752155303955078,1664.0,1649.0,5.491347458519457,,,
401525510,2023,4,regular,2023-09-24T00:00:00.000Z,False,True,False,True,48544.0,3752.0,Acrisure Stadium,221,Pittsburgh,fbs,ACC,24.0,"[7, 10, 7, 0]",0.058227021247148514,1578.0,1543.0,153,North Carolina,fbs,ACC,41.0,"[7, 21, 13, 0]",0.9417729787528515,1636.0,1671.0,4.605675592319345,,,
401520273,2023,4,regular,2023-09-24T01:00:00.000Z,False,True,False,False,28042.0,3946.0,Sun Bowl,2638,UTEP,fbs,Conference USA,28.0,"[7, 7, 7, 7]",0.0012841150164604187,1241.0,1210.0,2439,UNLV,fbs,Mountain West,45.0,"[14, 14, 0, 17]",0.9987158849835396,1341.0,1372.0,6.695185799850797,,,
401552871,2023,4,regular,2023-09-24T02:00:00.000Z,False,True,False,True,,6103.0,Merritt Field,2923,Pomona Pitzer,iii,So. Cal.,34.0,"[7, 10, 10, 7]",,,,2318,La Verne,iii,So. Cal.,7.0,"[7, 0, 0, 0]",,,,,,,
401544146,2023,4,regular,2023-09-24T02:00:00.000Z,False,True,False,True,,5819.0,Ernie Chapman Stadium,411,Chapman,iii,So. Cal.,21.0,"[14, 7, 0, 0]",,,,29,Redlands,iii,So. Cal.,38.0,"[7, 14, 14, 3]",,,,,,,
401540237,2023,4,regular,2023-09-24T02:00:00.000Z,False,True,False,True,,3602.0,Aggie Stadium,302,UC Davis,fcs,Big Sky,24.0,"[3, 14, 7, 0]",0.2871331572532654,,,331,Eastern Washington,fcs,Big Sky,27.0,"[10, 7, 3, 7]",0.7128668427467346,,,2.9594429433345795,,,
401524014,2023,4,regular,2023-09-24T02:30:00.000Z,False,True,False,True,54166.0,3947.0,Mountain America Stadium,9,Arizona State,fbs,Pac-12,28.0,"[7, 6, 8, 7]",0.05242147669196129,1392.0,1404.0,30,USC,fbs,Pac-12,42.0,"[14, 7, 6, 15]",0.9475785233080387,1891.0,1879.0,6.236083499633602,,,
401524018,2023,4,regular,2023-09-24T02:30:00.000Z,False,True,False,True,69107.0,3765.0,Husky Stadium,264,Washington,fbs,Pac-12,59.0,"[24, 21, 7, 7]",0.9842610359191895,1888.0,1920.0,25,California,fbs,Pac-12,32.0,"[6, 6, 7, 13]",0.015738964080810547,1551.0,1519.0,2.752640830037184,,,
401532407,2023,4,regular,2023-09-24T02:30:00.000Z,False,True,False,False,38728.0,3660.0,Valley Children's Stadium,278,Fresno State,fbs,Mountain West,53.0,"[22, 14, 14, 3]",0.9659112691879272,1723.0,1787.0,2309,Kent State,fbs,Mid-American,10.0,"[7, 3, 0, 0]",0.034088730812072754,1245.0,1181.0,2.330433635487724,,,
401520253,2023,4,regular,2023-09-24T03:59:00.000Z,False,True,False,False,10254.0,7220.0,Clarence T.C. Ching Athletics Complex,62,Hawai'i,fbs,Mountain West,20.0,"[0, 3, 7, 10]",0.18719148635864258,1145.0,1148.0,166,New Mexico State,fbs,Conference USA,17.0,"[7, 10, 0, 0]",0.8128085136413574,1264.0,1261.0,4.669322164977296,,,
401553855,2023,4,regular,2023-09-24T16:30:00.000Z,False,True,False,True,,3851.0,Mustang Stadium,471,Stevenson,iii,Mid Atlantic,49.0,"[7, 16, 6, 20]",,,,2725,Widener,iii,Mid Atlantic,7.0,"[0, 7, 0, 0]",,,,,,,
401540694,2023,4,regular,2023-09-24T17:00:00.000Z,False,True,False,True,,5941.0,Roebuck Stadium,2207,Elizabeth City State,ii,CIAA,17.0,"[0, 0, 10, 7]",,,,2551,Shaw,ii,CIAA,20.0,"[7, 13, 0, 0]",,,,,,,
401550024,2023,4,regular,2023-09-24T18:00:00.000Z,False,True,False,False,,3618.0,Apprentice Field,3111,Apprentice School,iii,Independent DIII,9.0,"[0, 3, 6, 0]",,,,2688,Washington and Lee,iii,Old Dominion,28.0,"[14, 7, 0, 7]",,,,,,,
401520277,2023,5,regular,2023-09-28T23:30:00.000Z,False,True,False,True,14712.0,3796.0,Houchens Industries-L.T. Smith Stadium,98,Western Kentucky,fbs,Conference USA,31.0,"[10, 13, 0, 8]",0.9711182713508606,1506.0,1537.0,2393,Middle Tennessee,fbs,Conference USA,10.0,"[0, 3, 7, 0]",0.028881728649139404,1320.0,1289.0,3.4153076323376075,,,
401531339,2023,5,regular,2023-09-28T23:30:00.000Z,False,True,False,True,17538.0,3674.0,Chapman Stadium,202,Tulsa,fbs,American Athletic,48.0,"[14, 7, 10, 17]",0.9948615431785583,1294.0,1331.0,218,Temple,fbs,American Athletic,26.0,"[3, 0, 15, 8]",0.00513845682144165,1139.0,1102.0,2.663751035385782,,,
401520276,2023,5,regular,2023-09-29T00:00:00.000Z,False,True,False,True,14566.0,3647.0,Elliott T. Bowers Stadium,2534,Sam Houston,fbs,Conference USA,28.0,"[14, 7, 0, 7, 0]",0.8153107166290283,1396.0,1391.0,55,Jacksonville State,fbs,Conference USA,35.0,"[7, 0, 7, 14, 7]",0.18468928337097168,1505.0,1510.0,7.695142136613319,,,
401547198,2023,5,regular,2023-09-29T22:00:00.000Z,False,True,False,False,,3995.0,Dr. John W. Winkin Sports Complex,2280,Husson,iii,Commonwealth Coast,75.0,"[27, 13, 21, 14]",,,,110438,Dean,iii,ECFC,17.0,"[7, 7, 3, 0]",,,,,,,
401525512,2023,5,regular,2023-09-29T23:00:00.000Z,False,True,False,True,56919.0,3670.0,Carter-Finley Stadium,152,NC State,fbs,ACC,10.0,"[0, 10, 0, 0]",0.5963172316551208,1520.0,1525.0,97,Louisville,fbs,ACC,13.0,"[0, 0, 10, 3]",0.40368276834487915,1682.0,1677.0,5.7401290177911095,,,
401551495,2023,5,regular,2023-09-29T23:00:00.000Z,False,True,False,True,,5868.0,Ronald J. Abdow Field,2022,American International,ii,Northeast 10,14.0,"[14, 0, 0, 0]",,,,2441,New Haven,ii,Northeast 10,33.0,"[6, 13, 7, 7]",,,,,,,
401554813,2023,5,regular,2023-09-29T23:00:00.000Z,False,True,False,True,,5835.0,Biddle Field,2175,Dickinson,iii,Centennial,19.0,"[3, 7, 0, 9]",,,,2234,Franklin & Marshall,iii,Centennial,17.0,"[7, 3, 7, 0]",,,,,,,
401541632,2023,5,regular,2023-09-29T23:00:00.000Z,False,True,False,True,,3881.0,Princeton University Stadium,163,Princeton,fcs,Ivy,10.0,"[3, 0, 0, 7]",0.5162200843898204,,,171,Columbia,fcs,Ivy,7.0,"[0, 0, 7, 0]",0.48377991561017963,,,10.5416992899,,,
401549632,2023,5,regular,2023-09-29T23:00:00.000Z,False,True,False,True,,6136.0,Patterson Field,2667,Ursinus,iii,Centennial,20.0,"[0, 7, 0, 13]",,,,2422,Muhlenberg,iii,Centennial,28.0,"[7, 21, 0, 0]",,,,,,,
401520278,2023,5,regular,2023-09-30T01:00:00.000Z,False,True,False,True,9101.0,3946.0,Sun Bowl,2638,UTEP,fbs,Conference USA,10.0,"[0, 7, 3, 0]",0.08705732226371765,1210.0,1178.0,2348,Louisiana Tech,fbs,Conference USA,24.0,"[14, 3, 0, 7]",0.9129426777362823,1211.0,1243.0,4.426474137133099,,,
401524020,2023,5,regular,2023-09-30T01:00:00.000Z,False,True,False,True,37372.0,3893.0,Reser Stadium,204,Oregon State,fbs,Pac-12,21.0,"[7, 0, 7, 7]",0.9830561280250549,1738.0,1770.0,254,Utah,fbs,Pac-12,7.0,"[0, 0, 0, 7]",0.01694387197494507,1784.0,1752.0,2.6454861299151258,,,
401525851,2023,5,regular,2023-09-30T02:15:00.000Z,False,True,False,True,63834.0,3801.0,LaVell Edwards Stadium,252,BYU,fbs,Big 12,35.0,"[7, 7, 14, 7]",0.9201271533966064,1536.0,1552.0,2132,Cincinnati,fbs,Big 12,27.0,"[0, 10, 10, 7]",0.07987284660339355,1593.0,1577.0,4.644117402463611,,,
401540013,2023,5,regular,2023-09-30T16:00:00.000Z,False,True,False,True,,6043.0,Bethpage Federal Credit Union Stadium,2341,Long Island University,fcs,NEC,28.0,"[14, 7, 0, 7]",0.4986976683139801,,,2184,Duquesne,fcs,NEC,31.0,"[7, 14, 7, 3]",0.5013023316860199,,,5.632522876610164,,,
401520292,2023,5,regular,2023-09-30T16:00:00.000Z,False,True,False,False,21227.0,3892.0,Pratt & Whitney Stadium,41,UConn,fbs,FBS Independents,33.0,"[7, 10, 0, 16]",0.6240439414978027,1168.0,1177.0,328,Utah State,fbs,Mountain West,34.0,"[0, 7, 17, 10]",0.37595605850219727,1385.0,1376.0,5.870474642188537,,,
401549733,2023,5,regular,2023-09-30T16:00:00.000Z,False,True,False,False,,6115.0,Toppa Field,2776,Salve Regina,iii,Commonwealth Coast,35.0,"[7, 7, 7, 14]",,,,2383,Merchant Marine,iii,NEWMAC,17.0,"[10, 7, 0, 0]",,,,,,,
401520279,2023,5,regular,2023-09-30T16:00:00.000Z,False,True,True,True,59437.0,3687.0,AT&T Stadium,8,Arkansas,fbs,SEC,22.0,"[3, 3, 10, 6]",0.23699069023132324,1621.0,1610.0,245,Texas A&M,fbs,SEC,34.0,"[7, 10, 10, 7]",0.7630093097686768,1722.0,1733.0,4.940210587681654,,,
401551506,2023,5,regular,2023-09-30T16:00:00.000Z,False,True,False,True,,4750.0,The Reservation,2336,Limestone,ii,South Atlantic,27.0,"[14, 13, 0, 0]",,,,2369,Mars Hill,ii,South Atlantic,23.0,"[9, 7, 0, 7]",,,,,,,
401520282,2023,5,regular,2023-09-30T16:00:00.000Z,False,True,False,True,61699.0,3683.0,Kroger Field,96,Kentucky,fbs,SEC,33.0,"[16, 7, 7, 3]",0.9978857040405273,1675.0,1711.0,57,Florida,fbs,SEC,14.0,"[0, 7, 7, 0]",0.0021142959594726562,1601.0,1565.0,2.024712092981398,,,
401520287,2023,5,regular,2023-09-30T16:00:00.000Z,False,True,False,True,25064.0,3911.0,Ryan Field,77,Northwestern,fbs,Big Ten,13.0,"[3, 7, 0, 3]",0.00440213643014431,1357.0,1345.0,213,Penn State,fbs,Big Ten,41.0,"[3, 7, 17, 14]",0.9955978635698557,1931.0,1943.0,3.990787905526989,,,
401564662,2023,5,regular,2023-09-30T16:00:00.000Z,False,True,False,True,,3690.0,Charles L. Currier Memorial Field,2972,Plymouth State,iii,MSCAC,14.0,"[7, 0, 0, 7]",,,,2967,Framingham State,iii,MSCAC,24.0,"[14, 7, 3, 0]",,,,,,,
401545794,2023,5,regular,2023-09-30T16:00:00.000Z,False,True,False,True,,6071.0,Jess Dow Field,2583,Southern Connecticut State,ii,Northeast 10,6.0,"[0, 0, 0, 6]",,,,2830,Saint Anselm,ii,Northeast 10,3.0,"[0, 3, 0, 0]",,,,,,,
401545864,2023,5,regular,2023-09-30T16:00:00.000Z,False,True,False,True,,4436.0,Adamson Stadium,2858,California (PA),ii,Pennsylvania State Athletic,37.0,"[7, 10, 7, 13]",,,,2134,Clarion,ii,Pennsylvania State Athletic,7.0,"[0, 7, 0, 0]",,,,,,,
401545784,2023,5,regular,2023-09-30T16:00:00.000Z,False,True,False,True,,3848.0,Multi-Sport Stadium,2038,Assumption,ii,Northeast 10,36.0,"[7, 14, 0, 15]",,,,2487,Pace,ii,Northeast 10,22.0,"[0, 12, 10, 0]",,,,,,,
401550123,2023,5,regular,2023-09-30T16:00:00.000Z,False,True,False,True,,6144.0,"Alumni Field (Westfield, MA)",2909,Westfield State,iii,MSCAC,17.0,"[7, 3, 7, 0]",,,,110,Mass Maritime,iii,MSCAC,10.0,"[7, 3, 0, 0]",,,,,,,
401541027,2023,5,regular,2023-09-30T16:00:00.000Z,False,True,False,True,,4431.0,Chryst Field at Biemesderfer Stadium,210,Millersville,ii,Pennsylvania State Athletic,31.0,"[14, 7, 7, 3]",,,,209,Lock Haven,ii,Pennsylvania State Athletic,38.0,"[7, 10, 14, 7]",,,,,,,
401544964,2023,5,regular,2023-09-30T16:00:00.000Z,False,True,False,False,,6100.0,Cutler Field,354,Olivet,iii,Michigan,40.0,"[7, 12, 7, 14]",,,,3162,Alfred State,iii,ECFC,19.0,"[6, 0, 7, 6]",,,,,,,
401520284,2023,5,regular,2023-09-30T16:00:00.000Z,False,True,False,False,46843.0,3953.0,Huntington Bank Stadium,135,Minnesota,fbs,Big Ten,35.0,"[7, 7, 7, 14]",0.9960135817527771,1635.0,1649.0,309,Louisiana,fbs,Sun Belt,24.0,"[7, 10, 0, 7]",0.0039864182472229,1558.0,1544.0,3.8366344335027844,,,
401550022,2023,5,regular,2023-09-30T16:00:00.000Z,False,True,False,True,,3889.0,Reinhart Field,2951,SUNY Maritime,iii,NEWMAC,24.0,"[7, 10, 7, 0]",,,,2467,Norwich,iii,NEWMAC,21.0,"[0, 14, 0, 7]",,,,,,,
401534852,2023,5,regular,2023-09-30T16:00:00.000Z,False,True,False,False,,3777.0,Joe Walton Stadium,2523,Robert Morris,fcs,Big South,10.0,"[0, 7, 0, 3]",0.003755786456167698,,,47,Howard,fcs,MEAC,35.0,"[0, 21, 7, 7]",0.9962442135438323,,,8.979430999984052,,,
401531880,2023,5,regular,2023-09-30T16:00:00.000Z,False,True,False,True,26064.0,3651.0,Bridgeforth Stadium,256,James Madison,fbs,Sun Belt,31.0,"[14, 10, 0, 7]",1.0,1590.0,1598.0,6,South Alabama,fbs,Sun Belt,23.0,"[0, 7, 3, 13]",0.0,1519.0,1511.0,3.007607118182342,,,
401545877,2023,5,regular,2023-09-30T16:00:00.000Z,False,True,False,True,,4432.0,Andre Reed Stadium,2315,Kutztown,ii,Pennsylvania State Athletic,34.0,"[7, 7, 6, 14]",,,,2188,East Stroudsburg,ii,Pennsylvania State Athletic,27.0,"[7, 0, 14, 6]",,,,,,,
401545893,2023,5,regular,2023-09-30T16:00:00.000Z,False,True,False,True,,5133.0,Ram Stadium (WV),2974,Shepherd,ii,Pennsylvania State Athletic,30.0,"[7, 9, 7, 7]",,,,2559,Shippensburg,ii,Pennsylvania State Athletic,23.0,"[3, 3, 7, 10]",,,,,,,
401540005,2023,5,regular,2023-09-30T16:00:00.000Z,False,True,False,False,,3656.0,Brown Stadium,225,Brown,fcs,Ivy,42.0,"[7, 14, 21, 0]",0.9665685892105103,,,2115,Central Connecticut,fcs,NEC,20.0,"[0, 13, 7, 0]",0.033431410789489746,,,3.8125937034421935,,,
401524023,2023,5,regular,2023-09-30T16:00:00.000Z,False,True,False,True,54032.0,3726.0,Folsom Field,38,Colorado,fbs,Pac-12,41.0,"[0, 14, 13, 14]",0.27036628127098083,1252.0,1281.0,30,USC,fbs,Pac-12,48.0,"[14, 20, 14, 0]",0.7296337187290192,1879.0,1850.0,3.4335772635439823,,,
401553022,2023,5,regular,2023-09-30T16:00:00.000Z,False,True,False,False,,3920.0,Schmidt Stadium,398,Wilkes,iii,Landmark Conference,63.0,"[14, 21, 7, 21]",,,,246,Juniata,iii,Landmark Conference,14.0,"[0, 0, 7, 7]",,,,,,,
401541857,2023,5,regular,2023-09-30T16:00:00.000Z,False,True,False,True,,4015.0,Barron Stadium,2560,Shorter,ii,Gulf South,14.0,"[7, 0, 0, 7]",,,,2401,Mississippi College,ii,Gulf South,30.0,"[10, 14, 3, 3]",,,,,,,
401540400,2023,5,regular,2023-09-30T16:00:00.000Z,False,True,False,True,,3897.0,Richardson Stadium,2166,Davidson,fcs,Pioneer,55.0,"[10, 7, 21, 17]",0.9882726073265076,,,301,San Diego,fcs,Pioneer,33.0,"[6, 10, 3, 14]",0.011727392673492432,,,3.9148778688737575,,,
401541105,2023,5,regular,2023-09-30T16:00:00.000Z,False,True,False,True,,5899.0,"Alumni Stadium (Worcester, MA)",2749,WPI,iii,NEWMAC,10.0,"[3, 0, 0, 7]",,,,81,Springfield,iii,NEWMAC,42.0,"[7, 14, 14, 7]",,,,,,,
401531370,2023,5,regular,2023-09-30T16:00:00.000Z,False,True,False,True,20102.0,4729.0,Yulman Stadium,2655,Tulane,fbs,American Athletic,35.0,"[7, 7, 14, 7]",0.9717283844947815,1630.0,1636.0,5,UAB,fbs,American Athletic,23.0,"[3, 17, 0, 3]",0.028271615505218506,1420.0,1414.0,5.729996301660202,,,
401539981,2023,5,regular,2023-09-30T16:00:00.000Z,False,True,False,False,,3997.0,Yale Bowl,43,Yale,fcs,Ivy,45.0,"[0, 17, 28, 0]",0.8571811318397522,,,2415,Morgan State,fcs,MEAC,3.0,"[0, 3, 0, 0]",0.1428188681602478,,,4.472415441545732,,,
401540994,2023,5,regular,2023-09-30T16:00:00.000Z,False,True,False,True,,6060.0,Grace P. Johnson Stadium,2882,UNC Pembroke,ii,Mountain East,41.0,"[6, 7, 21, 7]",,,,112335,Wheeling,ii,Mountain East,20.0,"[3, 10, 7, 0]",,,,,,,
401552469,2023,5,regular,2023-09-30T16:00:00.000Z,False,True,False,True,,5845.0,Elliot Field Athletic Complex,114,Fitchburg State,iii,MSCAC,14.0,"[7, 7, 0, 0]",,,,18,Bridgewater State,iii,MSCAC,38.0,"[21, 10, 0, 7]",,,,,,,
401532412,2023,5,regular,2023-09-30T16:00:00.000Z,False,True,False,True,5490.0,3768.0,InfoCision Stadium,2006,Akron,fbs,Mid-American,10.0,"[7, 3, 0, 0, 0]",0.6584792733192444,1226.0,1228.0,2084,Buffalo,fbs,Mid-American,13.0,"[0, 7, 3, 0, 3]",0.3415207266807556,1331.0,1329.0,5.515480016088811,,,
401550362,2023,5,regular,2023-09-30T16:00:00.000Z,False,True,False,True,,6092.0,Bishop Stadium,286,North Carolina Wesleyan,iii,USA South,14.0,"[7, 0, 0, 7]",,,,2056,Belhaven,iii,USA South,35.0,"[0, 14, 7, 14]",,,,,,,
401525514,2023,5,regular,2023-09-30T16:00:00.000Z,False,True,False,True,40974.0,1964.0,JMA Wireless Dome,183,Syracuse,fbs,ACC,14.0,"[7, 0, 0, 7]",0.038697224110364914,1625.0,1593.0,228,Clemson,fbs,ACC,31.0,"[14, 7, 3, 7]",0.9613027758896351,1716.0,1748.0,4.185323982783506,,,
401546944,2023,5,regular,2023-09-30T17:00:00.000Z,False,True,False,True,,3808.0,Lincoln University Stadium,2339,Lincoln (PA),ii,CIAA,30.0,"[7, 7, 2, 14]",,,,2736,Winston-Salem State,ii,CIAA,27.0,"[14, 7, 0, 6]",,,,,,,
401547073,2023,5,regular,2023-09-30T17:00:00.000Z,False,True,False,True,,4749.0,McPherson Memorial Stadium,2119,Central State,ii,SIAC,7.0,"[0, 0, 0, 7]",,,,2396,Miles,ii,SIAC,40.0,"[7, 19, 7, 7]",,,,,,,
401540468,2023,5,regular,2023-09-30T17:00:00.000Z,False,True,False,True,,3988.0,Welcome Stadium,2168,Dayton,fcs,Pioneer,14.0,"[0, 7, 0, 7]",0.3954584300518036,,,2900,St. Thomas (MN),fcs,Pioneer,20.0,"[7, 13, 0, 0]",0.6045415699481964,,,4.193364528254468,,,
401540555,2023,5,regular,2023-09-30T17:00:00.000Z,False,True,False,True,,3664.0,Butler Bowl,2086,Butler,fcs,Pioneer,27.0,"[7, 7, 7, 6]",0.8633465766906738,,,2506,Presbyterian,fcs,Pioneer,17.0,"[7, 10, 0, 0]",0.13665342330932617,,,5.256261254607296,,,
401540671,2023,5,regular,2023-09-30T17:00:00.000Z,False,True,False,True,,6068.0,George Williams Athletic Complex,395,St. Augustine's,ii,CIAA,7.0,"[0, 0, 0, 7]",,,,2676,Virginia Union,ii,CIAA,47.0,"[0, 24, 14, 9]",,,,,,,
401540082,2023,5,regular,2023-09-30T17:00:00.000Z,False,True,False,False,,5389.0,Kessler Stadium,2405,Monmouth,fcs,Coastal Athletic,49.0,"[7, 21, 21, 0]",0.943795382976532,,,2329,Lehigh,fcs,Patriot,7.0,"[0, 7, 0, 0]",0.05620461702346802,,,3.397064629515726,,,
401552875,2023,5,regular,2023-09-30T17:00:00.000Z,False,True,False,True,,6131.0,Jessee/Miller Field,2977,Trinity (CT),iii,NESCAC,49.0,"[21, 21, 7, 0]",,,,7,Amherst,iii,NESCAC,0.0,"[0, 0, 0, 0]",,,,,,,
401540035,2023,5,regular,2023-09-30T17:00:00.000Z,False,True,False,True,,6075.0,W.B. Mason Stadium,284,Stonehill,fcs,NEC,10.0,"[0, 0, 7, 3]",0.010054221376776695,,,2598,Saint Francis,fcs,NEC,15.0,"[3, 0, 0, 12]",0.9899457786232233,,,5.852343432033297,,,
401540522,2023,5,regular,2023-09-30T17:00:00.000Z,False,True,False,True,,36.0,Leonidoff Field,2368,Marist,fcs,Pioneer,34.0,"[7, 14, 10, 3]",0.9723168611526489,,,56,Stetson,fcs,Pioneer,24.0,"[7, 14, 3, 0]",0.027683138847351074,,,5.09812828819389,,,
401550303,2023,5,regular,2023-09-30T17:00:00.000Z,False,True,False,True,,6141.0,Corwin Stadium,336,Wesleyan (CT),iii,NESCAC,35.0,"[14, 7, 14, 0]",,,,348,Hamilton,iii,NESCAC,14.0,"[6, 0, 0, 8]",,,,,,,
401539972,2023,5,regular,2023-09-30T17:00:00.000Z,False,True,False,False,,3613.0,Alumni Stadium,2169,Delaware State,fcs,MEAC,48.0,"[0, 14, 24, 10]",0.9984459280967712,,,2355,Virginia Lynchburg,,,10.0,"[0, 10, 0, 0]",0.0015540719032287598,,,3.9385704516961946,,,
401550412,2023,5,regular,2023-09-30T17:00:00.000Z,False,True,False,True,,6117.0,Knight Stadium,2896,Southern Virginia,iii,USA South,52.0,"[14, 14, 10, 14]",,,,548,LaGrange,iii,USA South,26.0,"[7, 13, 0, 6]",,,,,,,
401540030,2023,5,regular,2023-09-30T17:00:00.000Z,False,True,False,True,,3668.0,Campus Field,2529,Sacred Heart,fcs,NEC,7.0,"[7, 0, 0, 0]",0.5148925185203552,,,2771,Merrimack,fcs,NEC,17.0,"[3, 0, 0, 14]",0.4851074814796448,,,5.942286620255664,,,
401541113,2023,5,regular,2023-09-30T17:00:00.000Z,False,True,False,True,,5892.0,Armfield Athletic Center,2258,Guilford,iii,Old Dominion,14.0,"[0, 7, 0, 7]",,,,2516,Randolph Macon,iii,Old Dominion,70.0,"[21, 21, 14, 14]",,,,,,,
401540591,2023,5,regular,2023-09-30T17:00:00.000Z,False,True,False,True,,3925.0,Seibert Stadium,2535,Samford,fcs,Southern,42.0,"[7, 14, 14, 7]",0.9367216229438782,,,2193,East Tennessee State,fcs,Southern,28.0,"[0, 21, 0, 7]",0.06327837705612183,,,4.124812993626095,,,
401541086,2023,5,regular,2023-09-30T17:00:00.000Z,False,True,False,True,,6096.0,Austin E. Knowlton Athletics Complex,391,Oberlin,iii,North Coast,7.0,"[7, 0, 0, 0]",,,,83,DePauw,iii,North Coast,66.0,"[7, 42, 10, 7]",,,,,,,
401551513,2023,5,regular,2023-09-30T17:00:00.000Z,False,True,False,False,,5637.0,Vendetti Field,2884,Nichols,iii,Commonwealth Coast,55.0,"[14, 20, 14, 7]",,,,417,Gallaudet,iii,ECFC,28.0,"[7, 14, 7, 0]",,,,,,,
401545772,2023,5,regular,2023-09-30T17:00:00.000Z,False,True,False,True,,5784.0,Cebe Ross Field,455,West Virginia Wesleyan,ii,Mountain East,16.0,"[7, 9, 0, 0]",,,,2707,West Virginia State,ii,Mountain East,51.0,"[0, 17, 21, 13]",,,,,,,
401550102,2023,5,regular,2023-09-30T17:00:00.000Z,False,True,False,True,,6086.0,Rocco Calvo Field,323,Moravian,iii,Landmark Conference,58.0,"[7, 29, 16, 6]",,,,122774,Keystone,iii,Landmark Conference,34.0,"[6, 21, 0, 7]",,,,,,,
401541057,2023,5,regular,2023-09-30T17:00:00.000Z,False,True,False,True,,6087.0,Drake Field (NY),3110,SUNY Morrisville,iii,Empire 8,15.0,"[7, 0, 8, 0]",,,,2782,SUNY Cortland,iii,Empire 8,52.0,"[7, 17, 21, 7]",,,,,,,
401553862,2023,5,regular,2023-09-30T17:00:00.000Z,False,True,False,True,,6150.0,Wightman Stadium,2970,William Paterson,iii,New Jersey,21.0,"[7, 14, 0, 0]",,,,2871,Kean,iii,New Jersey,9.0,"[0, 0, 3, 6]",,,,,,,
401545830,2023,5,regular,2023-09-30T17:00:00.000Z,False,True,False,True,,6051.0,James S. Malosky Stadium,134,Minnesota Duluth,ii,Northern Sun,38.0,"[7, 14, 14, 3]",,,,2851,Winona State,ii,Northern Sun,14.0,"[0, 0, 14, 0]",,,,,,,
401541804,2023,5,regular,2023-09-30T17:00:00.000Z,False,True,False,True,,3870.0,Panther Stadium (OH),2477,Ohio Dominican,ii,Great Midwest Athletic,6.0,"[0, 0, 6, 0]",,,,308,Ashland,ii,Great Midwest Athletic,20.0,"[3, 3, 14, 0]",,,,,,,
401545822,2023,5,regular,2023-09-30T17:00:00.000Z,False,True,False,True,,5933.0,Sea Foam Stadium,3066,Concordia St. Paul,ii,Northern Sun,37.0,"[7, 17, 7, 6]",,,,559,University of Mary,ii,Northern Sun,34.0,"[6, 9, 8, 11]",,,,,,,
401547188,2023,5,regular,2023-09-30T17:00:00.000Z,False,True,False,False,,6112.0,Richard Wackar Stadium,2827,Rowan,iii,New Jersey,20.0,"[0, 20, 0, 0]",,,,118,Johns Hopkins,iii,Centennial,55.0,"[14, 27, 14, 0]",,,,,,,
401549821,2023,5,regular,2023-09-30T17:00:00.000Z,False,True,False,False,,6124.0,Amos Alonzo Stagg Field (PA),216,Susquehanna,iii,Landmark Conference,50.0,"[7, 12, 17, 14]",,,,2108,Catholic,iii,Landmark Conference,21.0,"[0, 7, 0, 14]",,,,,,,
401550266,2023,5,regular,2023-09-30T17:00:00.000Z,False,True,False,True,,5906.0,McBride Field,352,Kenyon,iii,North Coast,40.0,"[7, 10, 16, 7]",,,,2274,Hiram,iii,North Coast,16.0,"[0, 9, 0, 7]",,,,,,,
401552994,2023,5,regular,2023-09-30T17:00:00.000Z,False,True,False,True,,3922.0,Kenneth R. Gill Stadium,2700,McDaniel,iii,Centennial,20.0,"[0, 7, 0, 13]",,,,2248,Gettysburg,iii,Centennial,27.0,"[10, 14, 3, 0]",,,,,,,
401545755,2023,5,regular,2023-09-30T17:00:00.000Z,False,True,False,True,,5887.0,I.L. & Sue Morris Stadium,2249,Glenville State,ii,Mountain East,17.0,"[0, 3, 0, 14]",,,,2128,Charleston (WV),ii,Mountain East,52.0,"[0, 31, 14, 7]",,,,,,,
401549582,2023,5,regular,2023-09-30T17:00:00.000Z,False,True,False,True,,5862.0,Butterfield Stadium,175,Ithaca,iii,Liberty League,24.0,"[0, 14, 3, 7]",,,,174,Hobart,iii,Liberty League,14.0,"[0, 7, 0, 7]",,,,,,,
401545710,2023,5,regular,2023-09-30T17:00:00.000Z,False,True,False,True,,3667.0,Callaghan Stadium,2148,Concord,ii,Mountain East,21.0,"[0, 7, 7, 7]",,,,2699,West Liberty,ii,Mountain East,23.0,"[7, 10, 0, 6]",,,,,,,
401544137,2023,5,regular,2023-09-30T17:00:00.000Z,False,True,False,True,,4422.0,Valhalla Stadium,2757,Berry,iii,Southern Athletic,37.0,"[14, 15, 0, 8]",,,,386,Trinity (TX),iii,Southern Athletic,46.0,"[7, 13, 14, 12]",,,,,,,
401541820,2023,5,regular,2023-09-30T17:00:00.000Z,False,True,False,True,,3729.0,"Frank ""Muddy"" Waters Stadium",2273,Hillsdale,ii,Great Midwest Athletic,40.0,"[7, 10, 9, 14]",,,,2886,Northwood,ii,Great Midwest Athletic,18.0,"[7, 0, 3, 8]",,,,,,,
401549797,2023,5,regular,2023-09-30T17:00:00.000Z,False,True,False,True,,3915.0,Charles Lee Field at Samford Stadium,2938,Huntingdon,iii,USA South,52.0,"[7, 24, 7, 14]",,,,291,Methodist,iii,USA South,7.0,"[0, 7, 0, 0]",,,,,,,
401549715,2023,5,regular,2023-09-30T17:00:00.000Z,False,True,False,True,,6079.0,Alumni Stadium (VT),2394,Middlebury,iii,NESCAC,34.0,"[14, 10, 7, 3]",,,,340,Bowdoin,iii,NESCAC,27.0,"[7, 14, 6, 0]",,,,,,,
401549574,2023,5,regular,2023-09-30T17:00:00.000Z,False,True,False,True,,6134.0,Frank Bailey Field,237,Union,iii,Liberty League,34.0,"[14, 10, 10, 0]",,,,2779,St. Lawrence,iii,Liberty League,0.0,"[0, 0, 0, 0]",,,,,,,
401550457,2023,5,regular,2023-09-30T17:00:00.000Z,False,True,False,True,,5829.0,Old National Bank Stadium,509,Crown,iii,Upper Midwest,25.0,"[7, 0, 13, 5]",,,,433,Westminster (MO),iii,Upper Midwest,17.0,"[0, 9, 8, 0]",,,,,,,
401550318,2023,5,regular,2023-09-30T17:00:00.000Z,False,True,False,True,,5896.0,Lewis C. Everett Stadium,297,Hampden Sydney,iii,Old Dominion,38.0,"[21, 0, 10, 7]",,,,2079,Bridgewater,iii,Old Dominion,39.0,"[14, 3, 14, 8]",,,,,,,
401550141,2023,5,regular,2023-09-30T17:00:00.000Z,False,True,False,True,,5786.0,Sprankle-Sprandel Stadium,2790,Albion,iii,Michigan,44.0,"[14, 14, 10, 6]",,,,126,Kalamazoo,iii,Michigan,17.0,"[3, 11, 3, 0]",,,,,,,
401541784,2023,5,regular,2023-09-30T17:00:00.000Z,False,True,False,True,,6065.0,Cliff Harris Stadium,2888,Ouachita Baptist,ii,Great American,34.0,"[14, 10, 3, 7]",,,,199,Southeastern Oklahoma State,ii,Great American,7.0,"[0, 0, 0, 7]",,,,,,,
401544055,2023,5,regular,2023-09-30T17:00:00.000Z,False,True,False,True,,3675.0,Charles A. Gaetano Stadium,390,Utica,iii,Empire 8,48.0,"[14, 10, 17, 7]",,,,173,Hartwick,iii,Empire 8,7.0,"[0, 7, 0, 0]",,,,,,,
401540662,2023,5,regular,2023-09-30T17:00:00.000Z,False,True,False,True,,6068.0,George Williams Athletic Complex,2551,Shaw,ii,CIAA,19.0,"[0, 6, 0, 13]",,,,330,Virginia State,ii,CIAA,38.0,"[14, 14, 7, 3]",,,,,,,
401547042,2023,5,regular,2023-09-30T17:00:00.000Z,False,True,False,True,,6042.0,Alumni Stadium (KY),2310,Kentucky State,ii,SIAC,27.0,"[3, 10, 0, 14]",,,,2013,Albany State,ii,SIAC,33.0,"[20, 7, 6, 0]",,,,,,,
401540678,2023,5,regular,2023-09-30T17:00:00.000Z,False,True,False,False,,6221.0,Mitchell Stadium,124180,Bluefield State,ii,Independent DII,18.0,"[6, 0, 6, 6]",,,,2220,Fayetteville State,ii,CIAA,28.0,"[0, 14, 7, 7]",,,,,,,
401550284,2023,5,regular,2023-09-30T17:00:00.000Z,False,True,False,True,,6099.0,Selby Stadium,2980,Ohio Wesleyan,iii,North Coast,13.0,"[0, 0, 0, 13]",,,,89,Wabash,iii,North Coast,31.0,"[7, 21, 3, 0]",,,,,,,
401545837,2023,5,regular,2023-09-30T17:00:00.000Z,False,True,False,True,,3606.0,Scheels Field at Nemzek Stadium,2817,Minnesota St Moorhead,ii,Northern Sun,45.0,"[0, 17, 21, 7]",,,,425,Northern State,ii,Northern Sun,26.0,"[7, 6, 6, 7]",,,,,,,
401545747,2023,5,regular,2023-09-30T17:00:00.000Z,False,True,False,True,,3642.0,Bobcat Stadium (MD),341,Frostburg State,ii,Mountain East,21.0,"[14, 7, 0, 0]",,,,587,Notre Dame College,ii,Mountain East,24.0,"[7, 14, 0, 3]",,,,,,,
401541841,2023,5,regular,2023-09-30T17:00:00.000Z,False,True,False,True,,5220.0,Garrison Stadium,2804,Chowan,ii,Gulf South,36.0,"[9, 20, 7, 0]",,,,2673,Valdosta State,ii,Gulf South,51.0,"[21, 10, 7, 13]",,,,,,,
401541124,2023,5,regular,2023-09-30T17:00:00.000Z,False,True,False,True,,5853.0,Francis Field (IL),2257,Greenville,iii,Upper Midwest,10.0,"[7, 3, 0, 0]",,,,2399,Minnesota Morris,iii,Upper Midwest,24.0,"[3, 7, 7, 7]",,,,,,,
401540335,2023,5,regular,2023-09-30T17:00:00.000Z,False,True,False,True,,3730.0,Franklin Field,219,Pennsylvania,fcs,Ivy,20.0,"[3, 7, 0, 10, 0]",0.0,,,159,Dartmouth,fcs,Ivy,23.0,"[7, 13, 0, 0, 3]",1.0,,,7.387006345614913,,,
401540423,2023,5,regular,2023-09-30T17:00:00.000Z,False,True,False,False,,3824.0,Meade Stadium,227,Rhode Island,fcs,Coastal Athletic,49.0,"[7, 21, 7, 14]",,,,2803,Bryant,fcs,Big South-OVC,26.0,"[13, 0, 0, 13]",,,,,,,
401540688,2023,5,regular,2023-09-30T17:00:00.000Z,False,True,False,True,,5941.0,Roebuck Stadium,2207,Elizabeth City State,ii,CIAA,20.0,"[10, 10, 0, 0]",,,,2304,Johnson C. Smith,ii,CIAA,21.0,"[0, 7, 0, 14]",,,,,,,
401540788,2023,5,regular,2023-09-30T17:00:00.000Z,False,True,False,True,,3927.0,Sherman Field,2392,Michigan Tech,ii,GLIAC,0.0,"[0, 0, 0, 0]",,,,110254,Davenport,ii,GLIAC,28.0,"[7, 7, 7, 7]",,,,,,,
401541066,2023,5,regular,2023-09-30T17:30:00.000Z,False,True,False,True,,3716.0,"Stewart """"Red"""" Faught Stadium",2233,Franklin,iii,Heartland,31.0,"[7, 17, 7, 0]",,,,2074,Bluffton,iii,Heartland,24.0,"[10, 7, 0, 7]",,,,,,,
401549724,2023,5,regular,2023-09-30T17:30:00.000Z,False,True,False,True,,5822.0,Cadet Memorial Field,2557,Coast Guard,iii,NEWMAC,36.0,"[10, 7, 3, 16]",,,,109,MIT,iii,NEWMAC,14.0,"[0, 7, 0, 7]",,,,,,,
401550262,2023,5,regular,2023-09-30T17:30:00.000Z,False,True,False,True,,5812.0,Bernlohr Stadium,424,Capital,iii,Ohio,35.0,"[7, 7, 14, 7]",,,,359,Otterbein,iii,Ohio,31.0,"[7, 21, 0, 3]",,,,,,,
401532410,2023,5,regular,2023-09-30T17:30:00.000Z,False,True,False,True,28323.0,3786.0,Kelly/Shorts Stadium,2117,Central Michigan,fbs,Mid-American,26.0,"[7, 7, 5, 7]",0.7760964035987854,1343.0,1344.0,2199,Eastern Michigan,fbs,Mid-American,23.0,"[7, 3, 13, 0]",0.2239035964012146,1364.0,1363.0,5.924671029482478,,,
401552013,2023,5,regular,2023-09-30T17:30:00.000Z,False,True,False,True,,6133.0,Ellis Oval at Zimman Field,112,Tufts,iii,NESCAC,28.0,"[7, 7, 7, 7]",,,,2731,Williams,iii,NESCAC,10.0,"[0, 7, 3, 0]",,,,,,,
401544994,2023,5,regular,2023-09-30T17:30:00.000Z,False,True,False,True,,5863.0,Don Shula Stadium at Wasmer Field,2302,John Carroll,iii,Ohio,59.0,"[7, 28, 17, 7]",,,,2733,Wilmington (OH),iii,Ohio,7.0,"[0, 0, 7, 0]",,,,,,,
401549755,2023,5,regular,2023-09-30T17:30:00.000Z,False,True,False,True,,6090.0,Sherman Field at McConagha Stadium,332,Muskingum,iii,Ohio,17.0,"[0, 7, 7, 3]",,,,191,Heidelberg,iii,Ohio,20.0,"[0, 10, 7, 3]",,,,,,,
401544957,2023,5,regular,2023-09-30T17:30:00.000Z,False,True,False,True,,6088.0,Schueler Field,2419,Mount St Joseph,iii,Heartland,69.0,"[14, 21, 13, 21]",,,,2362,Manchester,iii,Heartland,14.0,"[0, 7, 0, 7]",,,,,,,
401550069,2023,5,regular,2023-09-30T17:30:00.000Z,False,True,False,True,,3614.0,Alumni Stadium (IN),2262,Hanover,iii,Heartland,21.0,"[0, 14, 7, 0]",,,,190,Defiance College,iii,Heartland,27.0,"[6, 7, 8, 6]",,,,,,,
401550221,2023,5,regular,2023-09-30T18:00:00.000Z,False,True,False,True,,5797.0,Vago Field,2044,Aurora,iii,NACC,70.0,"[28, 21, 21, 0]",,,,101,Eureka,iii,NACC,10.0,"[7, 3, 0, 0]",,,,,,,
401550181,2023,5,regular,2023-09-30T18:00:00.000Z,False,True,False,True,,5895.0,Klas Field,162,Hamline,iii,Minnesota,25.0,"[7, 10, 0, 8]",,,,133,St. Olaf,iii,Minnesota,49.0,"[7, 21, 7, 14]",,,,,,,
401549641,2023,5,regular,2023-09-30T18:00:00.000Z,False,True,False,True,,5816.0,Art Keller Field,2106,Carthage,iii,CCIW,27.0,"[0, 0, 14, 13]",,,,72,Elmhurst,iii,CCIW,20.0,"[6, 8, 0, 6]",,,,,,,
401545983,2023,5,regular,2023-09-30T18:00:00.000Z,False,True,False,True,,5883.0,Marv Kay Stadium at Campbell Field,2146,Colorado School of Mines,ii,Rocky Mountain,35.0,"[14, 21, 0, 0]",,,,2123,Chadron State,ii,Rocky Mountain,7.0,"[0, 0, 0, 7]",,,,,,,
401550163,2023,5,regular,2023-09-30T18:00:00.000Z,False,True,False,True,,5804.0,Royal Stadium,2802,Bethel (MN),iii,Minnesota,37.0,"[0, 14, 3, 20]",,,,2968,Gustavus Adolphus,iii,Minnesota,28.0,"[7, 0, 0, 21]",,,,,,,
401540456,2023,5,regular,2023-09-30T18:00:00.000Z,False,True,False,False,,3655.0,Brown Field,2674,Valparaiso,fcs,Pioneer,16.0,"[0, 10, 0, 6]",,,,2587,Southwest Minnesota State,ii,Northern Sun,15.0,"[8, 7, 0, 0]",,,,,,,
401544080,2023,5,regular,2023-09-30T18:00:00.000Z,False,True,False,True,,5861.0,Rosenbloom Field,65,Grinnell,iii,Midwest,34.0,"[20, 7, 7, 0]",,,,268,Lawrence,iii,Midwest,16.0,"[7, 3, 0, 6]",,,,,,,
401540384,2023,5,regular,2023-09-30T18:00:00.000Z,False,True,False,True,,3714.0,Fargodome,2449,North Dakota State,fcs,MVFC,19.0,"[3, 0, 7, 9]",0.0873560830950737,,,233,South Dakota,fcs,MVFC,24.0,"[7, 14, 0, 3]",0.9126439169049263,,,3.1629801263066923,,,
401544929,2023,5,regular,2023-09-30T18:00:00.000Z,False,True,False,True,,5881.0,CAU Panther Stadium,2805,Clark Atlanta,ii,SIAC,24.0,"[0, 17, 7, 0]",,,,2323,Lane College,ii,SIAC,34.0,"[7, 13, 14, 0]",,,,,,,
401545848,2023,5,regular,2023-09-30T18:00:00.000Z,False,True,False,True,,6052.0,Herb Parker Stadium,568,Minot State,ii,Northern Sun,22.0,"[7, 10, 5, 0]",,,,2844,Wayne State (NE),ii,Northern Sun,48.0,"[13, 14, 7, 14]",,,,,,,
401547177,2023,5,regular,2023-09-30T18:00:00.000Z,False,True,False,False,,5996.0,Wilford Moore Stadium,241,McMurry,iii,American Southwest,52.0,"[21, 17, 14, 0]",,,,101161,Lyon,,,14.0,"[7, 0, 7, 0]",,,,,,,
401550044,2023,5,regular,2023-09-30T18:00:00.000Z,False,True,False,True,,5115.0,McCully Stadium,396,Wheaton (IL),iii,CCIW,35.0,"[7, 0, 14, 14]",,,,3071,North Central College,iii,CCIW,54.0,"[21, 14, 13, 6]",,,,,,,
401544108,2023,5,regular,2023-09-30T18:00:00.000Z,False,True,False,True,,4856.0,Mount Union Stadium,426,Mount Union,iii,Ohio,35.0,"[0, 7, 21, 7]",,,,427,Ohio Northern,iii,Ohio,0.0,"[0, 0, 0, 0]",,,,,,,
401549693,2023,5,regular,2023-09-30T18:00:00.000Z,False,True,False,True,,3723.0,QU Stadium,2825,Quincy,ii,Great Lakes,38.0,"[7, 10, 7, 14]",,,,2586,Southwest Baptist,ii,Great Lakes,33.0,"[0, 21, 0, 12]",,,,,,,
401550421,2023,5,regular,2023-09-30T18:00:00.000Z,False,True,False,True,,5901.0,David Smith Stadium at Ramer Field,2723,Wisconsin River Falls,iii,Wisconsin,27.0,"[0, 14, 7, 6]",,,,272,Wisconsin Platteville,iii,Wisconsin,16.0,"[0, 3, 13, 0]",,,,,,,
401545738,2023,5,regular,2023-09-30T18:00:00.000Z,False,True,False,True,,5943.0,Duvall-Rosier Field,2986,Fairmont State,ii,Mountain East,0.0,[],,,,2017,Alderson-Broaddus,ii,Mountain East,0.0,[],,,,,,,
401540308,2023,5,regular,2023-09-30T18:00:00.000Z,False,True,False,False,,3921.0,Schoellkopf Field,172,Cornell,fcs,Ivy,25.0,"[7, 10, 0, 8]",0.0024949670769274235,,,2142,Colgate,fcs,Patriot,35.0,"[7, 7, 0, 21]",0.9975050329230726,,,7.003954122533483,,,
401547002,2023,5,regular,2023-09-30T18:00:00.000Z,False,True,False,True,,4440.0,Sox Harrison Stadium,2205,Edinboro,ii,Pennsylvania State Athletic,40.0,"[7, 14, 3, 16]",,,,2385,Mercyhurst,ii,Pennsylvania State Athletic,24.0,"[14, 10, 0, 0]",,,,,,,
401550241,2023,5,regular,2023-09-30T18:00:00.000Z,False,True,False,True,,5918.0,Taylor Field,6353,Lakeland,iii,NACC,21.0,"[0, 7, 7, 7]",,,,2832,St. Norbert,iii,NACC,24.0,"[14, 0, 7, 3]",,,,,,,
401547021,2023,5,regular,2023-09-30T18:00:00.000Z,False,True,False,True,,6553.0,Helen and Leonard Moretz Stadium,2331,Lenoir Rhyne,ii,South Atlantic,56.0,"[21, 21, 14, 0]",,,,2842,UVA Wise,ii,South Atlantic,3.0,"[0, 0, 3, 0]",,,,,,,
401547102,2023,5,regular,2023-09-30T18:00:00.000Z,False,True,False,True,,6137.0,Walston-Hoover Stadium,2685,Wartburg,iii,American Rivers,27.0,"[0, 14, 0, 13]",,,,2141,Coe,iii,American Rivers,21.0,"[7, 14, 0, 0]",,,,,,,
401540417,2023,5,regular,2023-09-30T18:00:00.000Z,False,True,False,True,,2068.0,E. Claiborne Robins Stadium,257,Richmond,fcs,Coastal Athletic,14.0,"[0, 0, 7, 7]",,,,2261,Hampton,fcs,Coastal Athletic,31.0,"[7, 10, 0, 14]",,,,,,,
401540618,2023,5,regular,2023-09-30T18:00:00.000Z,False,True,False,True,,3782.0,Johnson Hagood Stadium,2643,The Citadel,fcs,Southern,14.0,"[7, 0, 7, 0]",0.036248382180929184,,,2717,Western Carolina,fcs,Southern,49.0,"[14, 21, 7, 7]",0.9637516178190708,,,2.5039244669953504,,,
401549661,2023,5,regular,2023-09-30T18:00:00.000Z,False,True,False,True,,5858.0,England Stadium,2286,Illinois College,iii,Midwest,20.0,"[10, 3, 7, 0]",,,,2919,Monmouth (IL),iii,Midwest,17.0,"[7, 7, 3, 0]",,,,,,,
401550325,2023,5,regular,2023-09-30T18:00:00.000Z,False,True,False,True,,5843.0,W.B. Adams Stadium,366,Ferrum,iii,Old Dominion,3.0,"[0, 3, 0, 0]",,,,2828,Shenandoah,iii,Old Dominion,38.0,"[10, 14, 7, 7]",,,,,,,
401546001,2023,5,regular,2023-09-30T18:00:00.000Z,False,True,False,True,,5944.0,Ray Dennison Memorial Field,2237,Fort Lewis,ii,Rocky Mountain,7.0,"[0, 0, 0, 7]",,,,2570,CSU Pueblo,ii,Rocky Mountain,85.0,"[22, 28, 14, 21]",,,,,,,
401549770,2023,5,regular,2023-09-30T18:00:00.000Z,False,True,False,True,,3843.0,MLC Bowl,446,Martin Luther,iii,Upper Midwest,38.0,"[21, 10, 7, 0]",,,,583,Northwestern (MN),iii,Upper Midwest,42.0,"[7, 14, 21, 0]",,,,,,,
401549652,2023,5,regular,2023-09-30T18:00:00.000Z,False,True,False,True,,3945.0,Strong Stadium,266,Beloit,iii,Midwest,7.0,"[0, 0, 0, 7]",,,,80,Chicago,iii,Midwest,48.0,"[7, 21, 13, 7]",,,,,,,
401549788,2023,5,regular,2023-09-30T18:00:00.000Z,False,True,False,True,,5852.0,Jamieson Stadium,2256,Greensboro,iii,USA South,24.0,[],,,,2913,Brevard,iii,USA South,34.0,[],,,,,,,
401540711,2023,5,regular,2023-09-30T18:00:00.000Z,False,True,False,True,,6047.0,Leemon Field,2816,McKendree,ii,Great Lakes,24.0,"[0, 10, 0, 14]",,,,2654,Truman State,ii,Great Lakes,56.0,"[14, 7, 21, 14]",,,,,,,
401547121,2023,5,regular,2023-09-30T18:00:00.000Z,False,True,True,True,,6091.0,Abel Stadium,6845,Nebraska Wesleyan,iii,American Rivers,35.0,"[7, 14, 7, 7]",,,,67,Luther,iii,American Rivers,10.0,"[7, 0, 3, 0]",,,,,,,
401550151,2023,5,regular,2023-09-30T18:00:00.000Z,False,True,False,True,,5790.0,Bahlke Field,2800,Alma,iii,Michigan,70.0,"[29, 13, 14, 14]",,,,2651,Trine,iii,Michigan,30.0,"[10, 20, 0, 0]",,,,,,,
401550155,2023,5,regular,2023-09-30T18:00:00.000Z,False,True,False,True,,5795.0,Edor Nelson Field,124,Augsburg,iii,Minnesota,24.0,"[6, 0, 6, 12]",,,,2600,Saint John's (MN),iii,Minnesota,27.0,"[0, 14, 6, 7]",,,,,,,
401547094,2023,5,regular,2023-09-30T18:00:00.000Z,False,True,False,True,,5817.0,Ron and Joyce Schipper Stadium,2964,Central College,iii,American Rivers,55.0,"[21, 7, 14, 13]",,,,49,Dubuque,iii,American Rivers,16.0,"[3, 7, 6, 0]",,,,,,,
401544910,2023,5,regular,2023-09-30T18:00:00.000Z,False,True,False,True,,6078.0,Pioneer Field (TN),2839,Tusculum,ii,South Atlantic,14.0,"[0, 0, 6, 8]",,,,122666,Barton,ii,South Atlantic,17.0,"[7, 7, 0, 3]",,,,,,,
401540176,2023,5,regular,2023-09-30T18:00:00.000Z,False,True,False,False,,3749.0,Hunter Stadium,2815,Lindenwood,fcs,Big South-OVC,10.0,"[0, 3, 0, 7]",0.027962734922766685,,,2046,Austin Peay,fcs,UAC,52.0,"[28, 7, 7, 10]",0.9720372650772333,,,2.8756146287502,,,
401544884,2023,5,regular,2023-09-30T18:00:00.000Z,False,True,False,True,,6070.0,Bob Young Field,2894,Sioux Falls,ii,Northern Sun,29.0,"[8, 14, 0, 7]",,,,2043,Augustana (SD),ii,Northern Sun,49.0,"[14, 21, 7, 7]",,,,,,,
401544099,2023,5,regular,2023-09-30T18:00:00.000Z,False,True,False,True,,5801.0,George Finnie Stadium,188,Baldwin Wallace,iii,Ohio,21.0,"[7, 0, 7, 7]",,,,317,Marietta,iii,Ohio,42.0,"[0, 13, 8, 21]",,,,,,,
401550097,2023,5,regular,2023-09-30T18:00:00.000Z,False,True,False,True,,6111.0,Cook Stadium,86,Rose Hulman,iii,Heartland,64.0,"[14, 21, 15, 14]",,,,2023,Anderson (IN),iii,Heartland,3.0,"[0, 3, 0, 0]",,,,,,,
401540407,2023,5,regular,2023-09-30T18:00:00.000Z,False,True,False,True,,3967.0,UNI-Dome,2460,Northern Iowa,fcs,MVFC,44.0,"[6, 14, 3, 21]",0.7141810059547424,,,2754,Youngstown State,fcs,MVFC,41.0,"[10, 3, 14, 14]",0.28581899404525757,,,7.18517567135067,,,
401547083,2023,5,regular,2023-09-30T18:00:00.000Z,False,True,False,True,,5809.0,J. Leslie Rollins Stadium,63,Buena Vista,iii,American Rivers,28.0,"[7, 14, 0, 7]",,,,2564,Simpson (IA),iii,American Rivers,55.0,"[21, 14, 7, 13]",,,,,,,
401550393,2023,5,regular,2023-09-30T18:00:00.000Z,False,True,False,True,,5864.0,Robert E. Thorn Field,146,Grove City,iii,Presidents',31.0,"[0, 14, 3, 14]",,,,2686,Washington & Jefferson,iii,Presidents',24.0,"[3, 7, 14, 0]",,,,,,,
401540514,2023,5,regular,2023-09-30T18:00:00.000Z,False,True,False,True,,3774.0,Jayne Stadium,2413,Morehead State,fcs,Pioneer,9.0,"[0, 6, 3, 0]",0.11987556517124176,,,2181,Drake,fcs,Pioneer,16.0,"[7, 6, 0, 3]",0.8801244348287582,,,4.883330414982019,,,
401547143,2023,5,regular,2023-09-30T18:00:00.000Z,False,True,False,True,,5114.0,Shelton Stadium,2810,Hardin Simmons,iii,American Southwest,40.0,"[7, 7, 20, 6]",,,,2758,Howard Payne,iii,American Southwest,33.0,"[0, 17, 7, 9]",,,,,,,
401544938,2023,5,regular,2023-09-30T18:00:00.000Z,False,True,False,True,,5796.0,Charles D. Lindberg Stadium,2042,Augustana (IL),iii,CCIW,23.0,"[0, 10, 0, 13]",,,,32,Carroll (WI),iii,CCIW,19.0,"[7, 9, 0, 3]",,,,,,,
401549778,2023,5,regular,2023-09-30T18:00:00.000Z,False,True,False,True,,5903.0,Community Stadium at Goerke Park,2743,Wisconsin Stevens Point,iii,Wisconsin,17.0,"[7, 10, 0, 0]",,,,2738,Wisconsin Eau Claire,iii,Wisconsin,24.0,"[7, 0, 3, 14]",,,,,,,
401550409,2023,5,regular,2023-09-30T18:00:00.000Z,False,True,False,True,,4423.0,Young-Wise Memorial Stadium,418,Hendrix,iii,Southern Athletic,19.0,"[0, 13, 0, 6]",,,,2553,Sewanee,iii,Southern Athletic,20.0,"[0, 10, 7, 3]",,,,,,,
401550208,2023,5,regular,2023-09-30T18:00:00.000Z,False,True,False,True,,6109.0,Ingalls Field,2891,Ripon,iii,Midwest,33.0,"[14, 6, 6, 7]",,,,2155,Cornell (IA),iii,Midwest,36.0,"[7, 14, 0, 15]",,,,,,,
401549685,2023,5,regular,2023-09-30T18:00:00.000Z,False,True,False,True,,5913.0,Warrior Field at Raabe Stadium,2741,Wisconsin Lutheran,iii,NACC,52.0,"[10, 7, 14, 21]",,,,2524,Rockford,iii,NACC,20.0,"[0, 7, 13, 0]",,,,,,,
401549645,2023,5,regular,2023-09-30T18:00:00.000Z,False,True,False,True,,5897.0,Francis Field (MO),143,Washington St. Louis,iii,CCIW,41.0,"[14, 10, 14, 3]",,,,75,North Park,iii,CCIW,7.0,"[7, 0, 0, 0]",,,,,,,
401541005,2023,5,regular,2023-09-30T18:00:00.000Z,False,True,False,True,,4427.0,John A. Farrell Stadium,223,West Chester,ii,Pennsylvania State Athletic,24.0,"[7, 7, 7, 0, 3]",,,,2071,Bloomsburg,ii,Pennsylvania State Athletic,21.0,"[7, 7, 0, 7, 0]",,,,,,,
401541932,2023,5,regular,2023-09-30T18:00:00.000Z,False,True,False,True,,4724.0,Audrey J. Walton Stadium at Vernon Kennedy Field,2118,Central Missouri,ii,Mid America,41.0,"[7, 17, 0, 17]",,,,138,Northwest Missouri State,ii,Mid America,38.0,"[0, 3, 21, 14]",,,,,,,
401544948,2023,5,regular,2023-09-30T18:00:00.000Z,False,True,False,True,,6080.0,Frank M. Lindsay Field,74,Millikin,iii,CCIW,17.0,"[3, 0, 0, 14]",,,,306,Illinois Wesleyan,iii,CCIW,45.0,"[6, 15, 14, 10]",,,,,,,
401541076,2023,5,regular,2023-09-30T18:00:00.000Z,False,True,False,True,,5825.0,Jake Christiansen Stadium,2152,Concordia (MN),iii,Minnesota,35.0,"[7, 7, 14, 7]",,,,2101,Carleton,iii,Minnesota,36.0,"[7, 7, 7, 15]",,,,,,,
401540059,2023,5,regular,2023-09-30T18:00:00.000Z,False,True,False,True,,3847.0,Cooper Field,46,Georgetown,fcs,Patriot,28.0,"[6, 8, 7, 7]",0.47139042615890503,,,2230,Fordham,fcs,Patriot,24.0,"[7, 0, 7, 10]",0.528609573841095,,,5.502145572587028,,,
401539989,2023,5,regular,2023-09-30T18:00:00.000Z,False,True,False,False,,3991.0,"William Dick"""" Price Stadium""""",2450,Norfolk State,fcs,MEAC,26.0,"[5, 7, 0, 14]",,,,2448,North Carolina A&T,fcs,Coastal Athletic,28.0,"[14, 0, 14, 0]",,,,0.5623586774,,,
401525513,2023,5,regular,2023-09-30T18:00:00.000Z,False,True,False,True,41868.0,3615.0,"Alumni Stadium (Chestnut Hill, MA)",103,Boston College,fbs,ACC,27.0,"[0, 7, 17, 3]",0.40038618445396423,1297.0,1298.0,258,Virginia,fbs,ACC,24.0,"[7, 14, 0, 3]",0.5996138155460358,1314.0,1313.0,5.75878409623167,,,
401550186,2023,5,regular,2023-09-30T18:00:00.000Z,False,True,False,True,,5928.0,Macalester Stadium,2359,Macalester,iii,Minnesota,17.0,"[3, 0, 7, 7]",,,,375,St. Scholastica,iii,Minnesota,23.0,"[0, 13, 7, 3]",,,,,,,
401550257,2023,5,regular,2023-09-30T18:00:00.000Z,False,True,False,True,,5834.0,Deeds Field-Piper Stadium,2171,Denison,iii,North Coast,24.0,"[7, 0, 0, 14, 3]",,,,2746,Wittenberg,iii,North Coast,27.0,"[0, 0, 14, 7, 6]",,,,,,,
401549745,2023,5,regular,2023-09-30T18:00:00.000Z,False,True,False,True,,3879.0,TowneBank Stadium,3112,Christopher Newport,iii,New Jersey,24.0,"[7, 3, 7, 7]",,,,2532,Salisbury,iii,New Jersey,14.0,"[0, 0, 7, 7]",,,,,,,
401540412,2023,5,regular,2023-09-30T18:00:00.000Z,False,True,False,True,,3894.0,Rhodes Stadium,2210,Elon,fcs,Coastal Athletic,14.0,"[0, 0, 0, 14]",0.7025604248046875,,,2729,William & Mary,fcs,Coastal Athletic,6.0,"[0, 6, 0, 0]",0.2974395751953125,,,4.741277207666777,,,
401541132,2023,5,regular,2023-09-30T18:05:00.000Z,False,True,False,True,,5120.0,J.J. Keller Field at Titan Stadium,271,Wisconsin Oshkosh,iii,Wisconsin,21.0,"[0, 0, 6, 15]",,,,2745,Wisconsin Whitewater,iii,Wisconsin,37.0,"[6, 17, 0, 14]",,,,,,,
401553024,2023,5,regular,2023-09-30T18:30:00.000Z,False,True,True,False,,7512.0,St. Francis High School,125974,Hilbert,iii,North Coast,0.0,"[0, 0, 0, 0]",,,,452,Endicott,iii,Commonwealth Coast,66.0,"[10, 28, 14, 14]",,,,,,,
401532413,2023,5,regular,2023-09-30T18:30:00.000Z,False,True,False,True,13598.0,3696.0,Dix Stadium,2309,Kent State,fbs,Mid-American,3.0,"[3, 0, 0, 0]",0.0,1181.0,1150.0,193,Miami (OH),fbs,Mid-American,23.0,"[10, 3, 10, 0]",1.0,1361.0,1392.0,3.6509309224266073,,,
401550382,2023,5,regular,2023-09-30T18:30:00.000Z,False,True,False,True,,5803.0,Bison Stadium,2062,Bethany (WV),iii,Presidents',12.0,"[6, 0, 6, 0]",,,,2963,Case Western Reserve,iii,Presidents',34.0,"[7, 7, 7, 13]",,,,,,,
401550416,2023,5,regular,2023-09-30T19:00:00.000Z,False,True,False,True,,5914.0,Veterans Memorial Stadium (WI),2740,Wisconsin La Crosse,iii,Wisconsin,45.0,"[14, 14, 7, 10]",,,,2744,Wisconsin Stout,iii,Wisconsin,40.0,"[7, 10, 3, 20]",,,,,,,
401540172,2023,5,regular,2023-09-30T19:00:00.000Z,False,True,True,False,,6177.0,Alexander Durley Sports Complex,2640,Texas Southern,fcs,SWAC,52.0,"[14, 7, 21, 10]",0.988943338394165,,,124179,Lincoln (CA),,,7.0,"[0, 7, 0, 0]",0.011056661605834961,,,1.473239192125585,,,
401544071,2023,5,regular,2023-09-30T19:00:00.000Z,False,True,False,True,,5787.0,Docking Stadium,2003,Adrian,iii,Michigan,21.0,"[7, 7, 7, 0]",,,,2812,Hope,iii,Michigan,30.0,"[0, 10, 7, 13]",,,,,,,
401541975,2023,5,regular,2023-09-30T19:00:00.000Z,False,True,False,True,,6057.0,Ron & Carol Cope Stadium at Foster Field,2438,Nebraska Kearney,ii,Mid America,27.0,"[0, 6, 7, 14]",,,,2687,Washburn,ii,Mid America,21.0,"[0, 0, 7, 14]",,,,,,,
401551510,2023,5,regular,2023-09-30T19:00:00.000Z,False,True,False,True,,6108.0,Crain Field,2519,Rhodes,iii,Southern Athletic,31.0,"[7, 9, 7, 8]",,,,2588,Southwestern U,iii,Southern Athletic,7.0,"[0, 7, 0, 0]",,,,,,,
401545814,2023,5,regular,2023-09-30T19:00:00.000Z,False,True,False,True,,5874.0,Chet Anderson Stadium,132,Bemidji State,ii,Northern Sun,24.0,"[7, 3, 14, 0]",,,,2364,Minnesota State,ii,Northern Sun,27.0,"[3, 10, 7, 7]",,,,,,,
401524022,2023,5,regular,2023-09-30T19:00:00.000Z,False,True,False,True,34353.0,3831.0,California Memorial Stadium,25,California,fbs,Pac-12,24.0,"[7, 3, 7, 7]",0.9906584620475769,1519.0,1518.0,9,Arizona State,fbs,Pac-12,21.0,"[7, 0, 6, 8]",0.009341537952423096,1404.0,1405.0,5.485084737915863,,,
401540088,2023,5,regular,2023-09-30T19:00:00.000Z,False,True,False,False,,3809.0,Louis Crews Stadium,2010,Alabama A&M,fcs,SWAC,58.0,"[14, 30, 7, 7]",0.9989649001448654,,,2657,Tuskegee,ii,SIAC,3.0,"[3, 0, 0, 0]",0.0010350998551346136,,,3.0774106615,,,
401547208,2023,5,regular,2023-09-30T19:00:00.000Z,False,True,False,False,,6135.0,Blue Storm Stadium,111675,New England,iii,Commonwealth Coast,31.0,"[21, 10, 0, 0]",,,,293,Vermont State Castleton,iii,ECFC,14.0,"[0, 0, 7, 7]",,,,,,,
401544129,2023,5,regular,2023-09-30T19:00:00.000Z,False,True,False,True,,6128.0,Alumni Stadium (PA),2644,Thiel,iii,Presidents',15.0,"[0, 3, 6, 6]",,,,2845,Waynesburg,iii,Presidents',14.0,"[0, 7, 7, 0]",,,,,,,
401540370,2023,5,regular,2023-09-30T19:00:00.000Z,False,True,False,True,,5237.0,Dana J. Dykhouse Stadium,2571,South Dakota State,fcs,MVFC,42.0,"[14, 7, 7, 14]",0.998715810569764,,,155,North Dakota,fcs,MVFC,21.0,"[0, 7, 0, 14]",0.0012841894302360046,,,3.2630264997,,,
401544901,2023,5,regular,2023-09-30T19:00:00.000Z,False,True,False,True,,6059.0,Sanchez Family Stadium,2424,New Mexico Highlands,ii,Rocky Mountain,14.0,"[7, 0, 7, 0]",,,,2001,Adams State,ii,Rocky Mountain,21.0,"[7, 14, 0, 0]",,,,,,,
401540779,2023,5,regular,2023-09-30T19:00:00.000Z,False,True,False,True,,5871.0,Convoy Leslie Cotton Boll Stadium,2028,Arkansas Monticello,ii,Great American,28.0,[],,,,2191,East Central,ii,Great American,35.0,[],,,,,,,
401540797,2023,5,regular,2023-09-30T19:00:00.000Z,False,True,False,True,,3960.0,Top Taggart Field,2222,Ferris State,ii,GLIAC,78.0,"[27, 28, 16, 7]",,,,128,Northern Michigan,ii,GLIAC,3.0,"[0, 3, 0, 0]",,,,,,,
401541980,2023,5,regular,2023-09-30T19:00:00.000Z,False,True,False,True,,6062.0,Gable Field at Doc Wadley Stadium,196,Northeastern State,ii,Mid America,7.0,"[0, 0, 0, 7]",,,,90,Pittsburg State,ii,Mid America,42.0,"[0, 14, 7, 21]",,,,,,,
401540509,2023,5,regular,2023-09-30T19:00:00.000Z,False,True,False,True,,3688.0,Wildcat Stadium,160,New Hampshire,fcs,Coastal Athletic,51.0,"[8, 12, 14, 14, 3]",0.8171306848526001,,,119,Towson,fcs,Coastal Athletic,54.0,"[6, 21, 3, 18, 6]",0.1828693151473999,,,9.281465680647921,,,
401540280,2023,5,regular,2023-09-30T19:00:00.000Z,False,True,False,True,,3856.0,Nottingham Field,2458,Northern Colorado,fcs,Big Sky,21.0,"[6, 15, 0, 0]",0.35114115476608276,,,2692,Weber State,fcs,Big Sky,28.0,"[7, 0, 0, 21]",0.6488588452339172,,,4.861517685468032,,,
401541942,2023,5,regular,2023-09-30T19:00:00.000Z,False,True,False,True,,5878.0,Wantland Stadium,2122,Central Oklahoma,ii,Mid America,30.0,"[7, 3, 14, 6]",,,,2403,Missouri Southern State,ii,Mid America,27.0,"[7, 10, 7, 3]",,,,,,,
401549668,2023,5,regular,2023-09-30T19:00:00.000Z,False,True,False,True,,5908.0,Harley Knosher Bowl,255,Knox,iii,Midwest,0.0,"[0, 0, 0, 0]",,,,262,Lake Forest,iii,Midwest,50.0,"[13, 7, 16, 14]",,,,,,,
401541792,2023,5,regular,2023-09-30T19:00:00.000Z,False,True,False,True,,3934.0,Southern Nazarene University Football Stadium,200,Southern Nazarene,ii,Great American,21.0,"[7, 14, 0, 0]",,,,2568,Southern Arkansas,ii,Great American,28.0,"[7, 7, 7, 7]",,,,,,,
401545990,2023,5,regular,2023-09-30T19:00:00.000Z,False,True,False,True,,5782.0,Mountaineer Bowl,2714,Western Colorado,ii,Rocky Mountain,43.0,"[14, 13, 0, 16]",,,,11,Colorado Mesa,ii,Rocky Mountain,7.0,"[0, 0, 7, 0]",,,,,,,
401549675,2023,5,regular,2023-09-30T19:15:00.000Z,False,True,False,True,,5826.0,Concordia Stadium,2151,Concordia Chicago,iii,NACC,42.0,"[14, 15, 0, 13]",,,,409,Concordia (WI),iii,NACC,57.0,"[9, 20, 14, 14]",,,,,,,
401525856,2023,5,regular,2023-09-30T19:30:00.000Z,False,True,False,True,44005.0,3652.0,FBC Mortgage Stadium,2116,UCF,fbs,Big 12,35.0,"[21, 7, 7, 0]",0.9810265302658081,1649.0,1641.0,239,Baylor,fbs,Big 12,36.0,"[7, 0, 3, 26]",0.018973469734191895,1506.0,1514.0,3.764644115492674,,,
401532411,2023,5,regular,2023-09-30T19:30:00.000Z,False,True,False,True,23417.0,3739.0,Glass Bowl,2649,Toledo,fbs,Mid-American,35.0,"[7, 7, 14, 7]",0.8749752640724182,1512.0,1509.0,2459,Northern Illinois,fbs,Mid-American,33.0,"[7, 0, 10, 16]",0.1250247359275818,1249.0,1252.0,5.267533055869264,,,
401520289,2023,5,regular,2023-09-30T19:30:00.000Z,False,True,False,True,59510.0,3907.0,Ross-Ade Stadium,2509,Purdue,fbs,Big Ten,44.0,"[6, 10, 21, 7]",0.9866484999656677,1432.0,1516.0,356,Illinois,fbs,Big Ten,19.0,"[3, 10, 0, 6]",0.013351500034332275,1601.0,1517.0,4.29623149276736,,,
401531881,2023,5,regular,2023-09-30T19:30:00.000Z,False,True,False,True,22652.0,3775.0,Joan C. Edwards Stadium,276,Marshall,fbs,Sun Belt,41.0,"[3, 14, 21, 3]",0.8616563677787781,1578.0,1575.0,295,Old Dominion,fbs,Sun Belt,35.0,"[7, 14, 7, 7]",0.13834363222122192,1366.0,1369.0,5.493766163738502,,,
401520290,2023,5,regular,2023-09-30T19:30:00.000Z,False,True,False,False,40165.0,6577.0,SHI Stadium,164,Rutgers,fbs,Big Ten,52.0,"[10, 14, 14, 14]",0.9977892637252808,1414.0,1414.0,2681,Wagner,fcs,NEC,3.0,"[0, 3, 0, 0]",0.0022107362747192383,,,1.8382020827047956,,,
401525515,2023,5,regular,2023-09-30T19:30:00.000Z,False,True,False,False,30097.0,721.0,Bobby Dodd Stadium,59,Georgia Tech,fbs,ACC,27.0,"[14, 0, 6, 7]",0.022608285769820213,1391.0,1349.0,189,Bowling Green,fbs,Mid-American,38.0,"[7, 10, 21, 0]",0.9773917142301798,1195.0,1237.0,4.587183095768223,,,
401540606,2023,5,regular,2023-09-30T19:30:00.000Z,False,True,False,True,,4419.0,Bob Ford Field,399,UAlbany,fcs,Coastal Athletic,31.0,"[10, 7, 0, 14]",0.9673676490783691,,,222,Villanova,fcs,Coastal Athletic,10.0,"[3, 7, 0, 0]",0.03263235092163086,,,4.083443702296601,,,
401531424,2023,5,regular,2023-09-30T19:30:00.000Z,False,True,False,True,29789.0,3852.0,Navy-Marine Corps Memorial Stadium,2426,Navy,fbs,American Athletic,30.0,"[14, 6, 3, 7]",0.5974094867706299,1388.0,1347.0,58,South Florida,fbs,American Athletic,44.0,"[7, 16, 7, 14]",0.4025905132293701,1298.0,1339.0,4.916637134464561,,,
401540049,2023,5,regular,2023-09-30T19:30:00.000Z,False,True,False,True,,3721.0,Fisher Field,322,Lafayette,fcs,Patriot,56.0,"[14, 28, 7, 7]",0.9698503017425537,,,2083,Bucknell,fcs,Patriot,22.0,"[0, 12, 0, 10]",0.03014969825744629,,,2.6373522616564746,,,
401520283,2023,5,regular,2023-09-30T19:30:00.000Z,False,True,False,True,38181.0,3665.0,SECU Stadium,120,Maryland,fbs,Big Ten,44.0,"[21, 6, 10, 7]",0.9947103261947632,1687.0,1724.0,84,Indiana,fbs,Big Ten,17.0,"[3, 0, 0, 14]",0.005289673805236816,1397.0,1360.0,2.278877581025615,,,
401520286,2023,5,regular,2023-09-30T19:30:00.000Z,False,True,False,True,87134.0,3834.0,"Memorial Stadium (Lincoln, NE)",158,Nebraska,fbs,Big Ten,7.0,"[0, 0, 0, 7]",0.00673071201890707,1483.0,1432.0,130,Michigan,fbs,Big Ten,45.0,"[14, 14, 7, 10]",0.9932692879810929,1953.0,2004.0,2.376103760375073,,,
401526836,2023,5,regular,2023-09-30T19:30:00.000Z,False,True,False,False,9494.0,3985.0,Warren McGuirk Alumni Stadium,113,Massachusetts,fbs,FBS Independents,28.0,"[0, 10, 10, 8]",0.0,1047.0,984.0,2032,Arkansas State,fbs,Sun Belt,52.0,"[17, 14, 14, 7]",1.0,1055.0,1118.0,2.7379325529024046,,,
401532409,2023,5,regular,2023-09-30T19:30:00.000Z,False,True,False,True,21880.0,3980.0,Waldo Stadium,2711,Western Michigan,fbs,Mid-American,42.0,"[7, 21, 7, 7]",0.9737322926521301,1211.0,1249.0,2050,Ball State,fbs,Mid-American,24.0,"[3, 7, 7, 7]",0.026267707347869873,1185.0,1147.0,4.635280705468946,,,
401540490,2023,5,regular,2023-09-30T19:30:00.000Z,False,True,False,True,,3607.0,Alfond Stadium,311,Maine,fcs,Coastal Athletic,56.0,"[28, 14, 14, 0]",0.945115327835083,,,2619,Stony Brook,fcs,Coastal Athletic,28.0,"[0, 14, 7, 7]",0.05488467216491699,,,2.097450357949026,,,
401525854,2023,5,regular,2023-09-30T19:30:00.000Z,False,True,False,True,102986.0,3910.0,DKR-Texas Memorial Stadium,251,Texas,fbs,Big 12,40.0,"[10, 3, 13, 14]",0.9918689727783203,1888.0,1910.0,2305,Kansas,fbs,Big 12,14.0,"[0, 7, 7, 0]",0.008131027221679688,1480.0,1458.0,3.563231744496986,,,
401520280,2023,5,regular,2023-09-30T19:30:00.000Z,False,True,False,True,88043.0,3785.0,Jordan-Hare Stadium,2,Auburn,fbs,SEC,20.0,"[10, 0, 7, 3]",0.17471203207969666,1607.0,1625.0,61,Georgia,fbs,SEC,27.0,"[0, 10, 7, 10]",0.8252879679203033,2055.0,2037.0,5.380302646459668,,,
401525855,2023,5,regular,2023-09-30T19:30:00.000Z,False,True,False,True,53308.0,3784.0,Jones AT&T Stadium,2641,Texas Tech,fbs,Big 12,49.0,"[14, 21, 7, 7]",0.808519721031189,1559.0,1613.0,248,Houston,fbs,Big 12,28.0,"[14, 14, 0, 0]",0.19148027896881104,1597.0,1543.0,5.49746358727438,,,
401540653,2023,5,regular,2023-09-30T20:00:00.000Z,False,True,False,True,,3612.0,Alumni Memorial Stadium (NC),2940,Livingstone,ii,CIAA,31.0,"[7, 10, 0, 14]",,,,2075,Bowie State,ii,CIAA,18.0,"[0, 6, 0, 12]",,,,,,,
401568380,2023,5,regular,2023-09-30T20:00:00.000Z,False,True,False,True,,6153.0,Hanson Stadium,205,Pacific (OR),iii,Northwest,28.0,"[9, 10, 7, 2]",,,,2508,Puget Sound,iii,Northwest,14.0,"[7, 0, 7, 0]",,,,,,,
401540215,2023,5,regular,2023-09-30T20:00:00.000Z,False,True,False,False,,3944.0,Strawberry Stadium,2545,SE Louisiana,fcs,Southland,13.0,"[7, 0, 0, 6]",0.853165328502655,,,2627,Tarleton State,fcs,UAC,14.0,"[14, 0, 0, 0]",0.14683467149734497,,,5.747134700712858,,,
401550343,2023,5,regular,2023-09-30T20:00:00.000Z,False,True,False,True,,5821.0,Fritz B. Burns Stadium,17,Claremont Mudd Scripps,iii,So. Cal.,30.0,"[17, 6, 0, 7]",,,,2923,Pomona Pitzer,iii,So. Cal.,20.0,"[7, 0, 13, 0]",,,,,,,
401531429,2023,5,regular,2023-09-30T20:00:00.000Z,False,True,False,False,30364.0,3805.0,Simmons Bank Liberty Stadium,235,Memphis,fbs,American Athletic,35.0,"[0, 14, 7, 14]",0.7252101302146912,1558.0,1559.0,68,Boise State,fbs,Mountain West,32.0,"[3, 14, 0, 15]",0.27478986978530884,1542.0,1541.0,5.894504752765188,,,
401540253,2023,5,regular,2023-09-30T20:00:00.000Z,False,True,False,True,,3987.0,Washington-Grizzly Stadium,149,Montana,fcs,Big Sky,28.0,"[7, 0, 14, 7]",0.9969319105148315,,,304,Idaho State,fcs,Big Sky,20.0,"[7, 0, 7, 6]",0.003068089485168457,,,5.175629000699636,,,
401550464,2023,5,regular,2023-09-30T20:00:00.000Z,False,True,False,True,,5119.0,Maxwell Field,203,Linfield,iii,Northwest,70.0,"[26, 14, 16, 14]",,,,2930,Willamette,iii,Northwest,14.0,"[0, 7, 0, 7]",,,,,,,
401540269,2023,5,regular,2023-09-30T20:00:00.000Z,False,True,False,True,,3643.0,Bobcat Stadium,147,Montana State,fcs,Big Sky,38.0,"[6, 11, 7, 14]",0.9946298003196716,,,2502,Portland State,fcs,Big Sky,22.0,"[7, 7, 0, 8]",0.005370199680328369,,,4.02056408836521,,,
401539996,2023,5,regular,2023-09-30T20:00:00.000Z,False,True,False,False,,3862.0,O'Kelly-Riddick Stadium,2428,North Carolina Central,fcs,MEAC,49.0,"[14, 7, 7, 14, 7]",0.6140823364257812,,,2097,Campbell,fcs,Coastal Athletic,48.0,"[21, 14, 0, 7, 6]",0.38591766357421875,,,9.495280780513713,,,
401532588,2023,5,regular,2023-09-30T20:00:00.000Z,False,True,False,True,25477.0,3984.0,War Memorial Stadium,2751,Wyoming,fbs,Mountain West,35.0,"[9, 3, 17, 6]",0.7709730267524719,1405.0,1401.0,167,New Mexico,fbs,Mountain West,26.0,"[6, 3, 3, 14]",0.22902697324752808,1109.0,1113.0,4.584101899493433,,,
401532586,2023,5,regular,2023-09-30T20:00:00.000Z,False,True,False,True,25328.0,6501.0,Allegiant Stadium,2439,UNLV,fbs,Mountain West,44.0,"[7, 13, 7, 17]",0.9990543723106384,1372.0,1407.0,62,Hawai'i,fbs,Mountain West,20.0,"[0, 3, 10, 7]",0.0009456276893615723,1148.0,1113.0,3.449502971590632,,,
401544089,2023,5,regular,2023-09-30T20:00:00.000Z,False,True,False,True,,6148.0,The Pine Bowl,2721,Whitworth,iii,Northwest,42.0,"[14, 21, 0, 7]",,,,2486,Pacific Lutheran,iii,Northwest,13.0,"[7, 6, 0, 0]",,,,,,,
401541016,2023,5,regular,2023-09-30T20:00:00.000Z,False,True,False,True,,3859.0,Offutt Field,611,Seton Hill,ii,Pennsylvania State Athletic,6.0,"[0, 0, 6, 0]",,,,367,Gannon,ii,Pennsylvania State Athletic,23.0,"[7, 6, 3, 7]",,,,,,,
401540238,2023,5,regular,2023-09-30T20:00:00.000Z,False,True,False,True,,3906.0,Roos Field,331,Eastern Washington,fcs,Big Sky,36.0,"[7, 14, 7, 8]",0.18524563312530518,,,70,Idaho,fcs,Big Sky,44.0,"[7, 14, 10, 13]",0.8147543668746948,,,5.95827695317792,,,
401544147,2023,5,regular,2023-09-30T20:00:00.000Z,False,True,False,True,,5909.0,Ortmayer Stadium,2318,La Verne,iii,So. Cal.,7.0,"[0, 7, 0, 0]",,,,29,Redlands,iii,So. Cal.,24.0,"[7, 10, 0, 7]",,,,,,,
401541814,2023,5,regular,2023-09-30T20:00:00.000Z,False,True,False,True,,3698.0,Donnell Stadium,2224,Findlay,ii,Great Midwest Athletic,27.0,"[7, 3, 14, 3]",,,,2316,Kentucky Wesleyan,ii,Great Midwest Athletic,21.0,"[7, 7, 0, 7]",,,,,,,
401520293,2023,5,regular,2023-09-30T20:00:00.000Z,False,True,False,True,26332.0,3973.0,FirstBank Stadium,238,Vanderbilt,fbs,SEC,21.0,"[7, 0, 0, 14]",0.005011714994907379,1310.0,1289.0,142,Missouri,fbs,SEC,38.0,"[3, 14, 7, 14]",0.9949882850050926,1508.0,1529.0,3.8213367399537863,,,
401540611,2023,5,regular,2023-09-30T20:00:00.000Z,False,True,False,True,,4417.0,Five Star Stadium at the Moye Complex,2382,Mercer,fcs,Southern,38.0,"[7, 14, 14, 3]",0.9885229468345642,,,2678,VMI,fcs,Southern,3.0,"[0, 0, 3, 0]",0.011477053165435791,,,2.4602062019712148,,,
401540068,2023,5,regular,2023-09-30T21:00:00.000Z,False,True,True,False,,7225.0,Polar Park,107,Holy Cross,fcs,Patriot,28.0,"[7, 14, 0, 7]",0.11238360404968262,,,108,Harvard,fcs,Ivy,38.0,"[14, 14, 7, 3]",0.8876163959503174,,,4.51874706825268,,,
401541967,2023,5,regular,2023-09-30T21:00:00.000Z,False,True,False,True,,6055.0,Craig Field at Spratt Memorial Stadium,137,Missouri Western,ii,Mid America,34.0,"[7, 17, 0, 10]",,,,2214,Emporia State,ii,Mid America,31.0,"[6, 0, 7, 18]",,,,,,,
401541849,2023,5,regular,2023-09-30T21:00:00.000Z,False,True,False,True,,3957.0,Tiger Stadium (AL),2695,West Alabama,ii,Gulf South,17.0,"[0, 3, 7, 7]",,,,2170,Delta State,ii,Gulf South,47.0,"[21, 16, 3, 7]",,,,,,,
401549762,2023,5,regular,2023-09-30T21:00:00.000Z,False,True,False,True,,3871.0,General Charles C. Krulak Stadium,3,Birmingham-Southern,iii,Southern Athletic,8.0,"[0, 8, 0, 0]",,,,2398,Millsaps,iii,Southern Athletic,14.0,"[0, 0, 7, 7]",,,,,,,
401553020,2023,5,regular,2023-09-30T21:00:00.000Z,False,True,False,True,,5810.0,Coyer Field,2085,Buffalo State,iii,Liberty League,22.0,"[0, 6, 13, 3]",,,,184,Rochester (NY),iii,Liberty League,29.0,"[0, 15, 0, 14]",,,,,,,
401550310,2023,5,regular,2023-09-30T21:00:00.000Z,False,True,False,True,,5799.0,Daly Field at Frank R. Campbell Stadium,2047,Averett,iii,Old Dominion,20.0,"[0, 14, 0, 6]",,,,2688,Washington and Lee,iii,Old Dominion,25.0,"[0, 8, 3, 14]",,,,,,,
401540135,2023,5,regular,2023-09-30T21:00:00.000Z,False,True,False,True,,3740.0,Golden Lion Stadium,2029,Arkansas-Pine Bluff,fcs,SWAC,0.0,"[0, 0, 0, 0]",0.015571226365864277,,,2582,Southern,fcs,SWAC,27.0,"[10, 10, 7, 0]",0.9844287736341357,,,2.9349587019150483,,,
401546949,2023,5,regular,2023-09-30T21:00:00.000Z,False,True,True,False,,7504.0,Liberty North High School,2911,William Jewell,ii,Great Lakes,30.0,"[3, 20, 0, 7]",,,,389,Upper Iowa,ii,Northern Sun,13.0,"[0, 7, 0, 6]",,,,,,,
401550134,2023,5,regular,2023-09-30T21:00:00.000Z,False,True,False,True,,6142.0,Westside Athletic Complex,2843,Western Connecticut State,iii,MSCAC,52.0,"[21, 14, 7, 10]",,,,379,UMass Dartmouth,iii,MSCAC,21.0,"[0, 7, 0, 14]",,,,,,,
401540347,2023,5,regular,2023-09-30T21:00:00.000Z,False,True,False,True,,3913.0,Saluki Stadium,79,Southern Illinois,fcs,MVFC,33.0,"[14, 9, 7, 3]",0.9601669311523438,,,2623,Missouri State,fcs,MVFC,20.0,"[3, 10, 7, 0]",0.03983306884765625,,,3.738514803242487,,,
401540473,2023,5,regular,2023-09-30T22:00:00.000Z,False,True,False,False,,3658.0,Buccaneer Field,2127,Charleston Southern,fcs,Big South-OVC,13.0,"[7, 0, 3, 3]",0.13732153177261353,,,338,Kennesaw State,fcs,FCS Independents,10.0,"[0, 0, 10, 0]",0.8626784682273865,,,4.571939299005909,,,
401547035,2023,5,regular,2023-09-30T22:00:00.000Z,False,True,False,True,,3952.0,Ted Wright Stadium,2542,Savannah State,ii,SIAC,25.0,"[6, 6, 0, 13]",,,,2206,Edward Waters,ii,SIAC,26.0,"[13, 7, 0, 6]",,,,,,,
401550296,2023,5,regular,2023-09-30T22:00:00.000Z,False,True,False,True,,3733.0,Garcelon Field,121,Bates,iii,NESCAC,24.0,"[3, 7, 0, 14]",,,,33,Colby,iii,NESCAC,30.0,"[14, 7, 6, 3]",,,,,,,
401541036,2023,5,regular,2023-09-30T22:00:00.000Z,False,True,False,True,,3926.0,Setzler Field,2444,Newberry,ii,South Atlantic,21.0,"[14, 0, 0, 7]",,,,2105,Carson Newman,ii,South Atlantic,34.0,"[6, 0, 6, 22]",,,,,,,
401547009,2023,5,regular,2023-09-30T22:00:00.000Z,False,True,False,True,,5122.0,Shuford Stadium,2107,Catawba,ii,South Atlantic,30.0,"[0, 3, 13, 14]",,,,2213,Emory & Henry,ii,South Atlantic,13.0,"[3, 7, 0, 3]",,,,,,,
401544921,2023,5,regular,2023-09-30T22:00:00.000Z,False,True,False,True,,5781.0,Irwin Belk Stadium,351,Wingate,ii,South Atlantic,45.0,"[7, 21, 10, 7]",,,,101784,Erskine,ii,South Atlantic,0.0,"[0, 0, 0, 0]",,,,,,,
401541835,2023,5,regular,2023-09-30T22:00:00.000Z,False,True,False,True,,3769.0,Jack Britt Memorial Stadium,437,Lake Erie,ii,Great Midwest Athletic,16.0,"[3, 6, 7, 0]",,,,2682,Walsh,ii,Great Midwest Athletic,30.0,"[3, 3, 10, 14]",,,,,,,
401547047,2023,5,regular,2023-09-30T22:00:00.000Z,False,True,False,True,,5875.0,Charlie W. Johnson Stadium,490,Benedict,ii,SIAC,27.0,"[10, 10, 0, 7]",,,,60,Morehouse,ii,SIAC,3.0,"[3, 0, 0, 0]",,,,,,,
401520288,2023,5,regular,2023-09-30T22:00:00.000Z,False,True,False,True,66703.0,3974.0,Vaught-Hemingway Stadium,145,Ole Miss,fbs,SEC,55.0,"[21, 10, 3, 21]",0.6109949946403503,1667.0,1679.0,99,LSU,fbs,SEC,49.0,"[7, 21, 14, 7]",0.38900500535964966,1752.0,1740.0,8.87566658644997,,,
401541798,2023,5,regular,2023-09-30T22:00:00.000Z,False,True,False,False,,3600.0,Tom Adams Field,131,Wayne State (MI),ii,GLIAC,23.0,"[3, 17, 0, 3]",,,,2985,Concordia-Michigan,,,24.0,"[7, 7, 0, 10]",,,,,,,
401540748,2023,5,regular,2023-09-30T22:00:00.000Z,False,True,False,True,,3885.0,Harvey Randall Wickes Memorial Stadium,129,Saginaw Valley State,ii,GLIAC,14.0,"[0, 7, 7, 0]",,,,125,Grand Valley State,ii,GLIAC,55.0,"[10, 10, 14, 21]",,,,,,,
401540118,2023,5,regular,2023-09-30T22:00:00.000Z,False,True,False,True,,4582.0,Hornet Stadium,2011,Alabama State,fcs,SWAC,20.0,"[0, 13, 0, 7, 0]",0.5927559733390808,,,2016,Alcorn State,fcs,SWAC,23.0,"[3, 7, 7, 3, 3]",0.4072440266609192,,,9.028600833950424,,,
401552461,2023,5,regular,2023-09-30T22:00:00.000Z,False,True,False,True,,6120.0,Growney Stadium,374,St. John Fisher,iii,Empire 8,18.0,"[6, 0, 6, 6]",,,,2781,Brockport,iii,Empire 8,35.0,"[7, 14, 0, 14]",,,,,,,
401550868,2023,5,regular,2023-09-30T22:00:00.000Z,False,True,False,True,,6085.0,Sprague Field,2818,Montclair State,iii,New Jersey,42.0,"[21, 14, 0, 7]",,,,2442,The College of New Jersey,iii,New Jersey,7.0,"[0, 0, 7, 0]",,,,,,,
401540584,2023,5,regular,2023-09-30T22:00:00.000Z,False,True,False,True,,3737.0,Gibbs Stadium,2747,Wofford,fcs,Southern,13.0,"[3, 3, 7, 0]",0.034210819751024246,,,236,Chattanooga,fcs,Southern,23.0,"[0, 6, 7, 10]",0.9657891802489758,,,5.059248747754785,,,
401544893,2023,5,regular,2023-09-30T22:00:00.000Z,False,True,False,True,,4430.0,Mihalik-Thompson Stadium,215,Slippery Rock,ii,Pennsylvania State Athletic,42.0,"[14, 14, 7, 7]",,,,2291,IU Pennsylvania,ii,Pennsylvania State Athletic,21.0,"[0, 6, 0, 15]",,,,,,,
401524024,2023,5,regular,2023-09-30T22:30:00.000Z,False,True,False,True,32160.0,3940.0,Stanford Stadium,24,Stanford,fbs,Pac-12,6.0,"[3, 3, 0, 0]",0.007995710708200932,1278.0,1237.0,2483,Oregon,fbs,Pac-12,42.0,"[0, 14, 21, 7]",0.9920042892917991,1782.0,1823.0,3.4777842839886826,,,
401531436,2023,5,regular,2023-09-30T23:00:00.000Z,False,True,False,False,21494.0,3825.0,DATCU Stadium,249,North Texas,fbs,American Athletic,45.0,"[24, 7, 14, 0]",0.9770708680152893,1332.0,1332.0,2000,Abilene Christian,fcs,UAC,31.0,"[7, 10, 7, 7]",0.022929131984710693,,,2.9278879095218775,,,
401540150,2023,5,regular,2023-09-30T23:00:00.000Z,False,True,False,True,,3896.0,Rice-Totten Field,2400,Mississippi Valley State,fcs,SWAC,7.0,"[0, 7, 0, 0]",,,,50,Florida A&M,fcs,SWAC,31.0,"[10, 0, 7, 14]",,,,,,,
401547134,2023,5,regular,2023-09-30T23:00:00.000Z,False,True,False,True,,5838.0,Ornelas Stadium,2194,East Texas Baptist,iii,American Southwest,35.0,"[7, 14, 7, 7]",,,,2045,Austin,iii,American Southwest,7.0,"[0, 7, 0, 0]",,,,,,,
401547063,2023,5,regular,2023-09-30T23:00:00.000Z,False,True,False,True,,6217.0,W.C. Hawkins Stadium,2019,Allen,ii,SIAC,21.0,"[0, 8, 13, 0]",,,,2232,Fort Valley State,ii,SIAC,49.0,"[21, 0, 14, 14]",,,,,,,
401541046,2023,5,regular,2023-09-30T23:00:00.000Z,False,True,False,True,,6123.0,Jackson Field,2834,Sul Ross State,iii,American Southwest,37.0,"[21, 10, 3, 3]",,,,2639,Texas Lutheran,iii,American Southwest,34.0,"[0, 7, 3, 24]",,,,,,,
401540357,2023,5,regular,2023-09-30T23:00:00.000Z,False,True,False,True,,4424.0,Husky Stadium,2277,Houston Christian,fcs,Southland,19.0,"[0, 3, 3, 13]",0.4105866849422455,,,2320,Lamar,fcs,Southland,21.0,"[0, 14, 0, 7]",0.5894133150577545,,,6.262513064040048,,,
401540194,2023,5,regular,2023-09-30T23:00:00.000Z,False,True,False,True,,4133.0,Braly Municipal Stadium,2453,North Alabama,fcs,UAC,22.0,"[7, 0, 7, 8]",0.01992608606815338,,,2198,Eastern Kentucky,fcs,UAC,32.0,"[15, 14, 0, 3]",0.9800739139318466,,,4.046338645219128,,,
401550028,2023,5,regular,2023-09-30T23:00:00.000Z,False,True,False,True,,5789.0,Frank B. Fuhrer Field,2018,Allegheny,iii,Presidents',3.0,"[0, 3, 0, 0]",,,,2102,Carnegie Mellon,iii,Presidents',19.0,"[0, 16, 0, 3]",,,,,,,
401541754,2023,5,regular,2023-09-30T23:00:00.000Z,False,True,False,True,,5885.0,First Security Stadium,2264,Harding,ii,Great American,64.0,"[7, 21, 20, 16]",,,,2927,Southwestern Oklahoma State,ii,Great American,0.0,"[0, 0, 0, 0]",,,,,,,
401540701,2023,5,regular,2023-09-30T23:00:00.000Z,False,True,False,True,,3609.0,Allgood-Bailey Stadium,2402,Missouri S&T,ii,Great Lakes,13.0,"[0, 13, 0, 0]",,,,2292,Indianapolis,ii,Great Lakes,26.0,"[10, 6, 0, 10]",,,,,,,
401541879,2023,5,regular,2023-09-30T23:00:00.000Z,False,True,False,True,,6061.0,Younts Stadium,2822,North Greenville,ii,Gulf South,24.0,"[3, 0, 7, 14]",,,,110242,West Florida,ii,Gulf South,48.0,"[7, 13, 7, 21]",,,,,,,
401541900,2023,5,regular,2023-09-30T23:00:00.000Z,False,True,False,True,,5917.0,Ratliff Stadium,110243,UT Permian Basin,ii,Lone Star,29.0,"[7, 6, 7, 9]",,,,2658,Texas A&M-Kingsville,ii,Lone Star,17.0,"[7, 3, 0, 7]",,,,,,,
401540158,2023,5,regular,2023-09-30T23:00:00.000Z,False,True,True,True,,499.0,Cotton Bowl,2504,Prairie View A&M,fcs,SWAC,20.0,"[7, 3, 10, 0]",0.014748401939868927,,,2755,Grambling,fcs,SWAC,35.0,"[6, 10, 6, 13]",0.9852515980601311,,,7.83755037944242,,,
401532585,2023,5,regular,2023-09-30T23:00:00.000Z,False,True,False,False,27932.0,5388.0,Canvas Stadium,36,Colorado State,fbs,Mountain West,41.0,"[14, 7, 6, 14]",1.0,1299.0,1299.0,3101,Utah Tech,fcs,UAC,20.0,"[3, 14, 3, 0]",0.0,,,4.023446594191357,,,
401544118,2023,5,regular,2023-09-30T23:00:00.000Z,False,True,False,True,,5849.0,Reeves Field (PA),2242,Geneva,iii,Presidents',19.0,"[14, 3, 0, 2]",,,,2614,Saint Vincent,iii,Presidents',28.0,"[7, 21, 0, 0]",,,,,,,
401540300,2023,5,regular,2023-09-30T23:00:00.000Z,False,True,False,True,,3909.0,Roy Stewart Stadium,93,Murray State,fcs,MVFC,30.0,"[9, 7, 7, 7]",0.8088697195053101,,,282,Indiana State,fcs,MVFC,28.0,"[0, 7, 8, 13]",0.19113028049468994,,,4.958550424098368,,,
401531883,2023,5,regular,2023-09-30T23:00:00.000Z,False,True,False,True,21304.0,3815.0,M. M. Roberts Stadium,2572,Southern Miss,fbs,Sun Belt,36.0,"[3, 7, 6, 20]",0.006107316818088293,1235.0,1215.0,326,Texas State,fbs,Sun Belt,50.0,"[28, 14, 0, 8]",0.9938926831819117,1363.0,1383.0,4.284413171777416,,,
401540721,2023,5,regular,2023-09-30T23:00:00.000Z,False,True,False,True,,5870.0,Thone Stadium at Buerkle Field,2033,Arkansas Tech,ii,Great American,44.0,"[14, 16, 7, 7]",,,,2823,Northwestern (OK),ii,Great American,21.0,"[0, 7, 0, 14]",,,,,,,
401531879,2023,5,regular,2023-09-30T23:00:00.000Z,False,True,False,True,16536.0,4246.0,Center Parc Stadium,2247,Georgia State,fbs,Sun Belt,7.0,"[0, 7, 0, 0]",0.0,1546.0,1487.0,2653,Troy,fbs,Sun Belt,28.0,"[3, 3, 15, 7]",1.0,1504.0,1563.0,4.531759532115258,,,
401531414,2023,5,regular,2023-09-30T23:00:00.000Z,False,True,False,True,19598.0,3895.0,Rice Stadium,242,Rice,fbs,American Athletic,24.0,"[3, 7, 7, 7]",0.8998858332633972,1180.0,1204.0,151,East Carolina,fbs,American Athletic,17.0,"[3, 6, 0, 8]",0.10011416673660278,1422.0,1398.0,5.159959152736791,,,
401531878,2023,5,regular,2023-09-30T23:00:00.000Z,False,True,False,True,26483.0,3608.0,Allen E. Paulson Stadium,290,Georgia Southern,fbs,Sun Belt,38.0,"[0, 21, 17, 0]",0.9666593074798584,1513.0,1522.0,324,Coastal Carolina,fbs,Sun Belt,28.0,"[7, 7, 7, 7]",0.0333406925201416,1405.0,1396.0,5.767993346471068,,,
401540973,2023,5,regular,2023-09-30T23:00:00.000Z,False,True,True,False,,6129.0,BB&T Field at Griffin Plaza,2646,Thomas More,,,9.0,"[9, 0, 0, 0]",,,,2838,Tiffin,ii,Great Midwest Athletic,47.0,"[3, 20, 14, 10]",,,,,,,
401541893,2023,5,regular,2023-09-30T23:00:00.000Z,False,True,False,True,,5938.0,Al Whitehead Field at Greyhound Stadium,2201,Eastern New Mexico,ii,Lone Star,14.0,"[7, 7, 0, 0]",,,,2025,Angelo State,ii,Lone Star,23.0,"[3, 7, 6, 7]",,,,,,,
401550491,2023,5,regular,2023-09-30T23:00:00.000Z,False,True,False,True,,5850.0,Stoffer Family Stadium,415,George Fox,iii,Northwest,31.0,"[0, 14, 14, 0, 3, 0]",,,,2333,Lewis & Clark,iii,Northwest,37.0,"[0, 10, 0, 18, 3, 6]",,,,,,,
401525852,2023,5,regular,2023-09-30T23:00:00.000Z,False,True,False,True,84371.0,3835.0,"Memorial Stadium (Norman, OK)",201,Oklahoma,fbs,Big 12,50.0,"[21, 19, 7, 3]",0.9872803688049316,1901.0,1939.0,66,Iowa State,fbs,Big 12,20.0,"[10, 10, 0, 0]",0.01271963119506836,1537.0,1499.0,3.647725356830426,,,
401540438,2023,5,regular,2023-09-30T23:00:00.000Z,False,True,False,False,,3756.0,Homer Bryce Stadium,2617,Stephen F. Austin,fcs,UAC,56.0,"[14, 14, 14, 14]",0.930706262588501,,,2837,East Texas A&M,fcs,Southland,27.0,"[7, 7, 0, 13]",0.06929373741149902,,,4.571571307475712,,,
401540430,2023,5,regular,2023-09-30T23:00:00.000Z,False,True,False,False,,3963.0,Harry Turpin Stadium,2466,Northwestern State,fcs,Southland,10.0,"[3, 7, 0, 0]",0.15198588371276855,,,2197,Eastern Illinois,fcs,Big South-OVC,19.0,"[3, 7, 6, 3]",0.8480141162872314,,,6.264872807566919,,,
401540542,2023,5,regular,2023-09-30T23:00:00.000Z,False,True,False,True,,3748.0,Graham Stadium,2630,UT Martin,fcs,Big South-OVC,20.0,"[0, 14, 3, 3]",0.8632368445396423,,,2634,Tennessee State,fcs,Big South-OVC,10.0,"[3, 7, 0, 0]",0.13676315546035767,,,3.935816777984295,,,
401520291,2023,5,regular,2023-09-30T23:30:00.000Z,False,True,False,True,101915.0,3853.0,Neyland Stadium,2633,Tennessee,fbs,SEC,41.0,"[14, 10, 7, 10]",0.9942319989204407,1883.0,1901.0,2579,South Carolina,fbs,SEC,20.0,"[10, 0, 7, 3]",0.005768001079559326,1567.0,1549.0,3.680708868879232,,,
401531404,2023,5,regular,2023-09-30T23:30:00.000Z,False,True,False,True,25385.0,3735.0,Gerald J. Ford Stadium,2567,SMU,fbs,American Athletic,34.0,"[14, 3, 10, 7]",0.9917144775390625,1498.0,1511.0,2429,Charlotte,fbs,American Athletic,16.0,"[0, 3, 6, 7]",0.0082855224609375,1207.0,1194.0,2.585626728502371,,,
401525438,2023,5,regular,2023-09-30T23:30:00.000Z,False,True,False,False,40768.0,3982.0,Wallace Wade Stadium,150,Duke,fbs,ACC,14.0,"[0, 0, 7, 7]",0.09618886560201645,1675.0,1676.0,87,Notre Dame,fbs,FBS Independents,21.0,"[7, 3, 3, 8]",0.9038111343979836,1857.0,1856.0,5.94357929793094,,,
401520281,2023,5,regular,2023-09-30T23:30:00.000Z,False,True,False,True,69250.0,3793.0,Kinnick Stadium,2294,Iowa,fbs,Big Ten,26.0,"[3, 7, 3, 13]",0.3244306147098541,1639.0,1644.0,127,Michigan State,fbs,Big Ten,16.0,"[3, 6, 7, 0]",0.6755693852901459,1468.0,1463.0,5.649133292965907,,,
401540186,2023,5,regular,2023-10-01T00:00:00.000Z,False,True,False,True,,3706.0,Eccles Coliseum,253,Southern Utah,fcs,UAC,27.0,"[0, 7, 7, 13]",0.2302771359682083,,,2110,Central Arkansas,fcs,UAC,29.0,"[10, 10, 6, 3]",0.7697228640317917,,,6.047530257912094,,,
401525853,2023,5,regular,2023-10-01T00:00:00.000Z,False,True,False,True,43736.0,3616.0,Amon G. Carter Stadium,2628,TCU,fbs,Big 12,21.0,"[7, 14, 0, 0]",0.5966730117797852,1692.0,1673.0,277,West Virginia,fbs,Big 12,24.0,"[7, 7, 7, 3]",0.40332698822021484,1473.0,1492.0,6.514074046086148,,,
401541762,2023,5,regular,2023-10-01T00:00:00.000Z,False,True,False,True,,6064.0,Crain Family Stadium,319,Oklahoma Baptist,ii,Great American,14.0,"[7, 0, 0, 7]",,,,2271,Henderson State,ii,Great American,27.0,"[14, 10, 0, 3]",,,,,,,
401540228,2023,5,regular,2023-10-01T00:00:00.000Z,False,True,False,True,,1027.0,Alex G. Spanos Stadium,13,Cal Poly,fcs,Big Sky,13.0,"[0, 7, 0, 6]",0.09543740749359131,,,302,UC Davis,fcs,Big Sky,31.0,"[10, 14, 7, 0]",0.9045625925064087,,,2.9483979246533907,,,
401525516,2023,5,regular,2023-10-01T00:00:00.000Z,False,True,False,True,65632.0,3799.0,Lane Stadium,259,Virginia Tech,fbs,ACC,38.0,"[7, 14, 14, 3]",0.9965137243270874,1369.0,1424.0,221,Pittsburgh,fbs,ACC,21.0,"[7, 0, 14, 0]",0.0034862756729125977,1543.0,1488.0,3.3672471674898303,,,
401531882,2023,5,regular,2023-10-01T00:00:00.000Z,False,True,False,True,19919.0,3817.0,Malone Stadium,2433,UL Monroe,fbs,Sun Belt,40.0,"[14, 14, 12, 0]",0.9083941578865051,1173.0,1189.0,2026,App State,fbs,Sun Belt,41.0,"[14, 14, 7, 6]",0.09160584211349487,1574.0,1558.0,7.3084735785235075,,,
401541914,2023,5,regular,2023-10-01T00:00:00.000Z,False,True,False,True,,5884.0,Buffalo Stadium,2704,West Texas,ii,Lone Star,36.0,"[14, 7, 7, 8]",,,,2848,Western Oregon,ii,Lone Star,37.0,"[7, 14, 9, 7]",,,,,,,
401541953,2023,5,regular,2023-10-01T00:00:00.000Z,False,True,False,False,,5890.0,Lewis Field Stadium,2231,Fort Hays,ii,Mid America,71.0,"[30, 17, 21, 3]",,,,2876,Lincoln (MO),ii,Independent DII,3.0,"[0, 0, 0, 3]",,,,,,,
401545976,2023,5,regular,2023-10-01T00:00:00.000Z,False,True,False,True,,5877.0,Lyle Hare Stadium,2069,Black Hills State,ii,Rocky Mountain,14.0,"[0, 0, 7, 7]",,,,613,South Dakota Mines,ii,Rocky Mountain,49.0,"[0, 21, 7, 21]",,,,,,,
401540391,2023,5,regular,2023-10-01T00:00:00.000Z,False,True,False,True,,3686.0,Cowboy Stadium,2377,McNeese,fcs,Southland,10.0,"[0, 7, 3, 0]",0.12647518515586853,,,2447,Nicholls,fcs,Southland,31.0,"[7, 17, 0, 7]",0.8735248148441315,,,3.2042269308220113,,,
401541920,2023,5,regular,2023-10-01T00:00:00.000Z,False,True,False,True,,3633.0,Ben Altamirano Field,2703,Western New Mexico,ii,Lone Star,17.0,"[10, 0, 0, 7]",,,,2120,Central Washington,ii,Lone Star,55.0,"[17, 17, 14, 7]",,,,,,,
401532589,2023,5,regular,2023-10-01T00:00:00.000Z,False,True,False,True,24869.0,3713.0,Falcon Stadium,2005,Air Force,fbs,Mountain West,49.0,"[0, 21, 21, 7]",0.9989701087348664,1722.0,1797.0,21,San Diego State,fbs,Mountain West,10.0,"[0, 10, 0, 0]",0.0010298912651336423,1436.0,1361.0,3.4758406348,,,
401540273,2023,5,regular,2023-10-01T01:00:00.000Z,False,True,False,True,,3757.0,Hornet Stadium,16,Sacramento State,fcs,Big Sky,31.0,"[14, 10, 0, 7]",0.5581684112548828,,,2464,Northern Arizona,fcs,Big Sky,30.0,"[7, 14, 7, 2]",0.4418315887451172,,,6.422461651207453,,,
401520285,2023,5,regular,2023-10-01T01:00:00.000Z,False,True,False,True,60111.0,3693.0,Davis Wade Stadium,344,Mississippi State,fbs,SEC,17.0,"[0, 10, 7, 0]",0.0,1551.0,1535.0,333,Alabama,fbs,SEC,40.0,"[14, 17, 3, 6]",1.0,1959.0,1975.0,3.535895562373643,,,
401550330,2023,5,regular,2023-10-01T02:00:00.000Z,False,True,False,True,,5811.0,William Rolland Stadium,2094,Cal Lutheran,iii,So. Cal.,24.0,"[3, 14, 7, 0]",,,,411,Chapman,iii,So. Cal.,21.0,"[7, 7, 0, 7]",,,,,,,
401524021,2023,5,regular,2023-10-01T02:00:00.000Z,False,True,False,True,50800.0,3619.0,Arizona Stadium,12,Arizona,fbs,Pac-12,24.0,"[0, 10, 7, 7]",0.08519890904426575,1446.0,1466.0,264,Washington,fbs,Pac-12,31.0,"[14, 7, 7, 3]",0.9148010909557343,1920.0,1900.0,3.9253643197404875,,,
401532587,2023,5,regular,2023-10-01T02:30:00.000Z,False,True,False,True,39246.0,3660.0,Valley Children's Stadium,278,Fresno State,fbs,Mountain West,27.0,"[7, 7, 6, 7]",0.9159528017044067,1787.0,1777.0,2440,Nevada,fbs,Mountain West,9.0,"[0, 0, 0, 9]",0.08404719829559326,1214.0,1224.0,2.844696026813983,,,
401520294,2023,6,regular,2023-10-05T00:00:00.000Z,False,True,False,True,13066.0,3725.0,"Johnny ""Red"" Floyd Stadium",2393,Middle Tennessee,fbs,Conference USA,30.0,"[3, 20, 0, 7]",0.050293806940317154,1289.0,1275.0,55,Jacksonville State,fbs,Conference USA,45.0,"[0, 7, 17, 21]",0.9497061930596828,1510.0,1524.0,6.812914146212349,,,
401520297,2023,6,regular,2023-10-05T01:00:00.000Z,False,True,False,True,11540.0,3601.0,Aggie Memorial Stadium,166,New Mexico State,fbs,Conference USA,34.0,"[7, 7, 3, 17]",0.9688563346862793,1261.0,1282.0,2229,Florida International,fbs,Conference USA,17.0,"[7, 7, 3, 0]",0.031143665313720703,1084.0,1063.0,4.99607174843075,,,
401545731,2023,6,regular,2023-10-05T23:00:00.000Z,False,True,False,True,,5943.0,Duvall-Rosier Field,2986,Fairmont State,ii,Mountain East,42.0,"[21, 7, 7, 7]",,,,2148,Concord,ii,Mountain East,9.0,"[7, 0, 0, 2]",,,,,,,
401520296,2023,6,regular,2023-10-05T23:00:00.000Z,False,True,False,True,17100.0,3992.0,Williams Stadium (VA),2335,Liberty,fbs,Conference USA,21.0,"[7, 14, 0, 0]",0.8861292004585266,1574.0,1572.0,2534,Sam Houston,fbs,Conference USA,16.0,"[10, 0, 6, 0]",0.11387079954147339,1391.0,1393.0,4.529507367435725,,,
401520295,2023,6,regular,2023-10-06T00:00:00.000Z,False,True,False,True,13014.0,3776.0,Joe Aillet Stadium,2348,Louisiana Tech,fbs,Conference USA,28.0,"[7, 0, 14, 7]",0.34487420320510864,1243.0,1251.0,98,Western Kentucky,fbs,Conference USA,35.0,"[21, 14, 0, 0]",0.6551257967948914,1537.0,1529.0,5.083572452855961,,,
401552470,2023,6,regular,2023-10-06T23:00:00.000Z,False,True,False,True,,5898.0,John Coughlin Memorial Field,402,Worcester State,iii,MSCAC,7.0,"[0, 0, 0, 7]",,,,18,Bridgewater State,iii,MSCAC,35.0,"[14, 7, 14, 0]",,,,,,,
401540309,2023,6,regular,2023-10-06T23:00:00.000Z,False,True,False,True,,3750.0,Harvard Stadium,108,Harvard,fcs,Ivy,41.0,"[7, 14, 13, 7]",0.9932802319526672,,,172,Cornell,fcs,Ivy,23.0,"[0, 10, 7, 6]",0.006719768047332764,,,2.5306154580971487,,,
401547189,2023,6,regular,2023-10-06T23:00:00.000Z,False,True,False,True,,5124.0,Homewood Field,118,Johns Hopkins,iii,Centennial,49.0,"[28, 14, 7, 0]",,,,2248,Gettysburg,iii,Centennial,28.0,"[0, 7, 7, 14]",,,,,,,
401525857,2023,6,regular,2023-10-06T23:30:00.000Z,False,True,False,True,53855.0,3646.0,Boone Pickens Stadium,197,Oklahoma State,fbs,Big 12,29.0,"[10, 10, 6, 3]",0.9951049089431763,1462.0,1497.0,2306,Kansas State,fbs,Big 12,21.0,"[0, 7, 8, 6]",0.0048950910568237305,1804.0,1769.0,3.237226737734322,,,
401520301,2023,6,regular,2023-10-07T00:00:00.000Z,False,True,False,True,46703.0,3832.0,"Memorial Stadium (Champaign, IL)",356,Illinois,fbs,Big Ten,7.0,"[0, 7, 0, 0]",0.0,1517.0,1479.0,158,Nebraska,fbs,Big Ten,20.0,"[3, 14, 3, 0]",1.0,1432.0,1470.0,3.624614678870994,,,
401520311,2023,6,regular,2023-10-07T16:00:00.000Z,False,True,False,True,74885.0,347.0,Camp Randall Stadium,275,Wisconsin,fbs,Big Ten,24.0,"[3, 14, 0, 7]",0.9973859786987305,1706.0,1706.0,164,Rutgers,fbs,Big Ten,13.0,"[0, 0, 6, 7]",0.0026140213012695312,1435.0,1435.0,3.1096684034932807,,,
401525522,2023,6,regular,2023-10-07T16:00:00.000Z,False,True,False,False,38289.0,3923.0,Scott Stadium,258,Virginia,fbs,ACC,27.0,"[3, 17, 0, 7]",0.7479106187820435,1311.0,1311.0,2729,William & Mary,fcs,Coastal Athletic,13.0,"[6, 7, 0, 0]",0.25208938121795654,,,4.573226439651725,,,
401520298,2023,6,regular,2023-10-07T16:00:00.000Z,False,True,False,False,34017.0,3841.0,Michie Stadium,349,Army,fbs,FBS Independents,24.0,"[0, 3, 14, 7]",0.40462082624435425,1495.0,1478.0,103,Boston College,fbs,ACC,27.0,"[6, 7, 7, 7]",0.5953791737556458,1298.0,1315.0,5.357120972829357,,,
401550350,2023,6,regular,2023-10-07T16:00:00.000Z,False,True,False,True,,6132.0,Trinity University Stadium,386,Trinity (TX),iii,Southern Athletic,31.0,"[7, 14, 10, 0]",,,,2121,Centre,iii,Southern Athletic,3.0,"[0, 3, 0, 0]",,,,,,,
401544138,2023,6,regular,2023-10-07T16:00:00.000Z,False,True,False,True,,6118.0,Birkelbach Field,2588,Southwestern U,iii,Southern Athletic,10.0,"[0, 3, 0, 7]",,,,2757,Berry,iii,Southern Athletic,52.0,"[14, 14, 24, 0]",,,,,,,
401552475,2023,6,regular,2023-10-07T16:00:00.000Z,False,True,False,True,,5845.0,Elliot Field Athletic Complex,114,Fitchburg State,iii,MSCAC,7.0,"[0, 0, 0, 7]",,,,2967,Framingham State,iii,MSCAC,40.0,"[13, 13, 7, 7]",,,,,,,
401549590,2023,6,regular,2023-10-07T16:00:00.000Z,False,True,False,True,,6107.0,ECAV Stadium,2528,Rensselaer,iii,Liberty League,17.0,"[7, 0, 0, 10, 0]",,,,175,Ithaca,iii,Liberty League,20.0,"[0, 10, 0, 7, 3]",,,,,,,
401558740,2023,6,regular,2023-10-07T16:00:00.000Z,False,True,False,False,,6066.0,Pace Stadium,2487,Pace,ii,Northeast 10,38.0,"[10, 13, 6, 9]",,,,126086,Post,ii,Independent DII,7.0,"[0, 0, 7, 0]",,,,,,,
401526837,2023,6,regular,2023-10-07T16:00:00.000Z,False,True,False,False,9623.0,3985.0,Warren McGuirk Alumni Stadium,113,Massachusetts,fbs,FBS Independents,24.0,"[7, 14, 3, 0]",0.04909949004650116,984.0,993.0,2649,Toledo,fbs,Mid-American,41.0,"[10, 7, 21, 3]",0.9509005099534988,1509.0,1500.0,5.663312052648997,,,
401544064,2023,6,regular,2023-10-07T16:00:00.000Z,False,True,False,True,,5907.0,McCarthy Stadium (Wilkes Barre),247,King's,iii,Mid Atlantic,17.0,"[0, 0, 2, 15]",,,,2221,FDU Florham,iii,Mid Atlantic,14.0,"[6, 8, 0, 0]",,,,,,,
401554819,2023,6,regular,2023-10-07T16:00:00.000Z,False,True,False,True,,6083.0,Mangelsdorf Field,2969,Misericordia,iii,Mid Atlantic,25.0,"[4, 8, 6, 7]",,,,127954,Eastern,iii,Mid Atlantic,8.0,"[0, 0, 8, 0]",,,,,,,
401553011,2023,6,regular,2023-10-07T16:00:00.000Z,False,True,False,True,,5127.0,Gene L. Shirk Stadium,2015,Albright,iii,Mid Atlantic,0.0,"[0, 0, 0, 0]",,,,471,Stevenson,iii,Mid Atlantic,38.0,"[3, 7, 7, 21]",,,,,,,
401547022,2023,6,regular,2023-10-07T16:00:00.000Z,False,True,False,True,,4750.0,The Reservation,2336,Limestone,ii,South Atlantic,28.0,"[14, 0, 7, 7, 0]",,,,2331,Lenoir Rhyne,ii,South Atlantic,31.0,"[7, 3, 11, 7, 3]",,,,,,,
401520304,2023,6,regular,2023-10-07T16:00:00.000Z,False,True,False,False,47158.0,3693.0,Davis Wade Stadium,344,Mississippi State,fbs,SEC,41.0,"[10, 7, 14, 10]",0.9797731637954712,1535.0,1538.0,2711,Western Michigan,fbs,Mid-American,28.0,"[0, 7, 14, 7]",0.02022683620452881,1249.0,1246.0,3.6895740148417406,,,
401550103,2023,6,regular,2023-10-07T16:00:00.000Z,False,True,False,True,,6202.0,Cardinal Stadium (DC),2108,Catholic,iii,Landmark Conference,28.0,"[7, 7, 14, 0]",,,,323,Moravian,iii,Landmark Conference,36.0,"[0, 28, 8, 0]",,,,,,,
401540974,2023,6,regular,2023-10-07T16:00:00.000Z,False,True,False,True,,3731.0,Frost-Kalnow Stadium,2838,Tiffin,ii,Great Midwest Athletic,35.0,"[14, 14, 0, 7]",,,,2273,Hillsdale,ii,Great Midwest Athletic,21.0,"[7, 7, 7, 0]",,,,,,,
401551920,2023,6,regular,2023-10-07T16:00:00.000Z,False,True,False,False,,3877.0,Pioneer Stadium,3162,Alfred State,iii,ECFC,41.0,"[10, 7, 7, 17]",,,,101161,Lyon,,,15.0,"[8, 7, 0, 0]",,,,,,,
401540292,2023,6,regular,2023-10-07T16:00:00.000Z,False,True,False,False,,3656.0,Brown Stadium,225,Brown,fcs,Ivy,30.0,"[10, 10, 7, 3]",0.038637422025203705,,,227,Rhode Island,fcs,Coastal Athletic,34.0,"[6, 14, 14, 0]",0.9613625779747963,,,9.135954249084596,,,
401540021,2023,6,regular,2023-10-07T16:00:00.000Z,False,True,False,True,,6043.0,Bethpage Federal Credit Union Stadium,2341,Long Island University,fcs,NEC,23.0,"[7, 7, 9, 0]",0.7851686754447227,,,2529,Sacred Heart,fcs,NEC,13.0,"[0, 10, 3, 0]",0.21483132455527731,,,2.8167313191,,,
401520305,2023,6,regular,2023-10-07T16:00:00.000Z,False,True,False,True,62621.0,3838.0,Memorial Stadium,142,Missouri,fbs,SEC,39.0,"[15, 10, 7, 7]",0.0032364812213927507,1529.0,1526.0,99,LSU,fbs,SEC,49.0,"[7, 10, 10, 22]",0.9967635187786072,1740.0,1743.0,7.433456205853879,,,
401545785,2023,6,regular,2023-10-07T16:00:00.000Z,False,True,False,True,,3848.0,Multi-Sport Stadium,2038,Assumption,ii,Northeast 10,38.0,"[10, 7, 21, 0]",,,,2022,American International,ii,Northeast 10,14.0,"[0, 7, 7, 0]",,,,,,,
401525861,2023,6,regular,2023-10-07T16:00:00.000Z,False,True,True,True,,499.0,Cotton Bowl,251,Texas,fbs,Big 12,30.0,"[7, 10, 3, 10]",0.2210293859243393,1910.0,1910.0,201,Oklahoma,fbs,Big 12,34.0,"[7, 13, 7, 7]",0.7789706140756607,1939.0,1939.0,8.06180938771907,,Allstate Red River Rivalry,
401545761,2023,6,regular,2023-10-07T16:00:00.000Z,False,True,False,True,,6063.0,Mueller Field,587,Notre Dame College,ii,Mountain East,31.0,"[7, 7, 3, 14]",,,,2707,West Virginia State,ii,Mountain East,24.0,"[14, 0, 10, 0]",,,,,,,
401553001,2023,6,regular,2023-10-07T16:00:00.000Z,False,True,False,False,,5925.0,David Person Field,2354,Lycoming,iii,Landmark Conference,35.0,"[7, 14, 7, 7]",,,,398,Wilkes,iii,Landmark Conference,48.0,"[13, 21, 7, 7]",,,,,,,
401520307,2023,6,regular,2023-10-07T16:00:00.000Z,False,True,False,True,104974.0,3861.0,Ohio Stadium,194,Ohio State,fbs,Big Ten,37.0,"[0, 10, 10, 17]",1.0,2022.0,2040.0,120,Maryland,fbs,Big Ten,17.0,"[7, 3, 7, 0]",0.0,1724.0,1706.0,5.056312234803054,,,
401541017,2023,6,regular,2023-10-07T16:00:00.000Z,False,True,False,True,,4441.0,McConnell Family Stadium,367,Gannon,ii,Pennsylvania State Athletic,23.0,"[7, 3, 0, 13]",,,,2205,Edinboro,ii,Pennsylvania State Athletic,12.0,"[0, 0, 0, 12]",,,,,,,
401549798,2023,6,regular,2023-10-07T16:00:00.000Z,False,True,False,True,,5802.0,Belhaven Bowl Stadium,2056,Belhaven,iii,USA South,29.0,"[8, 14, 0, 7]",,,,2938,Huntingdon,iii,USA South,3.0,"[0, 0, 3, 0]",,,,,,,
401549725,2023,6,regular,2023-10-07T16:00:00.000Z,False,True,False,False,,6115.0,Toppa Field,2776,Salve Regina,iii,Commonwealth Coast,38.0,"[7, 17, 14, 0]",,,,2557,Coast Guard,iii,NEWMAC,7.0,"[0, 0, 0, 7]",,,,,,,
401541106,2023,6,regular,2023-10-07T16:00:00.000Z,False,True,False,True,,5926.0,Henry G. Steinbrenner '27 Stadium,109,MIT,iii,NEWMAC,10.0,"[3, 0, 7, 0]",,,,81,Springfield,iii,NEWMAC,38.0,"[7, 10, 7, 14]",,,,,,,
401541067,2023,6,regular,2023-10-07T16:00:00.000Z,False,True,False,True,,5805.0,Alumni Field (OH),2074,Bluffton,iii,Heartland,0.0,"[0, 0, 0, 0]",,,,2262,Hanover,iii,Heartland,21.0,"[0, 7, 7, 7]",,,,,,,
401552463,2023,6,regular,2023-10-07T16:00:00.000Z,False,True,False,False,,5848.0,Hotchkiss Field,417,Gallaudet,iii,ECFC,34.0,"[14, 7, 0, 13]",,,,125974,Hilbert,iii,North Coast,20.0,"[7, 6, 0, 7]",,,,,,,
401550081,2023,6,regular,2023-10-07T16:00:00.000Z,False,True,False,False,,5830.0,Walter M. Katz Field,40,Curry,iii,Commonwealth Coast,47.0,"[10, 17, 20, 0]",,,,110438,Dean,iii,ECFC,14.0,"[0, 0, 0, 14]",,,,,,,
401540523,2023,6,regular,2023-10-07T16:30:00.000Z,False,True,False,False,,3802.0,Lawrence A. Wien Stadium,171,Columbia,fcs,Ivy,16.0,"[6, 10, 0, 0]",1.0,,,2368,Marist,fcs,Pioneer,0.0,"[0, 0, 0, 0]",0.0,,,2.7854148220462713,,,
401544072,2023,6,regular,2023-10-07T17:00:00.000Z,False,True,False,True,,6130.0,Fred Zollner Athletic Stadium,2651,Trine,iii,Michigan,34.0,"[0, 0, 21, 13]",,,,2003,Adrian,iii,Michigan,14.0,"[14, 0, 0, 0]",,,,,,,
401540556,2023,6,regular,2023-10-07T17:00:00.000Z,False,True,False,True,,3627.0,Bailey Memorial Stadium,2506,Presbyterian,fcs,Pioneer,24.0,"[14, 0, 3, 7]",0.7344047427177429,,,56,Stetson,fcs,Pioneer,28.0,"[0, 14, 0, 14]",0.2655952572822571,,,5.1661193209335625,,,
401549789,2023,6,regular,2023-10-07T17:00:00.000Z,False,True,False,True,,5932.0,Lloyd L. Thornton Stadium,2373,Maryville (TN),iii,USA South,35.0,"[7, 7, 7, 14]",,,,2256,Greensboro,iii,USA South,7.0,"[0, 0, 0, 7]",,,,,,,
401558980,2023,6,regular,2023-10-07T17:00:00.000Z,False,True,False,True,,5905.0,Kean Alumni Stadium,2871,Kean,iii,New Jersey,14.0,"[0, 7, 0, 7]",,,,2818,Montclair State,iii,New Jersey,27.0,"[10, 7, 7, 3]",,,,,,,
401541087,2023,6,regular,2023-10-07T17:00:00.000Z,False,True,False,True,,3640.0,Blackstock Stadium,83,DePauw,iii,North Coast,17.0,"[10, 0, 7, 0]",,,,2171,Denison,iii,North Coast,6.0,"[0, 0, 0, 6]",,,,,,,
401549575,2023,6,regular,2023-10-07T17:00:00.000Z,False,True,False,True,,3717.0,Edwin Fauver Stadium,184,Rochester (NY),iii,Liberty League,17.0,"[3, 14, 0, 0]",,,,237,Union,iii,Liberty League,21.0,"[0, 14, 7, 0]",,,,,,,
401552019,2023,6,regular,2023-10-07T17:00:00.000Z,False,True,False,True,,5689.0,Seaverns Field At Harold Alfond Stadium,33,Colby,iii,NESCAC,20.0,"[7, 3, 0, 3, 7]",,,,336,Wesleyan (CT),iii,NESCAC,13.0,"[6, 0, 7, 0, 0]",,,,,,,
401550267,2023,6,regular,2023-10-07T17:00:00.000Z,False,True,False,True,,4757.0,Edwards-Maurer Field,2746,Wittenberg,iii,North Coast,21.0,"[14, 0, 0, 7]",,,,2274,Hiram,iii,North Coast,7.0,"[0, 0, 0, 7]",,,,,,,
401541815,2023,6,regular,2023-10-07T17:00:00.000Z,False,True,False,True,,3747.0,Hantz Stadium,2886,Northwood,ii,Great Midwest Athletic,33.0,"[7, 10, 6, 10]",,,,2224,Findlay,ii,Great Midwest Athletic,30.0,"[14, 0, 10, 6]",,,,,,,
401540995,2023,6,regular,2023-10-07T17:00:00.000Z,False,True,False,True,,3642.0,Bobcat Stadium (MD),341,Frostburg State,ii,Mountain East,31.0,"[3, 14, 7, 7]",,,,2882,UNC Pembroke,ii,Mountain East,21.0,"[10, 0, 0, 11]",,,,,,,
401540469,2023,6,regular,2023-10-07T17:00:00.000Z,False,True,False,True,,3774.0,Jayne Stadium,2413,Morehead State,fcs,Pioneer,31.0,"[7, 7, 10, 7]",0.8965033292770386,,,2168,Dayton,fcs,Pioneer,7.0,"[7, 0, 0, 0]",0.10349667072296143,,,3.693861123001853,,,
401539982,2023,6,regular,2023-10-07T17:00:00.000Z,False,True,False,False,,3762.0,Hughes Stadium,2415,Morgan State,fcs,MEAC,0.0,[],,,,2619,Stony Brook,fcs,Coastal Athletic,0.0,[],,,,,,,
401546997,2023,6,regular,2023-10-07T17:00:00.000Z,False,True,False,True,,3870.0,Panther Stadium (OH),2477,Ohio Dominican,ii,Great Midwest Athletic,41.0,"[0, 7, 14, 20]",,,,437,Lake Erie,ii,Great Midwest Athletic,17.0,"[14, 3, 0, 0]",,,,,,,
401545778,2023,6,regular,2023-10-07T17:00:00.000Z,False,True,False,True,,6212.0,Bishop Schmitt Field,112335,Wheeling,ii,Mountain East,58.0,"[7, 21, 23, 7]",,,,455,West Virginia Wesleyan,ii,Mountain East,3.0,"[3, 0, 0, 0]",,,,,,,
401549746,2023,6,regular,2023-10-07T17:00:00.000Z,False,True,False,False,,5835.0,Biddle Field,2175,Dickinson,iii,Centennial,27.0,"[0, 7, 7, 7, 6]",,,,3112,Christopher Newport,iii,New Jersey,24.0,"[7, 7, 0, 7, 3]",,,,,,,
401544056,2023,6,regular,2023-10-07T17:00:00.000Z,False,True,False,True,,5125.0,Stadium Red Field,2782,SUNY Cortland,iii,Empire 8,56.0,"[14, 28, 7, 7]",,,,390,Utica,iii,Empire 8,3.0,"[0, 0, 3, 0]",,,,,,,
401544119,2023,6,regular,2023-10-07T17:00:00.000Z,False,True,False,True,,3677.0,Chuck Noll Field,2614,Saint Vincent,iii,Presidents',0.0,"[0, 0, 0, 0]",,,,2963,Case Western Reserve,iii,Presidents',19.0,"[3, 0, 3, 13]",,,,,,,
401540074,2023,6,regular,2023-10-07T17:00:00.000Z,False,True,False,False,,3881.0,Princeton University Stadium,163,Princeton,fcs,Ivy,9.0,"[9, 0, 0, 0]",0.035126473754644394,,,322,Lafayette,fcs,Patriot,12.0,"[3, 7, 0, 2]",0.9648735262453556,,,5.466783207887161,,,
401540050,2023,6,regular,2023-10-07T17:00:00.000Z,False,True,False,True,,3676.0,Christy Mathewson-Memorial Stadium,2083,Bucknell,fcs,Patriot,27.0,"[7, 7, 13, 0]",0.007268139161169529,,,107,Holy Cross,fcs,Patriot,55.0,"[17, 17, 7, 14]",0.9927318608388305,,,4.4511618765811125,,,
401550463,2023,6,regular,2023-10-07T17:00:00.000Z,False,True,False,False,,6058.0,Ralph F. DellaCamera Stadium,2441,New Haven,ii,Northeast 10,38.0,"[17, 21, 0, 0]",,,,124179,Lincoln (CA),,,0.0,"[0, 0, 0, 0]",,,,,,,
401549583,2023,6,regular,2023-10-07T17:00:00.000Z,False,True,False,True,,5856.0,Boswell Field at David J. Urick Stadium,174,Hobart,iii,Liberty League,45.0,"[7, 31, 7, 0]",,,,2085,Buffalo State,iii,Liberty League,21.0,"[7, 0, 7, 7]",,,,,,,
401551517,2023,6,regular,2023-10-07T17:00:00.000Z,False,True,False,False,,6143.0,Golden Bear Stadium,2702,Western New England,iii,Commonwealth Coast,33.0,"[0, 21, 3, 9]",,,,15,Anna Maria College,iii,ECFC,17.0,"[0, 7, 7, 3]",,,,,,,
401549822,2023,6,regular,2023-10-07T17:00:00.000Z,False,True,False,False,,7082.0,Athletic Field Complex,122774,Keystone,iii,Landmark Conference,0.0,"[0, 0, 0, 0]",,,,216,Susquehanna,iii,Landmark Conference,69.0,"[7, 20, 28, 14]",,,,,,,
401549734,2023,6,regular,2023-10-07T17:00:00.000Z,False,True,False,True,,6095.0,Sabine Field at Haynes Family Stadium,2467,Norwich,iii,NEWMAC,21.0,"[0, 0, 7, 14]",,,,2383,Merchant Marine,iii,NEWMAC,28.0,"[0, 14, 7, 7]",,,,,,,
401550142,2023,6,regular,2023-10-07T17:00:00.000Z,False,True,False,True,,3755.0,Ray and Sue Smith Stadium,2812,Hope,iii,Michigan,14.0,"[7, 7, 0, 0]",,,,2790,Albion,iii,Michigan,6.0,"[0, 3, 3, 0]",,,,,,,
401541037,2023,6,regular,2023-10-07T17:00:00.000Z,False,True,False,True,,3663.0,Burke-Tarr Stadium,2105,Carson Newman,ii,South Atlantic,21.0,"[0, 0, 14, 7]",,,,2839,Tusculum,ii,South Atlantic,27.0,"[0, 13, 7, 7]",,,,,,,
401540789,2023,6,regular,2023-10-07T17:00:00.000Z,False,True,False,True,,3600.0,Tom Adams Field,131,Wayne State (MI),ii,GLIAC,23.0,"[3, 7, 7, 6]",,,,2392,Michigan Tech,ii,GLIAC,21.0,"[0, 7, 7, 7]",,,,,,,
401555475,2023,6,regular,2023-10-07T17:00:00.000Z,False,True,False,True,,5791.0,Turf Field,111674,Alvernia,iii,Mid Atlantic,12.0,"[0, 0, 12, 0]",,,,2808,Delaware Valley,iii,Mid Atlantic,28.0,"[0, 7, 14, 7]",,,,,,,
401540689,2023,6,regular,2023-10-07T17:00:00.000Z,False,True,False,True,,6068.0,George Williams Athletic Complex,2551,Shaw,ii,CIAA,21.0,"[0, 0, 7, 14]",,,,2304,Johnson C. Smith,ii,CIAA,10.0,"[7, 3, 0, 0]",,,,,,,
401540679,2023,6,regular,2023-10-07T17:00:00.000Z,False,True,False,True,,6068.0,George Williams Athletic Complex,395,St. Augustine's,ii,CIAA,0.0,"[0, 0, 0, 0]",,,,2220,Fayetteville State,ii,CIAA,7.0,"[0, 0, 7, 0]",,,,,,,
401540672,2023,6,regular,2023-10-07T17:00:00.000Z,False,True,False,True,,5941.0,Roebuck Stadium,2207,Elizabeth City State,ii,CIAA,20.0,"[0, 0, 7, 13]",,,,2676,Virginia Union,ii,CIAA,42.0,"[7, 7, 7, 21]",,,,,,,
401544885,2023,6,regular,2023-10-07T17:00:00.000Z,False,True,False,True,,5933.0,Sea Foam Stadium,3066,Concordia St. Paul,ii,Northern Sun,28.0,"[7, 7, 7, 7]",,,,2894,Sioux Falls,ii,Northern Sun,35.0,"[13, 7, 0, 15]",,,,,,,
401550884,2023,6,regular,2023-10-07T17:00:00.000Z,False,True,False,True,,5910.0,Callaway Stadium,548,LaGrange,iii,USA South,14.0,"[0, 7, 7]",,,,286,North Carolina Wesleyan,iii,USA South,35.0,"[7, 14, 14]",,,,,,,
401549771,2023,6,regular,2023-10-07T17:00:00.000Z,False,True,False,True,,6145.0,Blue Jay Stadium,433,Westminster (MO),iii,Upper Midwest,28.0,"[6, 15, 0, 7]",,,,446,Martin Luther,iii,Upper Midwest,14.0,"[0, 0, 7, 7]",,,,,,,
401545781,2023,6,regular,2023-10-07T17:00:00.000Z,False,False,False,True,,4421.0,Multi-Sport Performance Stadium,2017,Alderson-Broaddus,ii,Mountain East,0.0,[],,,,2128,Charleston (WV),ii,Mountain East,0.0,[],,,,,,,
401540804,2023,6,regular,2023-10-07T17:00:00.000Z,False,True,False,True,,3960.0,Top Taggart Field,2222,Ferris State,ii,GLIAC,38.0,"[14, 7, 10, 7]",,,,129,Saginaw Valley State,ii,GLIAC,17.0,"[0, 14, 3, 0]",,,,,,,
401550400,2023,6,regular,2023-10-07T17:00:00.000Z,False,True,False,True,,6146.0,Memorial Field (PA),2849,Westminster (PA),iii,Presidents',42.0,"[14, 14, 7, 7]",,,,2062,Bethany (WV),iii,Presidents',7.0,"[0, 0, 0, 7]",,,,,,,
401540041,2023,6,regular,2023-10-07T17:00:00.000Z,False,True,False,True,,6048.0,Duane Stadium,2771,Merrimack,fcs,NEC,45.0,"[10, 7, 14, 14]",1.0,,,284,Stonehill,fcs,NEC,34.0,"[0, 6, 0, 28]",0.0,,,3.2755186514904593,,,
401550227,2023,6,regular,2023-10-07T17:00:00.000Z,False,True,False,True,,6114.0,Sea Gull Stadium,2532,Salisbury,iii,New Jersey,36.0,"[0, 6, 9, 21]",,,,2970,William Paterson,iii,New Jersey,19.0,"[0, 6, 13, 0]",,,,,,,
401545965,2023,6,regular,2023-10-07T17:00:00.000Z,False,True,False,True,,4429.0,Seth Grove Stadium,2559,Shippensburg,ii,Pennsylvania State Athletic,28.0,"[7, 7, 0, 14]",,,,223,West Chester,ii,Pennsylvania State Athletic,38.0,"[0, 7, 24, 7]",,,,,,,
401541842,2023,6,regular,2023-10-07T17:00:00.000Z,False,True,False,True,,5220.0,Garrison Stadium,2804,Chowan,ii,Gulf South,16.0,"[3, 0, 13, 0]",,,,2822,North Greenville,ii,Gulf South,31.0,"[7, 10, 0, 14]",,,,,,,
401539973,2023,6,regular,2023-10-07T17:00:00.000Z,False,True,False,False,,3624.0,Arute Field,2115,Central Connecticut,fcs,NEC,51.0,"[7, 14, 13, 17]",0.8306137919425964,,,2169,Delaware State,fcs,MEAC,44.0,"[0, 6, 27, 11]",0.16938620805740356,,,6.5353955438863025,,,
401549814,2023,6,regular,2023-10-07T17:00:00.000Z,False,True,False,True,,5807.0,Brevard Memorial Stadium,2913,Brevard,iii,USA South,49.0,"[14, 7, 14, 14]",,,,2896,Southern Virginia,iii,USA South,28.0,"[7, 0, 7, 14]",,,,,,,
401540083,2023,6,regular,2023-10-07T17:00:00.000Z,False,True,False,True,,150.0,Jack Coffey Field,2230,Fordham,fcs,Patriot,38.0,"[0, 17, 7, 14]",0.4473896026611328,,,2329,Lehigh,fcs,Patriot,35.0,"[7, 14, 7, 7]",0.5526103973388672,,,8.071027546784658,,,
401552462,2023,6,regular,2023-10-07T17:00:00.000Z,False,True,False,True,,6126.0,Bob Boozer Field,2781,Brockport,iii,Empire 8,63.0,"[0, 28, 28, 7]",,,,173,Hartwick,iii,Empire 8,0.0,"[0, 0, 0, 0]",,,,,,,
401552544,2023,6,regular,2023-10-07T17:00:00.000Z,False,True,True,True,,6211.0,Sodexo Field,112334,Franklin Pierce,ii,Northeast 10,17.0,"[0, 7, 0, 10]",,,,2583,Southern Connecticut State,ii,Northeast 10,14.0,"[0, 7, 7, 0]",,,,,,,
401546945,2023,6,regular,2023-10-07T17:00:00.000Z,False,True,False,True,,3649.0,Bowman Gray Stadium,2736,Winston-Salem State,ii,CIAA,21.0,"[0, 14, 0, 7]",,,,2940,Livingstone,ii,CIAA,23.0,"[7, 10, 0, 6]",,,,,,,
401545756,2023,6,regular,2023-10-07T17:00:00.000Z,False,True,False,True,,5886.0,West Family Stadium,2699,West Liberty,ii,Mountain East,48.0,"[21, 20, 0, 7]",,,,2249,Glenville State,ii,Mountain East,40.0,"[3, 7, 6, 24]",,,,,,,
401545795,2023,6,regular,2023-10-07T17:00:00.000Z,False,True,False,True,,6074.0,Grappone Stadium,2830,Saint Anselm,ii,Northeast 10,24.0,"[0, 10, 0, 14]",,,,2060,Bentley,ii,Northeast 10,17.0,"[7, 7, 3, 0]",,,,,,,
401541028,2023,6,regular,2023-10-07T17:00:00.000Z,False,True,False,True,,3760.0,Hubert Jack Stadium,209,Lock Haven,ii,Pennsylvania State Athletic,10.0,"[3, 0, 7, 0]",,,,2974,Shepherd,ii,Pennsylvania State Athletic,27.0,"[3, 14, 7, 3]",,,,,,,
401540060,2023,6,regular,2023-10-07T17:00:00.000Z,False,True,False,False,,3730.0,Franklin Field,219,Pennsylvania,fcs,Ivy,42.0,"[0, 20, 16, 0, 6]",0.056745853275060654,,,46,Georgetown,fcs,Patriot,39.0,"[0, 13, 7, 16, 3]",0.9432541467249393,,,7.987424064106551,,,
401550326,2023,6,regular,2023-10-07T17:00:00.000Z,False,True,False,True,,5896.0,Lewis C. Everett Stadium,297,Hampden Sydney,iii,Old Dominion,48.0,"[7, 14, 20, 7]",,,,366,Ferrum,iii,Old Dominion,10.0,"[7, 3, 0, 0]",,,,,,,
401552449,2023,6,regular,2023-10-07T17:00:00.000Z,False,True,False,True,,7077.0,Shadek Stadium,2234,Franklin & Marshall,iii,Centennial,20.0,"[6, 0, 0, 14]",,,,2667,Ursinus,iii,Centennial,16.0,"[3, 7, 0, 6]",,,,,,,
401541114,2023,6,regular,2023-10-07T17:00:00.000Z,False,True,False,True,,6105.0,Day Field,2516,Randolph Macon,iii,Old Dominion,59.0,"[14, 14, 21, 10]",,,,2047,Averett,iii,Old Dominion,7.0,"[0, 7, 0, 0]",,,,,,,
401550304,2023,6,regular,2023-10-07T17:00:00.000Z,False,True,False,True,,5894.0,Steuben Field,348,Hamilton,iii,NESCAC,21.0,"[0, 7, 7, 7]",,,,2977,Trinity (CT),iii,NESCAC,34.0,"[10, 7, 14, 3]",,,,,,,
401550112,2023,6,regular,2023-10-07T17:00:00.000Z,False,True,False,True,,4855.0,Leslie C. Quick Jr. Stadium,2725,Widener,iii,Mid Atlantic,24.0,"[3, 0, 3, 11, 7, 0]",,,,388,Lebanon Valley,iii,Mid Atlantic,27.0,"[0, 10, 0, 7, 7, 3]",,,,,,,
401547048,2023,6,regular,2023-10-07T17:00:00.000Z,False,True,False,True,,6027.0,Albert J. H. Sloan - Alumni Stadium,2396,Miles,ii,SIAC,24.0,"[3, 0, 6, 15]",,,,490,Benedict,ii,SIAC,27.0,"[14, 7, 0, 6]",,,,,,,
401540563,2023,6,regular,2023-10-07T17:00:00.000Z,False,True,False,True,,5116.0,O'Shaughnessy Stadium,2900,St. Thomas (MN),fcs,Pioneer,17.0,"[3, 7, 7, 0]",0.8738530874252319,,,2086,Butler,fcs,Pioneer,10.0,"[0, 3, 0, 7]",0.12614691257476807,,,3.343048991986951,,,
401550297,2023,6,regular,2023-10-07T17:00:00.000Z,False,True,False,True,,3733.0,Garcelon Field,121,Bates,iii,NESCAC,7.0,"[0, 0, 0, 7]",,,,7,Amherst,iii,NESCAC,17.0,"[0, 3, 14, 0]",,,,,,,
401544100,2023,6,regular,2023-10-07T17:30:00.000Z,False,True,False,True,,5931.0,Don Drumm Stadium,317,Marietta,iii,Ohio,28.0,"[0, 14, 7, 7]",,,,2302,John Carroll,iii,Ohio,31.0,"[21, 0, 3, 7]",,,,,,,
401550088,2023,6,regular,2023-10-07T17:30:00.000Z,False,True,False,True,,5793.0,Macholtz Stadium,2023,Anderson (IN),iii,Heartland,28.0,"[7, 9, 6, 6]",,,,2233,Franklin,iii,Heartland,36.0,"[14, 7, 8, 7]",,,,,,,
401540336,2023,6,regular,2023-10-07T17:30:00.000Z,False,True,False,True,,3826.0,Memorial Field,159,Dartmouth,fcs,Ivy,24.0,"[7, 7, 3, 7]",0.08137780427932739,,,43,Yale,fcs,Ivy,31.0,"[7, 10, 0, 14]",0.9186221957206726,,,5.680013935032919,,,
401540627,2023,6,regular,2023-10-07T17:30:00.000Z,False,True,False,True,,3737.0,Gibbs Stadium,2747,Wofford,fcs,Southern,10.0,"[0, 3, 0, 7]",0.005802680738270283,,,2535,Samford,fcs,Southern,31.0,"[7, 17, 7, 0]",0.9941973192617297,,,2.931463904190312,,,
401544958,2023,6,regular,2023-10-07T17:30:00.000Z,False,True,False,True,,5832.0,Justin F. Coressel Stadium,190,Defiance College,iii,Heartland,21.0,"[0, 0, 7, 14]",,,,2419,Mount St Joseph,iii,Heartland,62.0,"[28, 14, 14, 6]",,,,,,,
401550075,2023,6,regular,2023-10-07T17:30:00.000Z,False,True,False,True,,5930.0,Carl W. Burt Memorial Stadium,2362,Manchester,iii,Heartland,7.0,"[7, 0, 0, 0]",,,,86,Rose Hulman,iii,Heartland,44.0,"[13, 24, 0, 7]",,,,,,,
401544109,2023,6,regular,2023-10-07T17:30:00.000Z,False,True,False,True,,5854.0,Hoernemann Stadium,191,Heidelberg,iii,Ohio,3.0,"[0, 3, 0, 0]",,,,426,Mount Union,iii,Ohio,41.0,"[20, 0, 7, 14]",,,,,,,
401550156,2023,6,regular,2023-10-07T18:00:00.000Z,False,True,False,True,,5895.0,Klas Field,162,Hamline,iii,Minnesota,7.0,"[0, 7, 0, 0]",,,,124,Augsburg,iii,Minnesota,41.0,"[13, 7, 7, 14]",,,,,,,
401540315,2023,6,regular,2023-10-07T18:00:00.000Z,False,True,False,True,,3620.0,Armstrong Stadium,2261,Hampton,fcs,Coastal Athletic,27.0,"[7, 0, 7, 13]",,,,2097,Campbell,fcs,Coastal Athletic,30.0,"[7, 7, 7, 9]",,,,,,,
401550273,2023,6,regular,2023-10-07T18:00:00.000Z,False,True,False,True,,6099.0,Selby Stadium,2980,Ohio Wesleyan,iii,North Coast,48.0,"[13, 22, 6, 7]",,,,352,Kenyon,iii,North Coast,7.0,"[0, 0, 0, 7]",,,,,,,
401549633,2023,6,regular,2023-10-07T18:00:00.000Z,False,True,False,True,,6089.0,Scotty Wood Stadium,2422,Muhlenberg,iii,Centennial,50.0,"[14, 23, 7, 6]",,,,2700,McDaniel,iii,Centennial,6.0,"[0, 6, 0, 0]",,,,,,,
401549779,2023,6,regular,2023-10-07T18:00:00.000Z,False,True,False,True,,5916.0,Carson Park,2738,Wisconsin Eau Claire,iii,Wisconsin,7.0,"[7, 0, 0, 0]",,,,2723,Wisconsin River Falls,iii,Wisconsin,49.0,"[14, 14, 14, 7]",,,,,,,
401550242,2023,6,regular,2023-10-07T18:00:00.000Z,False,True,False,True,,5913.0,Warrior Field at Raabe Stadium,2741,Wisconsin Lutheran,iii,NACC,34.0,"[0, 17, 7, 10]",,,,6353,Lakeland,iii,NACC,14.0,"[7, 7, 0, 0]",,,,,,,
401547144,2023,6,regular,2023-10-07T18:00:00.000Z,False,True,False,True,,5857.0,Gordon Wood Stadium,2758,Howard Payne,iii,American Southwest,28.0,"[14, 6, 2, 6]",,,,2194,East Texas Baptist,iii,American Southwest,14.0,"[0, 0, 14, 0]",,,,,,,
401550422,2023,6,regular,2023-10-07T18:00:00.000Z,False,True,False,True,,5911.0,Ralph E. Davis Pioneer Stadium,272,Wisconsin Platteville,iii,Wisconsin,51.0,"[10, 20, 7, 14]",,,,2743,Wisconsin Stevens Point,iii,Wisconsin,10.0,"[0, 10, 0, 0]",,,,,,,
401550029,2023,6,regular,2023-10-07T18:00:00.000Z,False,True,False,True,,6139.0,Cameron Stadium,2686,Washington & Jefferson,iii,Presidents',35.0,"[21, 14, 0, 0]",,,,2018,Allegheny,iii,Presidents',28.0,"[7, 7, 0, 14]",,,,,,,
401544965,2023,6,regular,2023-10-07T18:00:00.000Z,False,True,False,True,,5904.0,Angell Field,126,Kalamazoo,iii,Michigan,14.0,"[7, 0, 0, 7]",,,,354,Olivet,iii,Michigan,42.0,"[14, 14, 7, 7]",,,,,,,
401550174,2023,6,regular,2023-10-07T18:00:00.000Z,False,True,False,True,,6122.0,Public Schools Stadium,375,St. Scholastica,iii,Minnesota,12.0,"[2, 10, 0, 0]",,,,2968,Gustavus Adolphus,iii,Minnesota,63.0,"[14, 21, 14, 14]",,,,,,,
401544894,2023,6,regular,2023-10-07T18:00:00.000Z,False,True,False,True,,4433.0,George P. Miller Stadium,2291,IU Pennsylvania,ii,Pennsylvania State Athletic,20.0,"[13, 0, 0, 7]",,,,2858,California (PA),ii,Pennsylvania State Athletic,30.0,"[13, 7, 7, 3]",,,,,,,
401548495,2023,6,regular,2023-10-07T18:00:00.000Z,False,True,False,True,,5859.0,Tucci Stadium,306,Illinois Wesleyan,iii,CCIW,10.0,"[3, 0, 0, 7]",,,,143,Washington St. Louis,iii,CCIW,38.0,"[7, 3, 21, 7]",,,,,,,
401546012,2023,6,regular,2023-10-07T18:00:00.000Z,False,True,False,True,,3860.0,O'Harra Stadium,613,South Dakota Mines,ii,Rocky Mountain,20.0,"[7, 0, 7, 6]",,,,2714,Western Colorado,ii,Rocky Mountain,43.0,"[20, 17, 6, 0]",,,,,,,
401549676,2023,6,regular,2023-10-07T18:00:00.000Z,False,True,False,True,,5826.0,Concordia Stadium,2151,Concordia Chicago,iii,NACC,0.0,"[0, 0, 0, 0]",,,,2044,Aurora,iii,NACC,91.0,"[28, 35, 21, 7]",,,,,,,
401525521,2023,6,regular,2023-10-07T18:00:00.000Z,False,True,False,False,56919.0,3670.0,Carter-Finley Stadium,152,NC State,fbs,ACC,48.0,"[7, 14, 14, 13]",0.8210527300834656,1525.0,1537.0,276,Marshall,fbs,Sun Belt,41.0,"[14, 10, 10, 7]",0.17894726991653442,1575.0,1563.0,6.477606592460911,,,
401540001,2023,6,regular,2023-10-07T18:00:00.000Z,False,True,False,False,,3864.0,Oliver C. Dawson Stadium,2569,South Carolina State,fcs,MEAC,56.0,"[28, 14, 7, 7]",,,,2355,Virginia Lynchburg,,,6.0,"[0, 3, 0, 3]",,,,,,,
401540495,2023,6,regular,2023-10-07T18:00:00.000Z,False,True,False,True,,3749.0,Hunter Stadium,2815,Lindenwood,fcs,Big South-OVC,23.0,"[10, 3, 7, 3]",0.9818945527076721,,,2635,Tennessee Tech,fcs,Big South-OVC,0.0,"[0, 0, 0, 0]",0.01810544729232788,,,7.624997779558688,,,
401540457,2023,6,regular,2023-10-07T18:00:00.000Z,False,True,False,True,,3701.0,Drake Stadium,2181,Drake,fcs,Pioneer,20.0,"[7, 3, 7, 3]",0.7696738839149475,,,2674,Valparaiso,fcs,Pioneer,14.0,"[0, 0, 0, 14]",0.2303261160850525,,,3.9808328673629725,,,
401532415,2023,6,regular,2023-10-07T18:00:00.000Z,False,True,False,True,12093.0,3965.0,UB Stadium,2084,Buffalo,fbs,Mid-American,37.0,"[10, 13, 14, 0]",1.0,1329.0,1391.0,2117,Central Michigan,fbs,Mid-American,13.0,"[0, 7, 0, 6]",0.0,1344.0,1282.0,3.0871880879897184,,,
401541058,2023,6,regular,2023-10-07T18:00:00.000Z,False,True,False,True,,5788.0,Merrill Field at Yunevich Stadium,365,Alfred,iii,Empire 8,14.0,"[0, 7, 7, 0]",,,,3110,SUNY Morrisville,iii,Empire 8,10.0,"[7, 3, 0, 0]",,,,,,,
401544939,2023,6,regular,2023-10-07T18:00:00.000Z,False,True,False,True,,5796.0,Charles D. Lindberg Stadium,2042,Augustana (IL),iii,CCIW,42.0,"[0, 21, 14, 7]",,,,74,Millikin,iii,CCIW,3.0,"[3, 0, 0, 0]",,,,,,,
401547135,2023,6,regular,2023-10-07T18:00:00.000Z,False,True,False,True,,5798.0,Jerry E. Apple Stadium,2045,Austin,iii,American Southwest,7.0,"[0, 7, 0, 0]",,,,2834,Sul Ross State,iii,American Southwest,49.0,"[7, 21, 7, 14]",,,,,,,
401541006,2023,6,regular,2023-10-07T18:00:00.000Z,False,True,False,True,,4435.0,Robert B. Redman Stadium,2071,Bloomsburg,ii,Pennsylvania State Athletic,3.0,"[0, 0, 3, 0]",,,,2315,Kutztown,ii,Pennsylvania State Athletic,24.0,"[3, 14, 0, 7]",,,,,,,
401541077,2023,6,regular,2023-10-07T18:00:00.000Z,False,True,False,True,,7079.0,Laird Stadium,2101,Carleton,iii,Minnesota,33.0,"[13, 10, 7, 3]",,,,133,St. Olaf,iii,Minnesota,31.0,"[0, 10, 14, 7]",,,,,,,
401549642,2023,6,regular,2023-10-07T18:00:00.000Z,False,True,False,True,,5816.0,Art Keller Field,2106,Carthage,iii,CCIW,20.0,"[6, 0, 0, 14]",,,,75,North Park,iii,CCIW,35.0,"[0, 14, 7, 14]",,,,,,,
401550209,2023,6,regular,2023-10-07T18:00:00.000Z,False,True,False,True,,5908.0,Harley Knosher Bowl,255,Knox,iii,Midwest,3.0,"[0, 0, 3, 0]",,,,2891,Ripon,iii,Midwest,10.0,"[0, 10, 0, 0]",,,,,,,
401547122,2023,6,regular,2023-10-07T18:00:00.000Z,False,True,False,True,,5923.0,Legacy Field in Carlson Stadium,67,Luther,iii,American Rivers,0.0,"[0, 0, 0, 0]",,,,2685,Wartburg,iii,American Rivers,54.0,"[7, 28, 10, 9]",,,,,,,
401550170,2023,6,regular,2023-10-07T18:00:00.000Z,False,True,False,True,,5117.0,Clemens Stadium,2600,Saint John's (MN),iii,Minnesota,42.0,"[7, 14, 7, 14]",,,,2152,Concordia (MN),iii,Minnesota,23.0,"[0, 14, 3, 6]",,,,,,,
401541096,2023,6,regular,2023-10-07T18:00:00.000Z,False,True,False,True,,5123.0,Little Giant Stadium,89,Wabash,iii,North Coast,45.0,"[21, 14, 0, 10]",,,,2748,Wooster,iii,North Coast,35.0,"[0, 14, 14, 7]",,,,,,,
401545984,2023,6,regular,2023-10-07T18:00:00.000Z,False,True,False,True,,5880.0,Elliott Field at Don Beebe Stadium,2123,Chadron State,ii,Rocky Mountain,57.0,"[22, 14, 14, 7]",,,,2237,Fort Lewis,ii,Rocky Mountain,20.0,"[6, 7, 0, 7]",,,,,,,
401540712,2023,6,regular,2023-10-07T18:00:00.000Z,False,True,False,True,,3878.0,Plaster Sports Complex,2586,Southwest Baptist,ii,Great Lakes,24.0,"[17, 7, 0, 0]",,,,2816,McKendree,ii,Great Lakes,17.0,"[0, 10, 0, 7]",,,,,,,
401541047,2023,6,regular,2023-10-07T18:00:00.000Z,False,True,False,True,,6125.0,Bulldog Stadium (TX),2639,Texas Lutheran,iii,American Southwest,21.0,"[0, 7, 0, 14]",,,,2371,Mary Hardin Baylor,iii,American Southwest,55.0,"[21, 13, 14, 7]",,,,,,,
401540741,2023,6,regular,2023-10-07T18:00:00.000Z,False,True,False,True,,6077.0,Stokes Stadium,2654,Truman State,ii,Great Lakes,33.0,"[0, 14, 10, 3, 6]",,,,2825,Quincy,ii,Great Lakes,27.0,"[20, 0, 0, 7, 0]",,,,,,,
401547110,2023,6,regular,2023-10-07T18:00:00.000Z,False,True,False,True,,5836.0,Chalmers Field,49,Dubuque,iii,American Rivers,56.0,"[14, 7, 21, 14]",,,,6845,Nebraska Wesleyan,iii,American Rivers,28.0,"[0, 21, 0, 7]",,,,,,,
401550233,2023,6,regular,2023-10-07T18:00:00.000Z,False,True,False,True,,5827.0,Tomasini Stadium,409,Concordia (WI),iii,NACC,28.0,"[0, 7, 14, 7]",,,,2283,Benedictine (IL),iii,NACC,0.0,"[0, 0, 0, 0]",,,,,,,
401545831,2023,6,regular,2023-10-07T18:00:00.000Z,False,True,False,True,,6035.0,"Memorial Stadium (Wayne, NE)",2844,Wayne State (NE),ii,Northern Sun,28.0,"[0, 14, 7, 7]",,,,134,Minnesota Duluth,ii,Northern Sun,18.0,"[3, 7, 0, 8]",,,,,,,
401544930,2023,6,regular,2023-10-07T18:00:00.000Z,False,True,False,True,,3705.0,Earl Kitchings Stadium,2206,Edward Waters,ii,SIAC,37.0,[],,,,2323,Lane College,ii,SIAC,30.0,[],,,,,,,
401540654,2023,6,regular,2023-10-07T18:00:00.000Z,False,True,False,True,,5873.0,Bulldogs Stadium,2075,Bowie State,ii,CIAA,16.0,"[13, 3, 0, 0]",,,,330,Virginia State,ii,CIAA,44.0,"[16, 7, 7, 14]",,,,,,,
401541933,2023,6,regular,2023-10-07T18:00:00.000Z,False,True,False,True,,4724.0,Audrey J. Walton Stadium at Vernon Kennedy Field,2118,Central Missouri,ii,Mid America,38.0,"[7, 10, 14, 7]",,,,2438,Nebraska Kearney,ii,Mid America,14.0,"[7, 0, 0, 7]",,,,,,,
401549686,2023,6,regular,2023-10-07T18:00:00.000Z,False,True,False,True,,6121.0,Donald J. Schneider Stadium,2832,St. Norbert,iii,NACC,58.0,"[13, 14, 17, 14]",,,,2524,Rockford,iii,NACC,6.0,"[0, 0, 0, 6]",,,,,,,
401549708,2023,6,regular,2023-10-07T18:00:00.000Z,False,True,False,True,,6033.0,Carl Smith Stadium,2842,UVA Wise,ii,South Atlantic,24.0,"[0, 14, 3, 7]",,,,2213,Emory & Henry,ii,South Atlantic,41.0,"[7, 17, 14, 3]",,,,,,,
401545969,2023,6,regular,2023-10-07T18:00:00.000Z,False,True,False,True,,4428.0,Saxon Stadium,2385,Mercyhurst,ii,Pennsylvania State Athletic,31.0,"[14, 10, 0, 7]",,,,215,Slippery Rock,ii,Pennsylvania State Athletic,75.0,"[21, 14, 34, 6]",,,,,,,
401547095,2023,6,regular,2023-10-07T18:00:00.000Z,False,True,False,True,,5921.0,Rock Bowl,263,Loras,iii,American Rivers,14.0,"[0, 14, 0, 0]",,,,2964,Central College,iii,American Rivers,38.0,"[7, 7, 21, 3]",,,,,,,
401540798,2023,6,regular,2023-10-07T18:00:00.000Z,False,True,False,True,,5934.0,Farmers Insurance Athletic Complex,110254,Davenport,ii,GLIAC,28.0,"[0, 14, 0, 14]",,,,128,Northern Michigan,ii,GLIAC,12.0,"[3, 0, 3, 6]",,,,,,,
401549662,2023,6,regular,2023-10-07T18:00:00.000Z,False,True,False,True,,5820.0,Amos Alonzo Stagg Field,80,Chicago,iii,Midwest,20.0,"[7, 13, 0, 0]",,,,2286,Illinois College,iii,Midwest,41.0,"[7, 7, 13, 14]",,,,,,,
401541850,2023,6,regular,2023-10-07T18:00:00.000Z,False,True,False,True,,4851.0,Bazemore-Hyder Stadium,2673,Valdosta State,ii,Gulf South,25.0,"[14, 3, 8, 0]",,,,2170,Delta State,ii,Gulf South,49.0,"[14, 14, 14, 7]",,,,,,,
401539997,2023,6,regular,2023-10-07T18:00:00.000Z,False,True,False,False,,3894.0,Rhodes Stadium,2210,Elon,fcs,Coastal Athletic,23.0,"[10, 0, 0, 13]",0.18059852719306946,,,2428,North Carolina Central,fcs,MEAC,34.0,"[0, 21, 7, 6]",0.8194014728069305,,,4.768415417768943,,,
401540371,2023,6,regular,2023-10-07T18:00:00.000Z,False,True,False,True,,3605.0,Alerus Center,155,North Dakota,fcs,MVFC,49.0,"[7, 14, 14, 14]",0.9831174612045288,,,2710,Western Illinois,fcs,MVFC,10.0,"[0, 3, 0, 7]",0.01688253879547119,,,1.8816822177900918,,,
401545870,2023,6,regular,2023-10-07T18:00:00.000Z,False,True,False,True,,4437.0,"Memorial Stadium (Clarion, PA)",2134,Clarion,ii,Pennsylvania State Athletic,17.0,"[7, 0, 3, 7]",,,,611,Seton Hill,ii,Pennsylvania State Athletic,24.0,"[0, 7, 10, 7]",,,,,,,
401545977,2023,6,regular,2023-10-07T18:00:00.000Z,False,True,False,True,,5877.0,Lyle Hare Stadium,2069,Black Hills State,ii,Rocky Mountain,34.0,"[7, 14, 13, 0]",,,,2424,New Mexico Highlands,ii,Rocky Mountain,24.0,"[0, 7, 7, 10]",,,,,,,
401531389,2023,6,regular,2023-10-07T18:00:00.000Z,False,True,False,True,18388.0,3806.0,Lincoln Financial Field,218,Temple,fbs,American Athletic,34.0,"[14, 7, 0, 13]",0.0654812604188919,1102.0,1106.0,2636,UTSA,fbs,American Athletic,49.0,"[7, 21, 7, 14]",0.9345187395811081,1522.0,1518.0,6.048656816675457,,,
401547084,2023,6,regular,2023-10-07T18:00:00.000Z,False,True,False,True,,5823.0,Clark Field,2141,Coe,iii,American Rivers,52.0,"[21, 7, 21, 3]",,,,63,Buena Vista,iii,American Rivers,7.0,"[7, 0, 0, 0]",,,,,,,
401552014,2023,6,regular,2023-10-07T18:00:00.000Z,False,True,False,True,,6151.0,Farley-Lamb Field,2731,Williams,iii,NESCAC,10.0,"[0, 3, 7, 0]",,,,2394,Middlebury,iii,NESCAC,12.0,"[0, 3, 3, 6]",,,,,,,
401550417,2023,6,regular,2023-10-07T18:00:00.000Z,False,True,False,True,,4854.0,Perkins Stadium,2745,Wisconsin Whitewater,iii,Wisconsin,34.0,"[7, 7, 6, 14]",,,,2740,Wisconsin La Crosse,iii,Wisconsin,37.0,"[7, 10, 10, 10]",,,,,,,
401545803,2023,6,regular,2023-10-07T18:00:00.000Z,False,True,False,True,,5872.0,Kirkeby-Over Stadium,2043,Augustana (SD),ii,Northern Sun,38.0,"[14, 3, 7, 14]",,,,2587,Southwest Minnesota State,ii,Northern Sun,6.0,"[0, 6, 0, 0]",,,,,,,
401540600,2023,6,regular,2023-10-07T18:00:00.000Z,False,True,False,True,,3868.0,Paladin Stadium,231,Furman,fcs,Southern,28.0,"[7, 7, 14, 0]",0.9975727796554565,,,2643,The Citadel,fcs,Southern,14.0,"[0, 0, 6, 8]",0.002427220344543457,,,3.016238986500563,,,
401553865,2023,6,regular,2023-10-07T18:30:00.000Z,False,True,False,True,,5899.0,"Alumni Stadium (Worcester, MA)",2749,WPI,iii,NEWMAC,21.0,"[3, 11, 0, 7]",,,,2951,SUNY Maritime,iii,NEWMAC,28.0,"[0, 7, 14, 7]",,,,,,,
401547016,2023,6,regular,2023-10-07T18:30:00.000Z,False,True,False,True,,6046.0,Meares Stadium,2369,Mars Hill,ii,South Atlantic,38.0,"[10, 14, 7, 7]",,,,101784,Erskine,ii,South Atlantic,3.0,"[3, 0, 0, 0]",,,,,,,
401541943,2023,6,regular,2023-10-07T18:30:00.000Z,False,True,False,True,,5134.0,Bearcat Stadium,138,Northwest Missouri State,ii,Mid America,34.0,"[7, 13, 7, 7]",,,,2122,Central Oklahoma,ii,Mid America,21.0,"[7, 7, 0, 7]",,,,,,,
401524028,2023,6,regular,2023-10-07T19:00:00.000Z,False,True,False,True,35437.0,1056.0,Rose Bowl,26,UCLA,fbs,Pac-12,25.0,"[0, 9, 3, 13]",0.7728256583213806,1678.0,1687.0,265,Washington State,fbs,Pac-12,17.0,"[3, 7, 7, 0]",0.22717434167861938,1624.0,1615.0,6.949164487250283,,,
401541888,2023,6,regular,2023-10-07T19:00:00.000Z,False,True,False,False,,6221.0,Mitchell Stadium,124180,Bluefield State,ii,Independent DII,44.0,"[0, 0, 14, 30]",,,,2339,Lincoln (PA),ii,CIAA,52.0,"[14, 10, 7, 21]",,,,,,,
401541954,2023,6,regular,2023-10-07T19:00:00.000Z,False,True,False,True,,6054.0,Fred G. Hughes Stadium,2403,Missouri Southern State,ii,Mid America,22.0,"[3, 6, 6, 7]",,,,2231,Fort Hays,ii,Mid America,35.0,"[7, 7, 14, 7]",,,,,,,
401550461,2023,6,regular,2023-10-07T19:00:00.000Z,False,True,False,True,,6094.0,Reynolds Field,583,Northwestern (MN),iii,Upper Midwest,47.0,"[3, 7, 24, 13]",,,,509,Crown,iii,Upper Midwest,23.0,"[6, 10, 0, 7]",,,,,,,
401549669,2023,6,regular,2023-10-07T19:00:00.000Z,False,True,False,True,,5915.0,Farwell Field,262,Lake Forest,iii,Midwest,76.0,"[21, 21, 14, 20]",,,,268,Lawrence,iii,Midwest,0.0,"[0, 0, 0, 0]",,,,,,,
401550196,2023,6,regular,2023-10-07T19:00:00.000Z,False,True,False,True,,5824.0,Lions Stadium,2442,The College of New Jersey,iii,New Jersey,7.0,"[0, 7, 0, 0]",,,,2827,Rowan,iii,New Jersey,9.0,"[0, 3, 0, 6]",,,,,,,
401545858,2023,6,regular,2023-10-07T19:00:00.000Z,False,True,False,True,,3638.0,MDU Resources Community Bowl,559,University of Mary,ii,Northern Sun,7.0,"[7, 0, 0, 0]",,,,2851,Winona State,ii,Northern Sun,17.0,"[14, 0, 3, 0]",,,,,,,
401550386,2023,6,regular,2023-10-07T19:00:00.000Z,False,True,False,True,,5849.0,Reeves Field (PA),2242,Geneva,iii,Presidents',21.0,"[7, 0, 7, 7]",,,,146,Grove City,iii,Presidents',48.0,"[13, 14, 14, 7]",,,,,,,
401541763,2023,6,regular,2023-10-07T19:00:00.000Z,False,True,False,True,,5113.0,Ruggles Field at Carpenter-Haygood Stadium,2271,Henderson State,ii,Great American,42.0,"[14, 7, 14, 7]",,,,200,Southern Nazarene,ii,Great American,28.0,"[0, 7, 14, 7]",,,,,,,
401540479,2023,6,regular,2023-10-07T19:00:00.000Z,False,True,False,True,,3858.0,O'Brien Stadium,2197,Eastern Illinois,fcs,Big South-OVC,27.0,"[7, 7, 0, 7, 6]",0.3215530812740326,,,2630,UT Martin,fcs,Big South-OVC,28.0,"[0, 7, 7, 7, 7]",0.6784469187259674,,,5.943370917495222,,,
401544877,2023,6,regular,2023-10-07T19:00:00.000Z,False,True,False,True,,6067.0,Carnie Smith Stadium,90,Pittsburg State,ii,Mid America,33.0,"[7, 20, 3, 3]",,,,2214,Emporia State,ii,Mid America,25.0,"[3, 0, 0, 22]",,,,,,,
401540780,2023,6,regular,2023-10-07T19:00:00.000Z,False,True,False,True,,3875.0,Paul Laird Field,199,Southeastern Oklahoma State,ii,Great American,22.0,"[0, 0, 10, 12]",,,,2028,Arkansas Monticello,ii,Great American,21.0,"[0, 14, 7, 0]",,,,,,,
401540014,2023,6,regular,2023-10-07T19:00:00.000Z,False,True,False,False,,3695.0,Delaware Stadium,48,Delaware,fcs,CAA,43.0,"[15, 7, 7, 14]",0.9244810342788696,,,2184,Duquesne,fcs,NEC,17.0,"[7, 10, 0, 0]",0.07551896572113037,,,5.269510419742562,,,
401540348,2023,6,regular,2023-10-07T19:00:00.000Z,False,True,False,True,,3878.0,Plaster Sports Complex,2623,Missouri State,fcs,MVFC,10.0,"[7, 0, 3, 0]",0.10497716814279556,,,2449,North Dakota State,fcs,MVFC,38.0,"[14, 14, 3, 7]",0.8950228318572044,,,2.966421052868831,,,
401520306,2023,6,regular,2023-10-07T19:00:00.000Z,False,True,False,False,22160.0,3911.0,Ryan Field,77,Northwestern,fbs,Big Ten,23.0,"[9, 7, 7, 0]",0.9399002194404602,1311.0,1311.0,47,Howard,fcs,MEAC,20.0,"[0, 0, 7, 13]",0.060099780559539795,,,2.893397865844945,,,
401549653,2023,6,regular,2023-10-07T19:00:00.000Z,False,True,False,True,,5828.0,Van Metre Field at Ash Park,2155,Cornell (IA),iii,Midwest,36.0,"[6, 17, 7, 6]",,,,266,Beloit,iii,Midwest,24.0,"[3, 0, 14, 7]",,,,,,,
401541981,2023,6,regular,2023-10-07T19:00:00.000Z,False,True,False,False,,6045.0,Dwight T. Reed Stadium,2876,Lincoln (MO),ii,Independent DII,13.0,"[7, 6, 0, 0]",,,,196,Northeastern State,ii,Mid America,28.0,"[7, 7, 7, 7]",,,,,,,
401541785,2023,6,regular,2023-10-07T19:00:00.000Z,False,True,False,True,,5936.0,Koi Ishto Stadium,2191,East Central,ii,Great American,14.0,"[0, 7, 0, 7]",,,,2888,Ouachita Baptist,ii,Great American,31.0,"[10, 14, 7, 0]",,,,,,,
401545991,2023,6,regular,2023-10-07T19:00:00.000Z,False,True,False,True,,5882.0,Ralph Stocker Stadium,11,Colorado Mesa,ii,Rocky Mountain,0.0,"[0, 0, 0, 0]",,,,2146,Colorado School of Mines,ii,Rocky Mountain,52.0,"[7, 14, 17, 14]",,,,,,,
401544081,2023,6,regular,2023-10-07T19:00:00.000Z,False,True,False,True,,6084.0,April Zorn Memorial Stadium,2919,Monmouth (IL),iii,Midwest,69.0,"[7, 21, 28, 13]",,,,65,Grinnell,iii,Midwest,6.0,"[0, 0, 0, 6]",,,,,,,
401549763,2023,6,regular,2023-10-07T19:00:00.000Z,False,True,False,True,,3823.0,Hardee-McGee Field,2553,Sewanee,iii,Southern Athletic,32.0,"[14, 8, 7, 3]",,,,3,Birmingham-Southern,iii,Southern Athletic,38.0,"[6, 16, 8, 8]",,,,,,,
401540608,2023,6,regular,2023-10-07T19:00:00.000Z,False,True,False,False,,4899.0,Fifth Third Stadium,338,Kennesaw State,fcs,FCS Independents,20.0,"[7, 3, 7, 3]",0.41805481910705566,,,2634,Tennessee State,fcs,Big South-OVC,27.0,"[10, 3, 7, 7]",0.5819451808929443,,,6.2120781337682,,,
401540364,2023,6,regular,2023-10-07T19:00:00.000Z,False,True,False,True,,1905.0,DakotaDome,233,South Dakota,fcs,MVFC,38.0,"[7, 14, 0, 17]",0.6166680399214733,,,93,Murray State,fcs,MVFC,7.0,"[0, 7, 0, 0]",0.38333196007852666,,,5.333608896,,,
401545838,2023,6,regular,2023-10-07T19:00:00.000Z,False,True,False,True,,3641.0,Blakeslee Stadium,2364,Minnesota State,ii,Northern Sun,24.0,"[14, 7, 0, 3]",,,,2817,Minnesota St Moorhead,ii,Northern Sun,21.0,"[7, 14, 0, 0]",,,,,,,
401541133,2023,6,regular,2023-10-07T19:00:00.000Z,False,True,False,True,,5900.0,Don and Nona Williams Stadium,2744,Wisconsin Stout,iii,Wisconsin,46.0,"[20, 10, 7, 0, 3, 6]",,,,271,Wisconsin Oshkosh,iii,Wisconsin,48.0,"[13, 7, 7, 10, 3, 8]",,,,,,,
401540119,2023,6,regular,2023-10-07T19:05:00.000Z,False,True,False,True,,4582.0,Hornet Stadium,2011,Alabama State,fcs,SWAC,19.0,"[3, 0, 13, 3]",0.7090216875076294,,,2065,Bethune-Cookman,fcs,SWAC,14.0,"[7, 0, 0, 7]",0.2909783124923706,,,3.973678981659522,,,
401520302,2023,6,regular,2023-10-07T19:30:00.000Z,False,True,False,True,69250.0,3793.0,Kinnick Stadium,2294,Iowa,fbs,Big Ten,20.0,"[7, 3, 3, 7]",0.9511206150054932,1644.0,1645.0,2509,Purdue,fbs,Big Ten,14.0,"[0, 7, 0, 7]",0.048879384994506836,1516.0,1515.0,4.102013408268936,,,
401532417,2023,6,regular,2023-10-07T19:30:00.000Z,False,True,False,True,22945.0,3876.0,Peden Stadium,195,Ohio,fbs,Mid-American,42.0,"[0, 21, 14, 7]",0.989249050617218,1542.0,1563.0,2309,Kent State,fbs,Mid-American,17.0,"[0, 7, 3, 7]",0.010750949382781982,1150.0,1129.0,3.8041466754600983,,,
401525518,2023,6,regular,2023-10-07T19:30:00.000Z,False,True,False,True,79560.0,3697.0,Doak Campbell Stadium,52,Florida State,fbs,ACC,39.0,"[22, 0, 10, 7]",0.979386568069458,1871.0,1880.0,259,Virginia Tech,fbs,ACC,17.0,"[0, 10, 7, 0]",0.020613431930541992,1424.0,1415.0,2.667571120070563,,,
401531884,2023,6,regular,2023-10-07T19:30:00.000Z,False,True,False,True,15053.0,3666.0,Cajun Field,309,Louisiana,fbs,Sun Belt,34.0,"[7, 7, 7, 13]",0.9321829080581665,1544.0,1542.0,326,Texas State,fbs,Sun Belt,30.0,"[10, 10, 3, 7]",0.0678170919418335,1383.0,1385.0,6.516799036147837,,,
401531433,2023,6,regular,2023-10-07T19:30:00.000Z,False,True,False,True,28648.0,3852.0,Navy-Marine Corps Memorial Stadium,2426,Navy,fbs,American Athletic,27.0,"[0, 13, 7, 7]",0.979992151260376,1347.0,1348.0,249,North Texas,fbs,American Athletic,24.0,"[3, 7, 0, 14]",0.020007848739624023,1328.0,1327.0,5.80292595536438,,,
401525520,2023,6,regular,2023-10-07T19:30:00.000Z,False,True,False,True,50500.0,3787.0,Kenan Stadium,153,North Carolina,fbs,ACC,40.0,"[10, 17, 10, 3]",0.9795660376548767,1671.0,1752.0,183,Syracuse,fbs,ACC,7.0,"[0, 0, 7, 0]",0.02043396234512329,1593.0,1512.0,2.0038410378575273,,,
401540592,2023,6,regular,2023-10-07T19:30:00.000Z,False,True,False,True,,5400.0,William B. Greene Jr. Stadium,2193,East Tennessee State,fcs,Southern,6.0,"[0, 0, 6, 0]",0.35193875432014465,,,2382,Mercer,fcs,Southern,24.0,"[0, 17, 0, 7]",0.6480612456798553,,,5.036756522926108,,,
401525517,2023,6,regular,2023-10-07T19:30:00.000Z,False,True,False,True,80810.0,3836.0,"Memorial Stadium (Clemson, SC)",228,Clemson,fbs,ACC,17.0,"[0, 7, 3, 7]",0.6832976341247559,1748.0,1745.0,154,Wake Forest,fbs,ACC,12.0,"[3, 0, 3, 6]",0.31670236587524414,1545.0,1548.0,4.083374053175454,,,
401532416,2023,6,regular,2023-10-07T19:30:00.000Z,False,True,False,True,19047.0,3996.0,Yager Stadium,193,Miami (OH),fbs,Mid-American,27.0,"[7, 7, 10, 3]",0.9408820867538452,1392.0,1444.0,189,Bowling Green,fbs,Mid-American,0.0,"[0, 0, 0, 0]",0.059117913246154785,1237.0,1185.0,2.1334289336322425,,,
401532414,2023,6,regular,2023-10-07T19:30:00.000Z,False,True,False,True,18696.0,3912.0,Rynearson Stadium,2199,Eastern Michigan,fbs,Mid-American,24.0,"[3, 14, 7, 0]",0.8805626630783081,1363.0,1373.0,2050,Ball State,fbs,Mid-American,10.0,"[3, 7, 0, 0]",0.1194373369216919,1147.0,1137.0,3.509865449032125,,,
401545849,2023,6,regular,2023-10-07T19:30:00.000Z,False,True,False,True,,3951.0,Swisher Field,425,Northern State,ii,Northern Sun,46.0,"[13, 12, 21, 0]",,,,568,Minot State,ii,Northern Sun,9.0,"[0, 3, 0, 6]",,,,,,,
401541778,2023,6,regular,2023-10-07T19:30:00.000Z,False,True,False,True,,5891.0,Wilkins Stadium,2568,Southern Arkansas,ii,Great American,63.0,"[14, 14, 14, 21]",,,,319,Oklahoma Baptist,ii,Great American,24.0,"[0, 3, 14, 7]",,,,,,,
401540491,2023,6,regular,2023-10-07T19:30:00.000Z,False,True,False,True,,2068.0,E. Claiborne Robins Stadium,257,Richmond,fcs,Coastal Athletic,42.0,"[14, 21, 7, 0]",0.9939283728599548,,,311,Maine,fcs,Coastal Athletic,31.0,"[17, 7, 0, 7]",0.006071627140045166,,,3.8150400783070344,,,
401532418,2023,6,regular,2023-10-07T19:30:00.000Z,False,True,False,True,8216.0,3768.0,InfoCision Stadium,2006,Akron,fbs,Mid-American,14.0,"[7, 0, 7, 0]",0.005469107069075108,1228.0,1107.0,2459,Northern Illinois,fbs,Mid-American,55.0,"[7, 28, 20, 0]",0.9945308929309249,1252.0,1373.0,3.2515947866175527,,,
401540127,2023,6,regular,2023-10-07T19:30:00.000Z,False,True,False,True,,3771.0,Jack Spinks Stadium,2016,Alcorn State,fcs,SWAC,25.0,"[13, 0, 6, 6]",0.34805959463119507,,,2755,Grambling,fcs,SWAC,24.0,"[14, 0, 10, 0]",0.6519404053688049,,,6.9696223859686715,,,
401520310,2023,6,regular,2023-10-07T19:30:00.000Z,False,True,False,True,108101.0,3795.0,Kyle Field,245,Texas A&M,fbs,SEC,20.0,"[3, 14, 0, 3]",0.10743281990289688,1733.0,1739.0,333,Alabama,fbs,SEC,26.0,"[3, 7, 14, 2]",0.8925671800971031,1975.0,1969.0,5.6995955159211755,,,
401550432,2023,6,regular,2023-10-07T20:00:00.000Z,False,True,False,True,,6081.0,Harper Davis Field,2398,Millsaps,iii,Southern Athletic,7.0,"[7, 0, 0, 0]",,,,2519,Rhodes,iii,Southern Athletic,37.0,"[14, 14, 6, 3]",,,,,,,
401540585,2023,6,regular,2023-10-07T20:00:00.000Z,False,True,False,True,,3720.0,Finley Stadium,236,Chattanooga,fcs,Southern,50.0,"[3, 24, 7, 16]",0.18718566000461578,,,2717,Western Carolina,fcs,Southern,52.0,"[7, 14, 14, 17]",0.8128143399953842,,,8.273150716715481,,,
401540358,2023,6,regular,2023-10-07T20:00:00.000Z,False,True,False,True,,3779.0,Manning Field at John L. Guidry Stadium,2447,Nicholls,fcs,Southland,38.0,"[7, 7, 24, 0]",0.9984225034713745,,,2277,Houston Christian,fcs,Southland,7.0,"[7, 0, 0, 0]",0.0015774965286254883,,,3.5927638830901545,,,
401520299,2023,6,regular,2023-10-07T20:00:00.000Z,False,True,False,True,89432.0,3634.0,Ben Hill Griffin Stadium,57,Florida,fbs,SEC,38.0,"[7, 14, 7, 10]",0.9834399223327637,1565.0,1595.0,238,Vanderbilt,fbs,SEC,14.0,"[7, 0, 7, 0]",0.016560077667236328,1289.0,1259.0,3.059374850283714,,,
401540377,2023,6,regular,2023-10-07T20:00:00.000Z,False,True,False,True,,3882.0,Provost Umphrey Stadium,2320,Lamar,fcs,Southland,27.0,"[7, 6, 0, 14]",0.9977003931999207,,,2466,Northwestern State,fcs,Southland,13.0,"[0, 7, 6, 0]",0.0022996068000793457,,,4.36983876270826,,,
401540578,2023,6,regular,2023-10-07T20:00:00.000Z,False,True,False,True,,3781.0,Johnny Unitas Stadium,119,Towson,fcs,Coastal Athletic,17.0,"[0, 9, 8, 0]",0.4129716753959656,,,399,UAlbany,fcs,Coastal Athletic,24.0,"[0, 14, 3, 7]",0.5870283246040344,,,6.0390130003930125,,,
401540089,2023,6,regular,2023-10-07T20:00:00.000Z,False,True,True,True,,3797.0,Ladd Peebles Stadium,2010,Alabama A&M,fcs,SWAC,30.0,"[0, 7, 15, 8]",0.05699027702212334,,,2296,Jackson State,fcs,SWAC,45.0,"[21, 14, 3, 7]",0.9430097229778767,,,3.527027543511156,,,
401525860,2023,6,regular,2023-10-07T20:00:00.000Z,False,True,False,True,46107.0,3833.0,Memorial Stadium,2305,Kansas,fbs,Big 12,51.0,"[3, 21, 13, 14]",0.9958160519599915,1458.0,1559.0,2116,UCF,fbs,Big 12,22.0,"[0, 0, 8, 14]",0.004183948040008545,1641.0,1540.0,2.360460119367647,,,
401544090,2023,6,regular,2023-10-07T20:00:00.000Z,False,True,False,True,,6149.0,McCulloch Stadium,2930,Willamette,iii,Northwest,7.0,"[0, 7, 0, 0]",,,,2721,Whitworth,iii,Northwest,59.0,"[14, 10, 21, 14]",,,,,,,
401550124,2023,6,regular,2023-10-07T20:00:00.000Z,False,True,False,True,,5939.0,Cressy Field,379,UMass Dartmouth,iii,MSCAC,26.0,"[6, 6, 14, 0]",,,,110,Mass Maritime,iii,MSCAC,0.0,"[0, 0, 0, 0]",,,,,,,
401551729,2023,6,regular,2023-10-07T20:00:00.000Z,False,True,False,True,,6102.0,Sparks Stadium,2486,Pacific Lutheran,iii,Northwest,17.0,"[7, 0, 7, 3]",,,,205,Pacific (OR),iii,Northwest,10.0,"[3, 7, 0, 0]",,,,,,,
401540544,2023,6,regular,2023-10-07T20:00:00.000Z,False,True,False,True,,3603.0,Aggie Stadium,2448,North Carolina A&T,fcs,Coastal Athletic,14.0,"[7, 7, 0, 0]",0.020436162129044533,,,222,Villanova,fcs,Coastal Athletic,37.0,"[10, 20, 7, 0]",0.9795638378709555,,,3.8504549934309846,,,
401544902,2023,6,regular,2023-10-07T20:00:00.000Z,False,True,False,True,,4852.0,Neta and Eddie DeRose ThunderBowl,2570,CSU Pueblo,ii,Rocky Mountain,43.0,"[21, 6, 16, 0]",,,,2001,Adams State,ii,Rocky Mountain,10.0,"[0, 10, 0, 0]",,,,,,,
401531380,2023,6,regular,2023-10-07T20:00:00.000Z,False,True,False,True,23792.0,7221.0,Protective Stadium,5,UAB,fbs,American Athletic,56.0,"[21, 14, 14, 7]",0.9952920079231262,1414.0,1456.0,58,South Florida,fbs,American Athletic,35.0,"[14, 0, 7, 14]",0.004707992076873779,1339.0,1297.0,3.4064458689495853,,,
401550465,2023,6,regular,2023-10-07T20:00:00.000Z,False,True,False,True,,5920.0,Griswold Stadium,2333,Lewis & Clark,iii,Northwest,15.0,"[7, 6, 2, 0]",,,,203,Linfield,iii,Northwest,57.0,"[16, 14, 6, 21]",,,,,,,
401550336,2023,6,regular,2023-10-07T20:00:00.000Z,False,True,False,True,,6138.0,Wilson Field,2688,Washington and Lee,iii,Old Dominion,48.0,"[6, 21, 7, 14]",,,,2258,Guilford,iii,Old Dominion,25.0,"[10, 0, 0, 15]",,,,,,,
401552480,2023,6,regular,2023-10-07T20:00:00.000Z,False,True,False,True,,6142.0,Westside Athletic Complex,2843,Western Connecticut State,iii,MSCAC,55.0,"[6, 21, 28, 0]",,,,2972,Plymouth State,iii,MSCAC,20.0,"[7, 0, 13, 0]",,,,,,,
401531887,2023,6,regular,2023-10-07T20:00:00.000Z,False,True,False,True,26957.0,3975.0,Veterans Memorial Stadium (AL),2653,Troy,fbs,Sun Belt,37.0,"[7, 13, 3, 14]",0.9438629150390625,1563.0,1604.0,2032,Arkansas State,fbs,Sun Belt,3.0,"[0, 0, 0, 3]",0.0561370849609375,1118.0,1077.0,1.7334231671224114,,,
401540485,2023,6,regular,2023-10-07T20:00:00.000Z,False,True,False,True,,3710.0,Ernest W. Spangler Stadium,2241,Gardner-Webb,fcs,Big South-OVC,31.0,"[21, 7, 0, 3]",,,,2523,Robert Morris,fcs,Big South,16.0,"[0, 3, 7, 6]",,,,,,,
401544911,2023,6,regular,2023-10-07T20:00:00.000Z,False,True,False,True,,7075.0,Electric Supply Company Field,122666,Barton,ii,South Atlantic,34.0,"[0, 20, 0, 14]",,,,2444,Newberry,ii,South Atlantic,17.0,"[3, 7, 7, 0]",,,,,,,
401541858,2023,6,regular,2023-10-07T20:00:00.000Z,False,True,True,True,,6036.0,Blue Wahoos Stadium,110242,West Florida,ii,Gulf South,42.0,[],,,,2560,Shorter,ii,Gulf South,3.0,[],,,,,,,
401550492,2023,6,regular,2023-10-07T20:00:00.000Z,False,True,False,True,,6104.0,Baker Stadium,2508,Puget Sound,iii,Northwest,29.0,"[14, 3, 3, 9]",,,,415,George Fox,iii,Northwest,27.0,"[7, 0, 14, 6]",,,,,,,
401547043,2023,6,regular,2023-10-07T20:00:00.000Z,False,True,False,True,,5867.0,Albany State University Coliseum,2013,Albany State,ii,SIAC,48.0,"[10, 10, 14, 14]",,,,2119,Central State,ii,SIAC,0.0,"[0, 0, 0, 0]",,,,,,,
401541968,2023,6,regular,2023-10-07T20:00:00.000Z,False,True,False,True,,6034.0,Yager Stadium at Moore Bowl,2687,Washburn,ii,Mid America,21.0,"[14, 0, 0, 7]",,,,137,Missouri Western,ii,Mid America,61.0,"[14, 30, 17, 0]",,,,,,,
401541921,2023,6,regular,2023-10-07T20:05:00.000Z,False,True,False,True,,5783.0,McArthur Field,2848,Western Oregon,ii,Lone Star,31.0,"[14, 0, 10, 7]",,,,2703,Western New Mexico,ii,Lone Star,10.0,"[0, 0, 3, 7]",,,,,,,
401520309,2023,6,regular,2023-10-07T21:00:00.000Z,False,True,False,False,21207.0,3895.0,Rice Stadium,242,Rice,fbs,American Athletic,31.0,"[14, 0, 7, 10]",0.12150171399116516,1204.0,1189.0,41,UConn,fbs,FBS Independents,38.0,"[0, 20, 8, 10]",0.8784982860088348,1177.0,1192.0,5.6248837212591605,,,
401540187,2023,6,regular,2023-10-07T21:00:00.000Z,False,True,False,False,,3711.0,Estes Stadium,2110,Central Arkansas,fcs,UAC,38.0,"[0, 6, 0, 32]",0.814203679561615,,,2546,Southeast Missouri State,fcs,Big South-OVC,33.0,"[7, 10, 13, 3]",0.185796320438385,,,6.620724098899808,,,
401540435,2023,6,regular,2023-10-07T21:00:00.000Z,False,True,False,True,,3734.0,Gayle and Tom Benson Stadium,2916,Incarnate Word,fcs,Southland,33.0,"[7, 17, 9, 0]",0.1730799376964569,,,2545,SE Louisiana,fcs,Southland,26.0,"[3, 3, 13, 7]",0.8269200623035431,,,4.455297162876382,,,
401541755,2023,6,regular,2023-10-07T21:00:00.000Z,False,True,False,True,,4763.0,Ranger Field,2823,Northwestern (OK),ii,Great American,0.0,"[0, 0, 0, 0]",,,,2264,Harding,ii,Great American,62.0,"[14, 28, 7, 13]",,,,,,,
401544922,2023,6,regular,2023-10-07T22:00:00.000Z,False,True,False,True,,5122.0,Shuford Stadium,2107,Catawba,ii,South Atlantic,13.0,"[0, 6, 7, 0]",,,,351,Wingate,ii,South Atlantic,31.0,"[14, 10, 7, 0]",,,,,,,
401531340,2023,6,regular,2023-10-07T22:00:00.000Z,False,True,False,True,21077.0,3715.0,FAU Stadium,2226,Florida Atlantic,fbs,American Athletic,20.0,"[14, 3, 0, 3]",0.427341490983963,1356.0,1357.0,202,Tulsa,fbs,American Athletic,17.0,"[0, 7, 3, 7]",0.572658509016037,1331.0,1330.0,3.863723810861101,,,
401540447,2023,6,regular,2023-10-07T22:00:00.000Z,False,True,False,True,,844.0,Stambaugh Stadium,2754,Youngstown State,fcs,MVFC,31.0,"[7, 7, 3, 14]",1.0,,,79,Southern Illinois,fcs,MVFC,3.0,"[0, 3, 0, 0]",0.0,,,1.9506301428791928,,,
401540702,2023,6,regular,2023-10-07T22:00:00.000Z,False,True,False,True,,6040.0,Key Stadium,2292,Indianapolis,ii,Great Lakes,59.0,"[14, 17, 14, 14]",,,,2911,William Jewell,ii,Great Lakes,17.0,"[10, 0, 0, 7]",,,,,,,
401541876,2023,6,regular,2023-10-07T22:00:00.000Z,False,True,False,True,,5888.0,University Stadium (GA),2698,West Georgia,ii,Gulf South,24.0,"[7, 3, 7, 7]",,,,2695,West Alabama,ii,Gulf South,6.0,"[0, 6, 0, 0]",,,,,,,
401547064,2023,6,regular,2023-10-07T22:00:00.000Z,False,True,False,True,,5945.0,Wildcat Stadium (GA),2232,Fort Valley State,ii,SIAC,38.0,"[3, 7, 21, 7]",,,,2542,Savannah State,ii,SIAC,24.0,"[14, 3, 7, 0]",,,,,,,
401547057,2023,6,regular,2023-10-07T22:00:00.000Z,False,True,False,True,,6217.0,W.C. Hawkins Stadium,2019,Allen,ii,SIAC,35.0,"[0, 7, 14, 14]",,,,2805,Clark Atlanta,ii,SIAC,27.0,"[0, 7, 10, 10]",,,,,,,
401545887,2023,6,regular,2023-10-07T22:05:00.000Z,False,True,False,True,,4439.0,Eiler-Martin Stadium,2188,East Stroudsburg,ii,Pennsylvania State Athletic,38.0,"[14, 7, 10, 7]",,,,210,Millersville,ii,Pennsylvania State Athletic,17.0,"[0, 7, 3, 7]",,,,,,,
401524026,2023,6,regular,2023-10-07T22:30:00.000Z,False,True,False,True,54086.0,3947.0,Mountain America Stadium,9,Arizona State,fbs,Pac-12,24.0,"[7, 10, 0, 7]",0.30835327136265317,1405.0,1393.0,38,Colorado,fbs,Pac-12,27.0,"[7, 7, 0, 13]",0.6916467286373469,1281.0,1293.0,8.042389863,,,
401549716,2023,6,regular,2023-10-07T22:30:00.000Z,False,True,False,True,,5806.0,Whittier Field,340,Bowdoin,iii,NESCAC,10.0,"[3, 7, 0, 0]",,,,112,Tufts,iii,NESCAC,24.0,"[3, 14, 7, 0]",,,,,,,
401540722,2023,6,regular,2023-10-07T22:30:00.000Z,False,True,False,True,,6073.0,Milam Stadium,2927,Southwestern Oklahoma State,ii,Great American,7.0,"[7, 0, 0, 0]",,,,2033,Arkansas Tech,ii,Great American,9.0,"[0, 0, 0, 9]",,,,,,,
401540732,2023,6,regular,2023-10-07T23:00:00.000Z,False,True,False,False,,3609.0,Allgood-Bailey Stadium,2402,Missouri S&T,ii,Great Lakes,31.0,"[7, 0, 10, 14]",,,,389,Upper Iowa,ii,Northern Sun,6.0,"[0, 6, 0, 0]",,,,,,,
401540261,2023,6,regular,2023-10-07T23:00:00.000Z,False,True,False,True,,3602.0,Aggie Stadium,302,UC Davis,fcs,Big Sky,23.0,"[7, 13, 0, 3]",0.02734760381281376,,,149,Montana,fcs,Big Sky,31.0,"[7, 14, 7, 3]",0.9726523961871862,,,6.260121555358269,,,
401531885,2023,6,regular,2023-10-07T23:00:00.000Z,False,True,False,True,12099.0,3817.0,Malone Stadium,2433,UL Monroe,fbs,Sun Belt,7.0,"[0, 7, 0, 0]",0.005469107069075108,1189.0,1087.0,6,South Alabama,fbs,Sun Belt,55.0,"[14, 17, 14, 10]",0.9945308929309249,1511.0,1613.0,3.309444773792867,,,
401531886,2023,6,regular,2023-10-07T23:00:00.000Z,False,True,False,True,23011.0,3815.0,M. M. Roberts Stadium,2572,Southern Miss,fbs,Sun Belt,13.0,"[10, 0, 3, 0]",0.8407377004623413,1215.0,1218.0,295,Old Dominion,fbs,Sun Belt,17.0,"[0, 7, 3, 7]",0.1592622995376587,1369.0,1366.0,4.763095152461752,,,
401540208,2023,6,regular,2023-10-07T23:00:00.000Z,False,True,False,True,,3827.0,"Memorial Stadium (Stephenville, TX)",2627,Tarleton State,fcs,UAC,26.0,"[7, 13, 0, 6]",0.5591673254966736,,,253,Southern Utah,fcs,UAC,27.0,"[0, 0, 14, 13]",0.4408326745033264,,,3.8046055263979004,,,
401547216,2023,6,regular,2023-10-07T23:00:00.000Z,False,True,False,True,,980.0,Benedetti-Wehrli Stadium,3071,North Central College,iii,CCIW,69.0,"[21, 28, 13, 7]",,,,32,Carroll (WI),iii,CCIW,24.0,"[14, 3, 0, 7]",,,,,,,
401541805,2023,6,regular,2023-10-07T23:00:00.000Z,False,True,False,True,,3770.0,Jack Miller Stadium,308,Ashland,ii,Great Midwest Athletic,21.0,"[7, 6, 0, 8]",,,,2682,Walsh,ii,Great Midwest Athletic,7.0,"[0, 0, 7, 0]",,,,,,,
401520300,2023,6,regular,2023-10-07T23:00:00.000Z,False,True,False,True,92746.0,3917.0,Sanford Stadium,61,Georgia,fbs,SEC,51.0,"[14, 20, 10, 7]",0.9830808639526367,2037.0,2103.0,96,Kentucky,fbs,SEC,13.0,"[0, 7, 6, 0]",0.01691913604736328,1711.0,1645.0,1.8737033893454944,,,
401540301,2023,6,regular,2023-10-07T23:00:00.000Z,False,True,False,True,,3829.0,Memorial Stadium,282,Indiana State,fcs,MVFC,20.0,"[3, 7, 7, 3]",0.19527655839920044,,,2460,Northern Iowa,fcs,MVFC,27.0,"[0, 14, 10, 3]",0.8047234416007996,,,5.784340455489451,,,
401540151,2023,6,regular,2023-10-07T23:00:00.000Z,False,True,False,True,,3599.0,Ace W. Mumford Stadium,2582,Southern,fcs,SWAC,19.0,"[6, 6, 0, 7]",0.4251563251018524,,,50,Florida A&M,fcs,SWAC,26.0,"[0, 16, 0, 10]",0.5748436748981476,,,5.690523032747595,,,
401550319,2023,6,regular,2023-10-07T23:00:00.000Z,False,True,False,True,,6116.0,Shentel Stadium,2828,Shenandoah,iii,Old Dominion,10.0,"[0, 3, 7, 0]",,,,2079,Bridgewater,iii,Old Dominion,24.0,"[0, 14, 0, 10]",,,,,,,
401550049,2023,6,regular,2023-10-07T23:00:00.000Z,False,True,False,True,,5839.0,Langhorst Field,72,Elmhurst,iii,CCIW,6.0,"[0, 6, 0, 0]",,,,396,Wheaton (IL),iii,CCIW,61.0,"[27, 21, 13, 0]",,,,,,,
401540165,2023,6,regular,2023-10-07T23:00:00.000Z,False,True,False,True,,5238.0,Panther Stadium,2504,Prairie View A&M,fcs,SWAC,31.0,"[3, 14, 7, 7]",0.9883015155792236,,,2400,Mississippi Valley State,fcs,SWAC,12.0,"[3, 0, 3, 6]",0.011698484420776367,,,3.224127808545043,,,
401540103,2023,6,regular,2023-10-07T23:00:00.000Z,False,True,False,True,,3744.0,Hancock Stadium,2287,Illinois State,fcs,MVFC,21.0,"[0, 14, 7, 0]",0.019175736233592033,,,2571,South Dakota State,fcs,MVFC,40.0,"[20, 14, 0, 6]",0.980824263766408,,,3.188013137038378,,,
401544130,2023,6,regular,2023-10-07T23:00:00.000Z,False,True,False,True,,5814.0,Gesling Stadium,2102,Carnegie Mellon,iii,Presidents',80.0,"[20, 17, 33, 10]",,,,2644,Thiel,iii,Presidents',22.0,"[0, 15, 0, 7]",,,,,,,
401541830,2023,6,regular,2023-10-07T23:00:00.000Z,False,True,False,False,,5263.0,Steele Stadium,2316,Kentucky Wesleyan,ii,Great Midwest Athletic,28.0,"[7, 14, 7, 0]",,,,2646,Thomas More,,,36.0,"[0, 16, 10, 10]",,,,,,,
401547178,2023,6,regular,2023-10-07T23:00:00.000Z,False,True,False,True,,5996.0,Wilford Moore Stadium,241,McMurry,iii,American Southwest,16.0,"[0, 7, 6, 0, 3]",,,,2810,Hardin Simmons,iii,American Southwest,19.0,"[6, 7, 0, 0, 6]",,,,,,,
401540749,2023,6,regular,2023-10-07T23:00:00.000Z,False,True,False,False,,3811.0,Lubbers Stadium,125,Grand Valley State,ii,GLIAC,65.0,"[21, 23, 7, 14]",,,,2310,Kentucky State,ii,SIAC,7.0,"[0, 7, 0, 0]",,,,,,,
401520308,2023,6,regular,2023-10-07T23:30:00.000Z,False,True,False,True,65748.0,3974.0,Vaught-Hemingway Stadium,145,Ole Miss,fbs,SEC,27.0,"[10, 7, 0, 10]",0.9921488165855408,1679.0,1685.0,8,Arkansas,fbs,SEC,20.0,"[7, 0, 6, 7]",0.007851183414459229,1610.0,1604.0,5.736668111924412,,,
401520303,2023,6,regular,2023-10-07T23:30:00.000Z,False,True,False,True,52179.0,3953.0,Huntington Bank Stadium,135,Minnesota,fbs,Big Ten,10.0,"[3, 7, 0, 0]",0.00038818725686502444,1649.0,1571.0,130,Michigan,fbs,Big Ten,52.0,"[10, 14, 21, 7]",0.9996118127431349,2004.0,2082.0,2.6349960001,,,
401525439,2023,6,regular,2023-10-07T23:37:00.000Z,False,True,False,False,59081.0,3873.0,L&N Federal Credit Union Stadium,97,Louisville,fbs,ACC,33.0,"[7, 0, 10, 16]",1.0,1677.0,1718.0,87,Notre Dame,fbs,FBS Independents,20.0,"[0, 7, 6, 7]",0.0,1856.0,1815.0,5.006854257990034,,,
401532592,2023,6,regular,2023-10-08T00:00:00.000Z,False,True,False,True,37491.0,3653.0,Albertsons Stadium,68,Boise State,fbs,Mountain West,35.0,"[0, 14, 7, 14]",0.8191461563110352,1541.0,1541.0,23,San José State,fbs,Mountain West,27.0,"[14, 13, 0, 0]",0.18085384368896484,1348.0,1348.0,4.566747407952392,,,
401550164,2023,6,regular,2023-10-08T00:00:00.000Z,False,True,False,True,,5928.0,Macalester Stadium,2359,Macalester,iii,Minnesota,14.0,"[0, 0, 8, 6]",,,,2802,Bethel (MN),iii,Minnesota,49.0,"[14, 14, 7, 14]",,,,,,,
401540229,2023,6,regular,2023-10-08T00:00:00.000Z,False,True,False,True,,1027.0,Alex G. Spanos Stadium,13,Cal Poly,fcs,Big Sky,14.0,"[0, 7, 0, 7]",0.011872710660099983,,,70,Idaho,fcs,Big Sky,42.0,"[7, 21, 7, 7]",0.9881272893399,,,2.7778768658179183,,,
401532590,2023,6,regular,2023-10-08T00:00:00.000Z,False,True,False,True,22864.0,3905.0,Maverik Stadium,328,Utah State,fbs,Mountain West,44.0,"[3, 14, 14, 13]",1.0,1376.0,1415.0,36,Colorado State,fbs,Mountain West,24.0,"[17, 0, 0, 7]",0.0,1299.0,1260.0,5.422043305674423,,,
401540984,2023,6,regular,2023-10-08T00:00:00.000Z,False,True,False,True,,6049.0,"Memorial Stadium (Wichita Falls, TX)",2395,Midwestern State,ii,Lone Star,13.0,"[3, 0, 7, 3]",,,,110243,UT Permian Basin,ii,Lone Star,21.0,"[14, 0, 0, 7]",,,,,,,
401525859,2023,6,regular,2023-10-08T00:00:00.000Z,False,True,False,True,60535.0,3772.0,Jack Trice Stadium,66,Iowa State,fbs,Big 12,27.0,"[7, 3, 14, 3]",0.9404110908508301,1499.0,1540.0,2628,TCU,fbs,Big 12,14.0,"[0, 7, 0, 7]",0.05958890914916992,1673.0,1632.0,4.107447691886094,,,
401525519,2023,6,regular,2023-10-08T00:00:00.000Z,False,True,False,True,58045.0,3948.0,Hard Rock Stadium,2390,Miami,fbs,ACC,20.0,"[0, 3, 7, 10]",0.3147236704826355,1584.0,1564.0,59,Georgia Tech,fbs,ACC,23.0,"[0, 0, 14, 9]",0.6852763295173645,1349.0,1369.0,6.870599135438727,,,
401532591,2023,6,regular,2023-10-08T00:00:00.000Z,False,True,False,True,20788.0,3984.0,War Memorial Stadium,2751,Wyoming,fbs,Mountain West,24.0,"[3, 21, 0, 0]",0.8327698111534119,1401.0,1423.0,278,Fresno State,fbs,Mountain West,19.0,"[0, 7, 3, 9]",0.16723018884658813,1777.0,1755.0,3.7264497761658357,,,
401541901,2023,6,regular,2023-10-08T00:00:00.000Z,False,True,False,True,,6076.0,Javelina Stadium,2658,Texas A&M-Kingsville,ii,Lone Star,28.0,"[7, 7, 7, 7]",,,,2704,West Texas,ii,Lone Star,21.0,"[0, 7, 7, 7]",,,,,,,
401525858,2023,6,regular,2023-10-08T00:00:00.000Z,False,True,False,True,44620.0,4727.0,McLane Stadium,239,Baylor,fbs,Big 12,14.0,"[0, 3, 0, 11]",0.008119341917335987,1514.0,1459.0,2641,Texas Tech,fbs,Big 12,39.0,"[7, 10, 7, 15]",0.991880658082664,1613.0,1668.0,3.350486459826747,,,
401547068,2023,6,regular,2023-10-08T00:00:00.000Z,False,True,True,True,,3803.0,Legion Field,2657,Tuskegee,ii,SIAC,40.0,"[3, 3, 27, 7]",,,,60,Morehouse,ii,SIAC,28.0,"[3, 3, 7, 15]",,,,,,,
401540274,2023,6,regular,2023-10-08T00:00:00.000Z,False,True,False,True,,3942.0,Stewart Stadium,2692,Weber State,fcs,Big Sky,10.0,"[7, 3, 0, 0]",0.025630775839090347,,,2464,Northern Arizona,fcs,Big Sky,27.0,"[0, 20, 0, 7]",0.9743692241609097,,,3.3540787857583005,,,
401540392,2023,6,regular,2023-10-08T00:00:00.000Z,False,True,False,True,,4762.0,Memorial Stadium (Commerce TX),2837,East Texas A&M,fcs,Southland,41.0,"[0, 14, 27, 0]",0.9967598915100098,,,2377,McNeese,fcs,Southland,10.0,"[3, 0, 0, 7]",0.0032401084899902344,,,3.4779736137083077,,,
401541925,2023,6,regular,2023-10-08T01:00:00.000Z,False,True,False,True,,5879.0,Tomlinson Stadium,2120,Central Washington,ii,Lone Star,38.0,"[14, 10, 7, 7]",,,,2201,Eastern New Mexico,ii,Lone Star,35.0,"[7, 14, 7, 7]",,,,,,,
401540223,2023,6,regular,2023-10-08T01:00:00.000Z,False,True,False,True,,3745.0,Greater Zion Stadium,3101,Utah Tech,fcs,UAC,37.0,"[7, 10, 0, 20]",0.806427538394928,,,2617,Stephen F. Austin,fcs,UAC,31.0,"[0, 14, 7, 10]",0.19357246160507202,,,7.8384671583083865,,,
401553867,2023,6,regular,2023-10-08T02:00:00.000Z,False,True,False,True,,5811.0,William Rolland Stadium,2094,Cal Lutheran,iii,So. Cal.,55.0,"[14, 21, 6, 14]",,,,2318,La Verne,iii,So. Cal.,0.0,"[0, 0, 0, 0]",,,,,,,
401524027,2023,6,regular,2023-10-08T02:00:00.000Z,False,True,False,True,34930.0,3831.0,California Memorial Stadium,25,California,fbs,Pac-12,40.0,"[0, 17, 15, 8]",0.08965382725000381,1518.0,1514.0,204,Oregon State,fbs,Pac-12,52.0,"[7, 14, 14, 17]",0.9103461727499962,1770.0,1774.0,6.779777148974061,,,
401550331,2023,6,regular,2023-10-08T02:00:00.000Z,False,True,False,True,,5819.0,Ernie Chapman Stadium,411,Chapman,iii,So. Cal.,20.0,"[10, 10, 0, 0]",,,,17,Claremont Mudd Scripps,iii,So. Cal.,7.0,"[0, 0, 7, 0]",,,,,,,
401544148,2023,6,regular,2023-10-08T02:00:00.000Z,False,True,False,True,,6106.0,Ted Runner Stadium,29,Redlands,iii,So. Cal.,9.0,"[0, 0, 7, 2]",,,,2923,Pomona Pitzer,iii,So. Cal.,10.0,"[3, 7, 0, 0]",,,,,,,
401524025,2023,6,regular,2023-10-08T02:30:00.000Z,False,True,False,True,62916.0,477.0,Los Angeles Memorial Coliseum,30,USC,fbs,Pac-12,43.0,"[0, 14, 7, 7, 7, 6, 2]",0.4631953835487366,1850.0,1845.0,12,Arizona,fbs,Pac-12,41.0,"[10, 7, 3, 8, 7, 6, 0]",0.5368046164512634,1466.0,1471.0,9.078427873212048,,,
401520313,2023,7,regular,2023-10-10T23:00:00.000Z,False,True,False,True,9602.0,3725.0,"Johnny ""Red"" Floyd Stadium",2393,Middle Tennessee,fbs,Conference USA,31.0,"[10, 7, 7, 7]",0.9571231007575989,1275.0,1285.0,2348,Louisiana Tech,fbs,Conference USA,23.0,"[6, 3, 7, 7]",0.04287689924240112,1251.0,1241.0,3.8771275335637023,,,
401520312,2023,7,regular,2023-10-10T23:30:00.000Z,False,True,False,True,21745.0,3662.0,AmFirst Stadium,55,Jacksonville State,fbs,Conference USA,13.0,"[7, 3, 3, 0]",0.1292966902256012,1524.0,1485.0,2335,Liberty,fbs,Conference USA,31.0,"[0, 10, 7, 14]",0.8707033097743988,1572.0,1611.0,4.863100754192201,,,
401531888,2023,7,regular,2023-10-10T23:30:00.000Z,False,True,False,True,34252.0,3792.0,Kidd Brewer Stadium,2026,App State,fbs,Sun Belt,24.0,"[0, 10, 7, 7]",0.18845617771148682,1558.0,1543.0,324,Coastal Carolina,fbs,Sun Belt,27.0,"[14, 3, 7, 3]",0.8115438222885132,1396.0,1411.0,5.807297511875181,,,
401520314,2023,7,regular,2023-10-11T23:30:00.000Z,False,True,False,True,14872.0,218.0,FIU Stadium,2229,Florida International,fbs,Conference USA,14.0,"[0, 7, 7, 0]",0.0035588773898780346,1063.0,1045.0,2638,UTEP,fbs,Conference USA,27.0,"[21, 3, 0, 3]",0.996441122610122,1178.0,1196.0,3.6004687971826272,,,
401520315,2023,7,regular,2023-10-12T01:00:00.000Z,False,True,False,True,12812.0,3601.0,Aggie Memorial Stadium,166,New Mexico State,fbs,Conference USA,27.0,"[14, 13, 0, 0]",0.9861035346984863,1282.0,1320.0,2534,Sam Houston,fbs,Conference USA,13.0,"[0, 0, 6, 7]",0.013896465301513672,1393.0,1355.0,2.1038656522345605,,,
401540036,2023,7,regular,2023-10-12T23:00:00.000Z,False,True,False,True,,3694.0,DeGol Field,2598,Saint Francis,fcs,NEC,31.0,"[7, 7, 3, 14]",0.9991328716278076,,,2681,Wagner,fcs,NEC,7.0,"[0, 7, 0, 0]",0.0008671283721923828,,,3.3145704480109064,,,
401525862,2023,7,regular,2023-10-12T23:00:00.000Z,False,True,False,True,32152.0,4728.0,TDECU Stadium,248,Houston,fbs,Big 12,41.0,"[7, 7, 7, 20]",0.38709837198257446,1543.0,1543.0,277,West Virginia,fbs,Big 12,39.0,"[10, 0, 7, 22]",0.6129016280174255,1492.0,1492.0,8.637620789657314,,,
401550125,2023,7,regular,2023-10-12T23:00:00.000Z,False,True,False,True,,5940.0,Clean Harbors Stadium,110,Mass Maritime,iii,MSCAC,22.0,"[0, 7, 7, 8]",,,,402,Worcester State,iii,MSCAC,19.0,"[3, 9, 7, 0]",,,,,,,
401547049,2023,7,regular,2023-10-12T23:30:00.000Z,False,True,False,True,,5875.0,Charlie W. Johnson Stadium,490,Benedict,ii,SIAC,48.0,"[10, 17, 14, 7]",,,,2232,Fort Valley State,ii,SIAC,6.0,"[3, 3, 0, 0]",,,,,,,
401531415,2023,7,regular,2023-10-12T23:30:00.000Z,False,True,False,True,33444.0,3699.0,Dowdy-Ficklen Stadium,151,East Carolina,fbs,American Athletic,10.0,"[0, 10, 0, 0]",0.2817571759223938,1398.0,1357.0,2567,SMU,fbs,American Athletic,31.0,"[14, 0, 0, 17]",0.7182428240776062,1511.0,1552.0,5.532196110765795,,,
401531371,2023,7,regular,2023-10-13T23:00:00.000Z,False,True,False,True,35609.0,3805.0,Simmons Bank Liberty Stadium,235,Memphis,fbs,American Athletic,21.0,"[0, 14, 7, 0]",0.10571013391017914,1559.0,1545.0,2655,Tulane,fbs,American Athletic,31.0,"[7, 3, 7, 14]",0.8942898660898209,1636.0,1650.0,5.765526681014673,,,
401532594,2023,7,regular,2023-10-14T00:00:00.000Z,False,True,False,True,17220.0,3905.0,Maverik Stadium,328,Utah State,fbs,Mountain West,32.0,"[7, 7, 3, 15]",0.6022870540618896,1415.0,1429.0,278,Fresno State,fbs,Mountain West,37.0,"[7, 7, 14, 9]",0.39771294593811035,1755.0,1741.0,7.726538605231231,,,
401524029,2023,7,regular,2023-10-14T02:00:00.000Z,False,True,False,True,53154.0,3726.0,Folsom Field,38,Colorado,fbs,Pac-12,43.0,"[14, 15, 0, 7, 7, 0]",0.6896331906318665,1293.0,1285.0,24,Stanford,fbs,Pac-12,46.0,"[0, 0, 19, 17, 7, 3]",0.31036680936813354,1237.0,1245.0,8.554686835735188,,,
401541836,2023,7,regular,2023-10-14T16:00:00.000Z,False,True,False,True,,3718.0,Tom Benson Hall of Fame Stadium,2682,Walsh,ii,Great Midwest Athletic,10.0,"[7, 3, 0, 0]",,,,2477,Ohio Dominican,ii,Great Midwest Athletic,12.0,"[0, 0, 6, 6]",,,,,,,
401544065,2023,7,regular,2023-10-14T16:00:00.000Z,False,True,False,True,,5842.0,Robert T. Shields Field,2221,FDU Florham,iii,Mid Atlantic,0.0,"[0, 0, 0, 0]",,,,2808,Delaware Valley,iii,Mid Atlantic,20.0,"[13, 7, 0, 0]",,,,,,,
401540061,2023,7,regular,2023-10-14T16:00:00.000Z,False,True,False,True,,3741.0,Goodman Stadium,2329,Lehigh,fcs,Patriot,7.0,"[0, 0, 7, 0]",0.12975184619426727,,,46,Georgetown,fcs,Patriot,17.0,"[7, 0, 3, 7]",0.8702481538057327,,,5.1139066297634095,,,
401552481,2023,7,regular,2023-10-14T16:00:00.000Z,False,True,False,True,,3819.0,Bowditch Field,2967,Framingham State,iii,MSCAC,34.0,"[0, 13, 0, 21]",,,,2843,Western Connecticut State,iii,MSCAC,56.0,"[7, 14, 7, 28]",,,,,,,
401540031,2023,7,regular,2023-10-14T16:00:00.000Z,False,True,False,False,,3997.0,Yale Bowl,43,Yale,fcs,Ivy,31.0,"[7, 14, 0, 10]",0.9042529463768005,,,2529,Sacred Heart,fcs,NEC,3.0,"[0, 0, 3, 0]",0.09574705362319946,,,2.6425644094091028,,,
401541816,2023,7,regular,2023-10-14T16:00:00.000Z,False,True,False,False,,3698.0,Donnell Stadium,2224,Findlay,ii,Great Midwest Athletic,38.0,"[7, 14, 7, 10]",,,,2646,Thomas More,,,10.0,"[3, 7, 0, 0]",,,,,,,
401520321,2023,7,regular,2023-10-14T16:00:00.000Z,False,True,False,True,110264.0,3558.0,Michigan Stadium,130,Michigan,fbs,Big Ten,52.0,"[0, 21, 17, 14]",0.9902434945106506,2082.0,2123.0,84,Indiana,fbs,Big Ten,7.0,"[7, 0, 0, 0]",0.009756505489349365,1360.0,1319.0,2.8721755661931594,,,
401540006,2023,7,regular,2023-10-14T16:00:00.000Z,False,True,False,True,,3623.0,Arthur J. Rooney Athletic Field,2184,Duquesne,fcs,NEC,44.0,"[20, 7, 14, 3]",0.986328661441803,,,2115,Central Connecticut,fcs,NEC,20.0,"[3, 7, 3, 7]",0.013671338558197021,,,2.2395276721313713,,,
401551518,2023,7,regular,2023-10-14T16:00:00.000Z,False,True,False,True,,3709.0,Hempstead Stadium,452,Endicott,iii,Commonwealth Coast,24.0,"[7, 3, 7, 7]",,,,2702,Western New England,iii,Commonwealth Coast,21.0,"[7, 7, 0, 7]",,,,,,,
401545878,2023,7,regular,2023-10-14T16:00:00.000Z,False,True,False,True,,4432.0,Andre Reed Stadium,2315,Kutztown,ii,Pennsylvania State Athletic,9.0,"[0, 3, 0, 0, 6]",,,,2559,Shippensburg,ii,Pennsylvania State Athletic,6.0,"[0, 0, 3, 0, 3]",,,,,,,
401549634,2023,7,regular,2023-10-14T16:00:00.000Z,False,True,False,True,,5851.0,Shirk Field at Musselman Stadium,2248,Gettysburg,iii,Centennial,13.0,"[0, 6, 0, 7]",,,,2422,Muhlenberg,iii,Centennial,41.0,"[13, 21, 0, 7]",,,,,,,
401551921,2023,7,regular,2023-10-14T16:00:00.000Z,False,True,False,True,,3877.0,Pioneer Stadium,3162,Alfred State,iii,ECFC,46.0,"[7, 13, 20, 6]",,,,15,Anna Maria College,iii,ECFC,20.0,"[7, 0, 7, 6]",,,,,,,
401545972,2023,7,regular,2023-10-14T16:00:00.000Z,False,True,False,True,,4427.0,John A. Farrell Stadium,223,West Chester,ii,Pennsylvania State Athletic,14.0,"[7, 0, 7, 0]",,,,2188,East Stroudsburg,ii,Pennsylvania State Athletic,28.0,"[7, 14, 0, 7]",,,,,,,
401540524,2023,7,regular,2023-10-14T16:00:00.000Z,False,True,False,True,,36.0,Leonidoff Field,2368,Marist,fcs,Pioneer,30.0,"[0, 21, 7, 2]",0.8291029334068298,,,301,San Diego,fcs,Pioneer,16.0,"[0, 7, 3, 6]",0.17089706659317017,,,4.710520726757896,,,
401541059,2023,7,regular,2023-10-14T16:00:00.000Z,False,True,False,True,,3675.0,Charles A. Gaetano Stadium,390,Utica,iii,Empire 8,24.0,"[0, 7, 7, 10]",,,,3110,SUNY Morrisville,iii,Empire 8,6.0,"[0, 6, 0, 0]",,,,,,,
401545762,2023,7,regular,2023-10-14T16:00:00.000Z,False,True,False,True,,5121.0,University of Charleston Stadium,2128,Charleston (WV),ii,Mountain East,52.0,"[14, 7, 10, 21]",,,,587,Notre Dame College,ii,Mountain East,27.0,"[7, 10, 10, 0]",,,,,,,
401540996,2023,7,regular,2023-10-14T16:00:00.000Z,False,True,False,True,,6060.0,Grace P. Johnson Stadium,2882,UNC Pembroke,ii,Mountain East,49.0,"[14, 14, 21, 0]",,,,2986,Fairmont State,ii,Mountain East,7.0,"[0, 7, 0, 0]",,,,,,,
401541859,2023,7,regular,2023-10-14T16:00:00.000Z,False,True,False,False,,4015.0,Barron Stadium,2560,Shorter,ii,Gulf South,19.0,"[0, 0, 10, 3, 6]",,,,2805,Clark Atlanta,ii,SIAC,13.0,"[0, 10, 0, 3, 0]",,,,,,,
401545871,2023,7,regular,2023-10-14T16:00:00.000Z,False,True,False,True,,4437.0,"Memorial Stadium (Clarion, PA)",2134,Clarion,ii,Pennsylvania State Athletic,35.0,"[7, 21, 0, 7]",,,,2385,Mercyhurst,ii,Pennsylvania State Athletic,36.0,"[0, 14, 14, 8]",,,,,,,
401552476,2023,7,regular,2023-10-14T16:00:00.000Z,False,True,False,True,,3690.0,Charles L. Currier Memorial Field,2972,Plymouth State,iii,MSCAC,40.0,"[6, 13, 14, 7]",,,,114,Fitchburg State,iii,MSCAC,21.0,"[7, 0, 7, 7]",,,,,,,
401531890,2023,7,regular,2023-10-14T16:00:00.000Z,False,True,False,True,25097.0,3651.0,Bridgeforth Stadium,256,James Madison,fbs,Sun Belt,41.0,"[14, 6, 21, 0]",0.9857033491134644,1598.0,1662.0,290,Georgia Southern,fbs,Sun Belt,13.0,"[0, 6, 0, 7]",0.014296650886535645,1522.0,1458.0,2.2984936985837336,,,
401540293,2023,7,regular,2023-10-14T16:00:00.000Z,False,True,False,True,,3656.0,Brown Stadium,225,Brown,fcs,Ivy,28.0,"[7, 0, 0, 14, 7]",0.34401100873947144,,,163,Princeton,fcs,Ivy,27.0,"[7, 7, 7, 0, 6]",0.6559889912605286,,,9.164210852220027,,,
401525863,2023,7,regular,2023-10-14T16:00:00.000Z,False,True,False,True,38193.0,3854.0,Nippert Stadium,2132,Cincinnati,fbs,Big 12,10.0,"[7, 0, 3, 0]",0.0,1577.0,1522.0,66,Iowa State,fbs,Big 12,30.0,"[3, 14, 6, 7]",1.0,1540.0,1595.0,3.6554649578272302,,,
401520324,2023,7,regular,2023-10-14T16:00:00.000Z,False,True,False,True,52879.0,6577.0,SHI Stadium,164,Rutgers,fbs,Big Ten,27.0,"[3, 3, 0, 21]",0.8582224249839783,1435.0,1436.0,127,Michigan State,fbs,Big Ten,24.0,"[7, 10, 7, 0]",0.14177757501602173,1463.0,1462.0,5.323350439799666,,,
401520323,2023,7,regular,2023-10-14T16:00:00.000Z,False,True,False,True,57319.0,3907.0,Ross-Ade Stadium,2509,Purdue,fbs,Big Ten,7.0,"[0, 0, 0, 7]",0.0,1515.0,1482.0,194,Ohio State,fbs,Big Ten,41.0,"[13, 7, 14, 7]",1.0,2040.0,2073.0,2.9590312515287254,,,
401520316,2023,7,regular,2023-10-14T16:00:00.000Z,False,True,False,True,100077.0,3657.0,Bryant-Denny Stadium,333,Alabama,fbs,SEC,24.0,"[7, 14, 3, 0]",0.9433117531744127,1969.0,1966.0,8,Arkansas,fbs,SEC,21.0,"[6, 0, 7, 8]",0.05668824682558726,1604.0,1607.0,6.0834716855,,,
401525524,2023,7,regular,2023-10-14T16:00:00.000Z,False,True,False,True,79560.0,3697.0,Doak Campbell Stadium,52,Florida State,fbs,ACC,41.0,"[7, 10, 7, 17]",0.9414401650428772,1880.0,1941.0,183,Syracuse,fbs,ACC,3.0,"[0, 3, 0, 0]",0.0585598349571228,1512.0,1451.0,2.5190186168158615,,,
401531390,2023,7,regular,2023-10-14T16:00:00.000Z,False,True,False,True,13678.0,3825.0,DATCU Stadium,249,North Texas,fbs,American Athletic,45.0,"[14, 10, 7, 14]",0.9854303002357483,1327.0,1384.0,218,Temple,fbs,American Athletic,14.0,"[7, 7, 0, 0]",0.014569699764251709,1106.0,1049.0,3.5753481065243786,,,
401541018,2023,7,regular,2023-10-14T16:00:00.000Z,False,True,False,True,,4441.0,McConnell Family Stadium,367,Gannon,ii,Pennsylvania State Athletic,24.0,"[14, 7, 3, 0]",,,,215,Slippery Rock,ii,Pennsylvania State Athletic,49.0,"[7, 14, 7, 21]",,,,,,,
401550113,2023,7,regular,2023-10-14T16:00:00.000Z,False,True,False,True,,3621.0,Arnold Field (PA),388,Lebanon Valley,iii,Mid Atlantic,21.0,"[0, 7, 14, 0]",,,,247,King's,iii,Mid Atlantic,35.0,"[6, 13, 8, 8]",,,,,,,
401550064,2023,7,regular,2023-10-14T16:00:00.000Z,False,True,False,True,,5638.0,Dave Wolk Stadium,293,Vermont State Castleton,iii,ECFC,23.0,"[10, 3, 3, 7]",,,,417,Gallaudet,iii,ECFC,24.0,"[0, 0, 3, 21]",,,,,,,
401520327,2023,7,regular,2023-10-14T16:00:00.000Z,False,True,False,True,28500.0,3973.0,FirstBank Stadium,238,Vanderbilt,fbs,SEC,20.0,"[7, 0, 0, 13]",0.3490524888038635,1259.0,1292.0,61,Georgia,fbs,SEC,37.0,"[7, 17, 3, 10]",0.6509475111961365,2103.0,2070.0,3.252757605678285,,,
401551932,2023,7,regular,2023-10-14T16:00:00.000Z,False,True,False,False,,3920.0,Schmidt Stadium,398,Wilkes,iii,Landmark Conference,42.0,"[7, 20, 15, 0]",,,,122774,Keystone,iii,Landmark Conference,7.0,"[0, 7, 0, 0]",,,,,,,
401549735,2023,7,regular,2023-10-14T16:00:00.000Z,False,True,False,True,,5997.0,Brooks Stadium (NY),2383,Merchant Marine,iii,NEWMAC,28.0,"[7, 14, 7, 0]",,,,109,MIT,iii,NEWMAC,14.0,"[7, 0, 0, 7]",,,,,,,
401532422,2023,7,regular,2023-10-14T16:00:00.000Z,False,True,False,True,18443.0,3912.0,Rynearson Stadium,2199,Eastern Michigan,fbs,Mid-American,28.0,"[7, 7, 7, 7]",0.7606979012489319,1373.0,1381.0,2309,Kent State,fbs,Mid-American,14.0,"[0, 0, 7, 7]",0.23930209875106812,1129.0,1121.0,3.1549905954990782,,,
401547074,2023,7,regular,2023-10-14T17:00:00.000Z,False,True,False,True,,4749.0,McPherson Memorial Stadium,2119,Central State,ii,SIAC,21.0,"[7, 0, 0, 14]",,,,2542,Savannah State,ii,SIAC,10.0,"[3, 0, 0, 7]",,,,,,,
401540570,2023,7,regular,2023-10-14T17:00:00.000Z,False,True,False,True,,3824.0,Meade Stadium,227,Rhode Island,fcs,Coastal Athletic,17.0,"[7, 3, 0, 7]",,,,257,Richmond,fcs,Coastal Athletic,24.0,"[7, 7, 0, 10]",,,,,,,
401540515,2023,7,regular,2023-10-14T17:00:00.000Z,False,True,False,True,,3701.0,Drake Stadium,2181,Drake,fcs,Pioneer,52.0,"[7, 17, 21, 7]",0.9961234331130981,,,2900,St. Thomas (MN),fcs,Pioneer,21.0,"[7, 14, 0, 0]",0.0038765668869018555,,,4.576577107645912,,,
401540401,2023,7,regular,2023-10-14T17:00:00.000Z,False,True,False,True,,3664.0,Butler Bowl,2086,Butler,fcs,Pioneer,33.0,"[7, 7, 10, 9]",0.4257620871067047,,,2166,Davidson,fcs,Pioneer,35.0,"[7, 21, 7, 0]",0.5742379128932953,,,7.295091865635711,,,
401540051,2023,7,regular,2023-10-14T17:00:00.000Z,False,True,False,False,,3921.0,Schoellkopf Field,172,Cornell,fcs,Ivy,13.0,"[3, 3, 7, 0]",0.003169024595990777,,,2083,Bucknell,fcs,Patriot,21.0,"[0, 7, 7, 7]",0.9968309754040092,,,5.212181009265915,,,
401541806,2023,7,regular,2023-10-14T17:00:00.000Z,False,True,False,True,,3747.0,Hantz Stadium,2886,Northwood,ii,Great Midwest Athletic,3.0,"[3, 0, 0, 0]",,,,308,Ashland,ii,Great Midwest Athletic,35.0,"[7, 14, 7, 7]",,,,,,,
401545773,2023,7,regular,2023-10-14T17:00:00.000Z,False,False,False,True,,5785.0,Dickerson Stadium,2707,West Virginia State,ii,Mountain East,0.0,[],,,,2017,Alderson-Broaddus,ii,Mountain East,0.0,[],,,,,,,
401544131,2023,7,regular,2023-10-14T17:00:00.000Z,False,True,False,True,,6128.0,Alumni Stadium (PA),2644,Thiel,iii,Presidents',9.0,"[0, 3, 0, 6]",,,,2242,Geneva,iii,Presidents',20.0,"[0, 13, 7, 0]",,,,,,,
401553974,2023,7,regular,2023-10-14T17:00:00.000Z,False,True,True,False,,6210.0,Bruce R. Deaton Memorial Field,2615,Saint Xavier,,,10.0,"[0, 3, 0, 7]",,,,129,Saginaw Valley State,ii,GLIAC,32.0,"[2, 16, 0, 14]",,,,,,,
401550443,2023,7,regular,2023-10-14T17:00:00.000Z,False,True,False,True,,6082.0,Big Cat Stadium,2399,Minnesota Morris,iii,Upper Midwest,45.0,"[7, 17, 14, 7]",,,,433,Westminster (MO),iii,Upper Midwest,0.0,"[0, 0, 0, 0]",,,,,,,
401550228,2023,7,regular,2023-10-14T17:00:00.000Z,False,True,False,True,,6085.0,Sprague Field,2818,Montclair State,iii,New Jersey,12.0,"[0, 6, 0, 6]",,,,2532,Salisbury,iii,New Jersey,31.0,"[14, 10, 0, 7]",,,,,,,
401549806,2023,7,regular,2023-10-14T17:00:00.000Z,False,True,False,True,,5998.0,Monarch Stadium,291,Methodist,iii,USA South,20.0,"[0, 7, 7, 6]",,,,2913,Brevard,iii,USA South,52.0,"[7, 14, 21, 10]",,,,,,,
401545815,2023,7,regular,2023-10-14T17:00:00.000Z,False,True,False,True,,6035.0,"Memorial Stadium (Wayne, NE)",2844,Wayne State (NE),ii,Northern Sun,23.0,"[3, 3, 3, 14]",,,,132,Bemidji State,ii,Northern Sun,33.0,"[14, 0, 13, 6]",,,,,,,
401540655,2023,7,regular,2023-10-14T17:00:00.000Z,False,True,False,True,,6032.0,Hovey Field,2676,Virginia Union,ii,CIAA,52.0,"[14, 14, 21, 3]",,,,2075,Bowie State,ii,CIAA,3.0,"[0, 3, 0, 0]",,,,,,,
401544874,2023,7,regular,2023-10-14T17:00:00.000Z,False,True,False,True,,3808.0,Lincoln University Stadium,2339,Lincoln (PA),ii,CIAA,27.0,"[0, 21, 6, 0]",,,,2207,Elizabeth City State,ii,CIAA,21.0,"[14, 0, 7, 0]",,,,,,,
401552450,2023,7,regular,2023-10-14T17:00:00.000Z,False,True,False,False,,6136.0,Patterson Field,2667,Ursinus,iii,Centennial,39.0,"[16, 7, 0, 16]",,,,2970,William Paterson,iii,New Jersey,15.0,"[7, 0, 8, 0]",,,,,,,
401545767,2023,7,regular,2023-10-14T17:00:00.000Z,False,True,False,True,,5784.0,Cebe Ross Field,455,West Virginia Wesleyan,ii,Mountain East,7.0,"[0, 0, 0, 7]",,,,2699,West Liberty,ii,Mountain East,24.0,"[7, 14, 0, 3]",,,,,,,
401549576,2023,7,regular,2023-10-14T17:00:00.000Z,False,True,False,True,,5862.0,Butterfield Stadium,175,Ithaca,iii,Liberty League,17.0,"[7, 3, 0, 7]",,,,237,Union,iii,Liberty League,9.0,"[0, 3, 6, 0]",,,,,,,
401554820,2023,7,regular,2023-10-14T17:00:00.000Z,False,True,False,True,,4855.0,Leslie C. Quick Jr. Stadium,2725,Widener,iii,Mid Atlantic,31.0,"[14, 10, 7, 0]",,,,2969,Misericordia,iii,Mid Atlantic,27.0,"[0, 14, 0, 13]",,,,,,,
401552876,2023,7,regular,2023-10-14T17:00:00.000Z,False,True,False,True,,6131.0,Jessee/Miller Field,2977,Trinity (CT),iii,NESCAC,15.0,"[6, 3, 3, 3]",,,,2394,Middlebury,iii,NESCAC,20.0,"[0, 7, 0, 13]",,,,,,,
401541821,2023,7,regular,2023-10-14T17:00:00.000Z,False,True,False,True,,3729.0,"Frank ""Muddy"" Waters Stadium",2273,Hillsdale,ii,Great Midwest Athletic,44.0,"[3, 28, 7, 6]",,,,2316,Kentucky Wesleyan,ii,Great Midwest Athletic,14.0,"[0, 7, 0, 7]",,,,,,,
401551507,2023,7,regular,2023-10-14T17:00:00.000Z,False,True,False,True,,5840.0,Fred Selfe Stadium at Nicewonder Field,2213,Emory & Henry,ii,South Atlantic,14.0,"[7, 7, 0, 0]",,,,2369,Mars Hill,ii,South Atlantic,24.0,"[6, 11, 7, 0]",,,,,,,
401553856,2023,7,regular,2023-10-14T17:00:00.000Z,False,True,False,True,,5791.0,Turf Field,111674,Alvernia,iii,Mid Atlantic,6.0,"[0, 0, 6, 0]",,,,471,Stevenson,iii,Mid Atlantic,42.0,"[7, 21, 7, 7]",,,,,,,
401540601,2023,7,regular,2023-10-14T17:00:00.000Z,False,True,False,True,,3925.0,Seibert Stadium,2535,Samford,fcs,Southern,21.0,"[7, 0, 7, 7]",0.15125137567520142,,,231,Furman,fcs,Southern,27.0,"[0, 17, 7, 3]",0.8487486243247986,,,6.310862142238764,,,
401540619,2023,7,regular,2023-10-14T17:00:00.000Z,False,True,False,True,,3782.0,Johnson Hagood Stadium,2643,The Citadel,fcs,Southern,13.0,"[0, 10, 3, 0]",0.6194697022438049,,,2678,VMI,fcs,Southern,17.0,"[7, 3, 0, 7]",0.38053029775619507,,,6.115876060496221,,,
401534853,2023,7,regular,2023-10-14T17:00:00.000Z,False,True,False,False,,3750.0,Harvard Stadium,108,Harvard,fcs,Ivy,48.0,"[7, 21, 10, 10]",0.9937936067581177,,,47,Howard,fcs,MEAC,7.0,"[0, 0, 0, 7]",0.006206393241882324,,,2.4851958543730133,,,
401540418,2023,7,regular,2023-10-14T17:00:00.000Z,False,True,False,True,,5389.0,Kessler Stadium,2405,Monmouth,fcs,Coastal Athletic,61.0,"[21, 14, 19, 7]",0.9966910481452942,,,2261,Hampton,fcs,Coastal Athletic,10.0,"[3, 0, 7, 0]",0.0033089518547058105,,,2.2725299877603056,,,
401550376,2023,7,regular,2023-10-14T17:00:00.000Z,False,True,False,True,,5803.0,Bison Stadium,2062,Bethany (WV),iii,Presidents',7.0,"[0, 7, 0, 0]",,,,2102,Carnegie Mellon,iii,Presidents',41.0,"[14, 3, 7, 17]",,,,,,,
401540413,2023,7,regular,2023-10-14T17:00:00.000Z,False,True,False,True,,717.0,Villanova Stadium,222,Villanova,fcs,Coastal Athletic,21.0,"[14, 0, 7, 0]",0.8830769658088684,,,2210,Elon,fcs,Coastal Athletic,0.0,"[0, 0, 0, 0]",0.11692303419113159,,,2.2146724954488186,,,
401549619,2023,7,regular,2023-10-14T17:00:00.000Z,False,True,False,True,,6107.0,ECAV Stadium,2528,Rensselaer,iii,Liberty League,51.0,"[7, 13, 10, 21]",,,,2085,Buffalo State,iii,Liberty League,28.0,"[0, 7, 7, 14]",,,,,,,
401545786,2023,7,regular,2023-10-14T17:00:00.000Z,False,True,True,True,,6211.0,Sodexo Field,112334,Franklin Pierce,ii,Northeast 10,17.0,"[7, 3, 0, 7]",,,,2038,Assumption,ii,Northeast 10,21.0,"[7, 0, 7, 7]",,,,,,,
401547199,2023,7,regular,2023-10-14T17:00:00.000Z,False,True,False,True,,3995.0,Dr. John W. Winkin Sports Complex,2280,Husson,iii,Commonwealth Coast,28.0,"[0, 21, 7, 0]",,,,40,Curry,iii,Commonwealth Coast,7.0,"[0, 0, 0, 7]",,,,,,,
401547209,2023,7,regular,2023-10-14T17:00:00.000Z,False,True,False,True,,6135.0,Blue Storm Stadium,111675,New England,iii,Commonwealth Coast,62.0,"[14, 7, 27, 14]",,,,2884,Nichols,iii,Commonwealth Coast,26.0,"[14, 0, 12, 0]",,,,,,,
401544073,2023,7,regular,2023-10-14T17:00:00.000Z,False,True,False,True,,5904.0,Angell Field,126,Kalamazoo,iii,Michigan,45.0,"[17, 7, 0, 21]",,,,2003,Adrian,iii,Michigan,23.0,"[7, 0, 9, 7]",,,,,,,
401550869,2023,7,regular,2023-10-14T17:00:00.000Z,False,True,False,True,,5905.0,Kean Alumni Stadium,2871,Kean,iii,New Jersey,0.0,"[0, 0, 0, 0]",,,,2442,The College of New Jersey,iii,New Jersey,27.0,"[9, 8, 0, 10]",,,,,,,
401544120,2023,7,regular,2023-10-14T17:00:00.000Z,False,True,False,True,,6140.0,John F. Wiley Stadium,2845,Waynesburg,iii,Presidents',24.0,"[7, 3, 7, 7]",,,,2614,Saint Vincent,iii,Presidents',0.0,"[0, 0, 0, 0]",,,,,,,
401541125,2023,7,regular,2023-10-14T17:00:00.000Z,False,True,False,True,,3843.0,MLC Bowl,446,Martin Luther,iii,Upper Midwest,31.0,"[3, 14, 14, 0]",,,,2257,Greenville,iii,Upper Midwest,29.0,"[0, 6, 7, 16]",,,,,,,
401553029,2023,7,regular,2023-10-14T17:00:00.000Z,False,True,False,True,,3922.0,Kenneth R. Gill Stadium,2700,McDaniel,iii,Centennial,20.0,"[0, 7, 7, 6]",,,,2175,Dickinson,iii,Centennial,40.0,"[20, 0, 20, 0]",,,,,,,
401545832,2023,7,regular,2023-10-14T17:00:00.000Z,False,True,False,True,,6051.0,James S. Malosky Stadium,134,Minnesota Duluth,ii,Northern Sun,46.0,"[14, 18, 7, 7]",,,,559,University of Mary,ii,Northern Sun,0.0,"[0, 0, 0, 0]",,,,,,,
401553002,2023,7,regular,2023-10-14T17:00:00.000Z,False,True,False,True,,6202.0,Cardinal Stadium (DC),2108,Catholic,iii,Landmark Conference,25.0,"[0, 10, 7, 8]",,,,2354,Lycoming,iii,Landmark Conference,28.0,"[0, 14, 0, 14]",,,,,,,
401550402,2023,7,regular,2023-10-14T17:00:00.000Z,False,True,False,True,,5818.0,Farris Stadium,2121,Centre,iii,Southern Athletic,45.0,"[10, 21, 7, 7]",,,,2588,Southwestern U,iii,Southern Athletic,21.0,"[0, 7, 0, 14]",,,,,,,
401549626,2023,7,regular,2023-10-14T17:00:00.000Z,False,True,False,True,,6113.0,Leckonby Stadium,2779,St. Lawrence,iii,Liberty League,27.0,"[7, 0, 6, 14]",,,,184,Rochester (NY),iii,Liberty League,37.0,"[0, 20, 10, 7]",,,,,,,
401540703,2023,7,regular,2023-10-14T17:00:00.000Z,False,True,False,True,,6077.0,Stokes Stadium,2654,Truman State,ii,Great Lakes,17.0,"[7, 7, 0, 3]",,,,2292,Indianapolis,ii,Great Lakes,38.0,"[7, 14, 10, 7]",,,,,,,
401545796,2023,7,regular,2023-10-14T17:00:00.000Z,False,True,False,True,,6058.0,Ralph F. DellaCamera Stadium,2441,New Haven,ii,Northeast 10,9.0,"[0, 0, 9, 0]",,,,2830,Saint Anselm,ii,Northeast 10,13.0,"[7, 0, 0, 6]",,,,,,,
401540690,2023,7,regular,2023-10-14T17:00:00.000Z,False,True,False,True,,6041.0,Irwin Belk Complex,2304,Johnson C. Smith,ii,CIAA,14.0,"[7, 7, 0, 0]",,,,395,St. Augustine's,ii,CIAA,6.0,"[6, 0, 0, 0]",,,,,,,
401540695,2023,7,regular,2023-10-14T17:00:00.000Z,False,True,False,True,,6068.0,George Williams Athletic Complex,2551,Shaw,ii,CIAA,20.0,"[6, 0, 0, 14]",,,,2736,Winston-Salem State,ii,CIAA,41.0,"[0, 24, 10, 7]",,,,,,,
401540510,2023,7,regular,2023-10-14T17:00:00.000Z,False,True,False,True,,3988.0,Welcome Stadium,2168,Dayton,fcs,Pioneer,17.0,"[0, 0, 0, 17, 0]",0.5934102535247803,,,2506,Presbyterian,fcs,Pioneer,20.0,"[3, 7, 7, 0, 3]",0.4065897464752197,,,6.43684328568735,,,
401540022,2023,7,regular,2023-10-14T17:00:00.000Z,False,True,False,False,,3607.0,Alfond Stadium,311,Maine,fcs,Coastal Athletic,24.0,"[7, 0, 7, 10]",0.8374742865562439,,,2341,Long Island University,fcs,NEC,13.0,"[7, 3, 3, 0]",0.1625257134437561,,,4.520686871665583,,,
401540530,2023,7,regular,2023-10-14T17:00:00.000Z,False,True,False,True,,3688.0,Wildcat Stadium,160,New Hampshire,fcs,Coastal Athletic,38.0,"[7, 7, 17, 7]",0.6109321117401123,,,399,UAlbany,fcs,Coastal Athletic,31.0,"[7, 10, 7, 7]",0.3890678882598877,,,6.637695846454154,,,
401540337,2023,7,regular,2023-10-14T17:00:00.000Z,False,True,False,False,,3617.0,Andy Kerr Stadium,2142,Colgate,fcs,Patriot,27.0,"[7, 10, 7, 0, 3]",0.19091355800628662,,,159,Dartmouth,fcs,Ivy,24.0,"[0, 3, 7, 14, 0]",0.8090864419937134,,,7.347702804143195,,,
401554822,2023,7,regular,2023-10-14T17:00:00.000Z,False,True,False,True,,5792.0,Pratt Field at Lehrman Stadium,7,Amherst,iii,NESCAC,16.0,"[0, 9, 7, 0]",,,,33,Colby,iii,NESCAC,19.0,"[0, 7, 0, 12]",,,,,,,
401545732,2023,7,regular,2023-10-14T17:00:00.000Z,False,True,False,True,,3667.0,Callaghan Stadium,2148,Concord,ii,Mountain East,3.0,"[3, 0, 0, 0]",,,,341,Frostburg State,ii,Mountain East,34.0,"[0, 10, 17, 7]",,,,,,,
401550258,2023,7,regular,2023-10-14T17:00:00.000Z,False,True,False,True,,5834.0,Deeds Field-Piper Stadium,2171,Denison,iii,North Coast,28.0,"[0, 0, 0, 0]",,,,89,Wabash,iii,North Coast,24.0,"[0, 0, 0, 0]",,,,,,,
401550337,2023,7,regular,2023-10-14T17:00:00.000Z,False,True,False,True,,5892.0,Armfield Athletic Center,2258,Guilford,iii,Old Dominion,20.0,"[13, 0, 7, 0]",,,,2828,Shenandoah,iii,Old Dominion,31.0,"[0, 14, 3, 14]",,,,,,,
401544966,2023,7,regular,2023-10-14T17:00:00.000Z,False,True,False,True,,6130.0,Fred Zollner Athletic Stadium,2651,Trine,iii,Michigan,28.0,"[7, 14, 7, 0]",,,,354,Olivet,iii,Michigan,14.0,"[7, 0, 0, 7]",,,,,,,
401550268,2023,7,regular,2023-10-14T17:00:00.000Z,False,True,False,True,,5855.0,Charles A. Henry Field,2274,Hiram,iii,North Coast,18.0,"[0, 12, 0, 6]",,,,2980,Ohio Wesleyan,iii,North Coast,19.0,"[0, 7, 6, 6]",,,,,,,
401549823,2023,7,regular,2023-10-14T17:00:00.000Z,False,True,False,True,,5902.0,Knox Stadium,246,Juniata,iii,Landmark Conference,0.0,"[0, 0, 0, 0]",,,,216,Susquehanna,iii,Landmark Conference,56.0,"[21, 7, 14, 14]",,,,,,,
401544886,2023,7,regular,2023-10-14T17:00:00.000Z,False,True,False,True,,3606.0,Scheels Field at Nemzek Stadium,2817,Minnesota St Moorhead,ii,Northern Sun,53.0,"[6, 14, 20, 13]",,,,2894,Sioux Falls,ii,Northern Sun,40.0,"[7, 14, 7, 12]",,,,,,,
401550363,2023,7,regular,2023-10-14T17:00:00.000Z,False,True,False,True,,5910.0,Callaway Stadium,548,LaGrange,iii,USA South,20.0,"[0, 6, 0, 14]",,,,2056,Belhaven,iii,USA South,42.0,"[7, 28, 7, 0]",,,,,,,
401550052,2023,7,regular,2023-10-14T17:00:00.000Z,False,True,False,True,,5125.0,Stadium Red Field,2782,SUNY Cortland,iii,Empire 8,59.0,"[21, 21, 17, 0]",,,,365,Alfred,iii,Empire 8,21.0,"[0, 7, 7, 7]",,,,,,,
401547190,2023,7,regular,2023-10-14T17:00:00.000Z,False,True,False,True,,7077.0,Shadek Stadium,2234,Franklin & Marshall,iii,Centennial,27.0,"[0, 7, 13, 7]",,,,118,Johns Hopkins,iii,Centennial,34.0,"[6, 0, 14, 14]",,,,,,,
401549584,2023,7,regular,2023-10-14T17:00:00.000Z,False,True,False,False,,5856.0,Boswell Field at David J. Urick Stadium,174,Hobart,iii,Liberty League,49.0,"[28, 21, 0, 0]",,,,125974,Hilbert,iii,North Coast,3.0,"[0, 0, 0, 3]",,,,,,,
401544110,2023,7,regular,2023-10-14T17:30:00.000Z,False,True,False,True,,4856.0,Mount Union Stadium,426,Mount Union,iii,Ohio,76.0,"[28, 28, 17, 3]",,,,424,Capital,iii,Ohio,0.0,"[0, 0, 0, 0]",,,,,,,
401550305,2023,7,regular,2023-10-14T17:30:00.000Z,False,True,False,True,,5894.0,Steuben Field,348,Hamilton,iii,NESCAC,17.0,"[0, 7, 3, 7]",,,,2731,Williams,iii,NESCAC,24.0,"[7, 10, 0, 7]",,,,,,,
401544959,2023,7,regular,2023-10-14T17:30:00.000Z,False,True,False,True,,6088.0,Schueler Field,2419,Mount St Joseph,iii,Heartland,77.0,"[28, 21, 21, 7]",,,,2023,Anderson (IN),iii,Heartland,14.0,"[0, 0, 0, 14]",,,,,,,
401541068,2023,7,regular,2023-10-14T17:30:00.000Z,False,True,False,True,,6111.0,Cook Stadium,86,Rose Hulman,iii,Heartland,52.0,"[21, 14, 17, 0]",,,,2074,Bluffton,iii,Heartland,28.0,"[7, 7, 7, 7]",,,,,,,
401545757,2023,7,regular,2023-10-14T17:30:00.000Z,False,True,False,True,,5887.0,I.L. & Sue Morris Stadium,2249,Glenville State,ii,Mountain East,27.0,"[0, 6, 14, 7]",,,,112335,Wheeling,ii,Mountain East,13.0,"[3, 10, 0, 0]",,,,,,,
401550070,2023,7,regular,2023-10-14T17:30:00.000Z,False,True,False,True,,5832.0,Justin F. Coressel Stadium,190,Defiance College,iii,Heartland,21.0,"[0, 6, 0, 15]",,,,2233,Franklin,iii,Heartland,35.0,"[14, 7, 7, 7]",,,,,,,
401550076,2023,7,regular,2023-10-14T17:30:00.000Z,False,True,False,True,,3614.0,Alumni Stadium (IN),2262,Hanover,iii,Heartland,34.0,"[7, 14, 6, 7]",,,,2362,Manchester,iii,Heartland,0.0,"[0, 0, 0, 0]",,,,,,,
401541633,2023,7,regular,2023-10-14T17:30:00.000Z,False,True,False,True,,3802.0,Lawrence A. Wien Stadium,171,Columbia,fcs,Ivy,17.0,"[7, 7, 0, 3]",0.35105323791503906,,,219,Pennsylvania,fcs,Ivy,20.0,"[3, 7, 0, 10]",0.6489467620849609,,,5.287645503721302,,,
401540002,2023,7,regular,2023-10-14T17:30:00.000Z,False,True,False,False,,3864.0,Oliver C. Dawson Stadium,2569,South Carolina State,fcs,MEAC,7.0,"[7, 0, 0, 0]",,,,2635,Tennessee Tech,fcs,Big South-OVC,28.0,"[0, 7, 7, 14]",,,,,,,
401532419,2023,7,regular,2023-10-14T18:00:00.000Z,False,True,False,True,7673.0,3919.0,Scheumann Stadium,2050,Ball State,fbs,Mid-American,6.0,"[0, 3, 0, 3]",0.2175832986831665,1137.0,1150.0,2649,Toledo,fbs,Mid-American,13.0,"[3, 0, 0, 10]",0.7824167013168335,1500.0,1487.0,5.249506419322044,,,
401541969,2023,7,regular,2023-10-14T18:00:00.000Z,False,True,False,True,,6055.0,Craig Field at Spratt Memorial Stadium,137,Missouri Western,ii,Mid America,23.0,"[3, 7, 7, 6]",,,,138,Northwest Missouri State,ii,Mid America,27.0,"[3, 21, 3, 0]",,,,,,,
401544912,2023,7,regular,2023-10-14T18:00:00.000Z,False,True,False,True,,6553.0,Helen and Leonard Moretz Stadium,2331,Lenoir Rhyne,ii,South Atlantic,47.0,"[14, 20, 3, 10]",,,,122666,Barton,ii,South Atlantic,3.0,"[3, 0, 0, 0]",,,,,,,
401541088,2023,7,regular,2023-10-14T18:00:00.000Z,False,True,False,True,,6127.0,John P. Papp Stadium,2748,Wooster,iii,North Coast,7.0,"[0, 0, 0, 7]",,,,83,DePauw,iii,North Coast,53.0,"[23, 23, 7, 0]",,,,,,,
401549677,2023,7,regular,2023-10-14T18:00:00.000Z,False,True,False,True,,5918.0,Taylor Field,6353,Lakeland,iii,NACC,17.0,"[6, 0, 9, 2]",,,,2151,Concordia Chicago,iii,NACC,9.0,"[0, 6, 0, 3]",,,,,,,
401531405,2023,7,regular,2023-10-14T18:00:00.000Z,False,True,False,True,15659.0,4418.0,Jerry Richardson Stadium,2429,Charlotte,fbs,American Athletic,0.0,"[0, 0, 0, 0]",0.2488979995250702,1194.0,1177.0,2426,Navy,fbs,American Athletic,14.0,"[0, 0, 7, 7]",0.7511020004749298,1348.0,1365.0,4.302476099686885,,,
401550429,2023,7,regular,2023-10-14T18:00:00.000Z,False,True,False,True,,5900.0,Don and Nona Williams Stadium,2744,Wisconsin Stout,iii,Wisconsin,51.0,"[14, 24, 6, 7]",,,,2743,Wisconsin Stevens Point,iii,Wisconsin,14.0,"[0, 14, 0, 0]",,,,,,,
401550425,2023,7,regular,2023-10-14T18:00:00.000Z,False,True,False,True,,5901.0,David Smith Stadium at Ramer Field,2723,Wisconsin River Falls,iii,Wisconsin,14.0,"[0, 7, 0, 7]",,,,2745,Wisconsin Whitewater,iii,Wisconsin,21.0,"[6, 9, 6, 0]",,,,,,,
401540177,2023,7,regular,2023-10-14T18:00:00.000Z,False,True,False,False,,3742.0,Governors Stadium,2046,Austin Peay,fcs,UAC,41.0,"[7, 6, 14, 14]",0.988750696182251,,,2241,Gardner-Webb,fcs,Big South-OVC,14.0,"[7, 0, 7, 0]",0.011249303817749023,,,4.0731887488458955,,,
401550418,2023,7,regular,2023-10-14T18:00:00.000Z,False,True,False,True,,5911.0,Ralph E. Davis Pioneer Stadium,272,Wisconsin Platteville,iii,Wisconsin,17.0,"[0, 7, 10, 0]",,,,2740,Wisconsin La Crosse,iii,Wisconsin,21.0,"[0, 7, 14, 0]",,,,,,,
401550136,2023,7,regular,2023-10-14T18:00:00.000Z,False,True,False,True,,6144.0,"Alumni Field (Westfield, MA)",2909,Westfield State,iii,MSCAC,23.0,"[0, 7, 0, 13, 3]",,,,379,UMass Dartmouth,iii,MSCAC,26.0,"[0, 14, 6, 0, 6]",,,,,,,
401540663,2023,7,regular,2023-10-14T18:00:00.000Z,False,True,False,False,,3904.0,Rogers Stadium (VA),330,Virginia State,ii,CIAA,39.0,"[12, 7, 7, 13]",,,,124180,Bluefield State,ii,Independent DII,23.0,"[7, 0, 8, 8]",,,,,,,
401549717,2023,7,regular,2023-10-14T18:00:00.000Z,False,True,False,True,,5806.0,Whittier Field,340,Bowdoin,iii,NESCAC,35.0,"[7, 21, 0, 7]",,,,121,Bates,iii,NESCAC,20.0,"[10, 7, 0, 3]",,,,,,,
401541007,2023,7,regular,2023-10-14T18:00:00.000Z,False,True,False,True,,4435.0,Robert B. Redman Stadium,2071,Bloomsburg,ii,Pennsylvania State Athletic,13.0,"[0, 10, 3, 0]",,,,209,Lock Haven,ii,Pennsylvania State Athletic,21.0,"[7, 0, 14, 0]",,,,,,,
401540733,2023,7,regular,2023-10-14T18:00:00.000Z,False,True,False,True,,3878.0,Plaster Sports Complex,2586,Southwest Baptist,ii,Great Lakes,19.0,"[3, 3, 13, 0]",,,,2402,Missouri S&T,ii,Great Lakes,45.0,"[7, 14, 7, 17]",,,,,,,
401547103,2023,7,regular,2023-10-14T18:00:00.000Z,False,True,False,True,,3635.0,Bill Buxton Stadium,2564,Simpson (IA),iii,American Rivers,0.0,"[0, 0, 0, 0]",,,,2141,Coe,iii,American Rivers,28.0,"[7, 7, 7, 7]",,,,,,,
401540442,2023,7,regular,2023-10-14T18:00:00.000Z,False,True,False,True,,1905.0,DakotaDome,233,South Dakota,fcs,MVFC,34.0,"[3, 14, 14, 3]",0.4882315453839522,,,2754,Youngstown State,fcs,MVFC,31.0,"[3, 0, 14, 14]",0.5117684546160478,,,5.2859091236,,,
401549747,2023,7,regular,2023-10-14T18:00:00.000Z,False,True,False,True,,6112.0,Richard Wackar Stadium,2827,Rowan,iii,New Jersey,18.0,"[3, 7, 0, 8]",,,,3112,Christopher Newport,iii,New Jersey,21.0,"[14, 7, 0, 0]",,,,,,,
401541955,2023,7,regular,2023-10-14T18:00:00.000Z,False,True,False,True,,5890.0,Lewis Field Stadium,2231,Fort Hays,ii,Mid America,31.0,"[10, 7, 14, 0]",,,,2438,Nebraska Kearney,ii,Mid America,17.0,"[0, 10, 0, 7]",,,,,,,
401550171,2023,7,regular,2023-10-14T18:00:00.000Z,False,True,False,True,,5825.0,Jake Christiansen Stadium,2152,Concordia (MN),iii,Minnesota,58.0,"[10, 13, 21, 14]",,,,162,Hamline,iii,Minnesota,14.0,"[7, 7, 0, 0]",,,,,,,
401550437,2023,7,regular,2023-10-14T18:00:00.000Z,False,True,False,True,,6108.0,Crain Field,2519,Rhodes,iii,Southern Athletic,30.0,"[7, 7, 6, 10]",,,,2553,Sewanee,iii,Southern Athletic,10.0,"[3, 7, 0, 0]",,,,,,,
401547222,2023,7,regular,2023-10-14T18:00:00.000Z,False,True,False,True,,6093.0,Holmgren Athletic Complex,75,North Park,iii,CCIW,20.0,"[0, 7, 6, 7]",,,,306,Illinois Wesleyan,iii,CCIW,18.0,"[6, 6, 0, 6]",,,,,,,
401552879,2023,7,regular,2023-10-14T18:00:00.000Z,False,True,False,True,,6084.0,April Zorn Memorial Stadium,2919,Monmouth (IL),iii,Midwest,43.0,"[6, 10, 13, 14]",,,,2155,Cornell (IA),iii,Midwest,6.0,"[0, 6, 0, 0]",,,,,,,
401550383,2023,7,regular,2023-10-14T18:00:00.000Z,False,True,False,True,,3671.0,Case Field,2963,Case Western Reserve,iii,Presidents',31.0,"[14, 3, 7, 7]",,,,2849,Westminster (PA),iii,Presidents',6.0,"[0, 6, 0, 0]",,,,,,,
401541078,2023,7,regular,2023-10-14T18:00:00.000Z,False,True,False,True,,5117.0,Clemens Stadium,2600,Saint John's (MN),iii,Minnesota,63.0,"[21, 21, 14, 7]",,,,2101,Carleton,iii,Minnesota,7.0,"[0, 7, 0, 0]",,,,,,,
401541048,2023,7,regular,2023-10-14T18:00:00.000Z,False,True,False,True,,5114.0,Shelton Stadium,2810,Hardin Simmons,iii,American Southwest,27.0,"[14, 7, 6, 0]",,,,2639,Texas Lutheran,iii,American Southwest,22.0,"[8, 7, 7, 0]",,,,,,,
401549799,2023,7,regular,2023-10-14T18:00:00.000Z,False,True,False,True,,3915.0,Charles Lee Field at Samford Stadium,2938,Huntingdon,iii,USA South,28.0,"[0, 7, 14, 7]",,,,2373,Maryville (TN),iii,USA South,21.0,"[7, 0, 14, 0]",,,,,,,
401546002,2023,7,regular,2023-10-14T18:00:00.000Z,False,True,False,True,,6059.0,Sanchez Family Stadium,2424,New Mexico Highlands,ii,Rocky Mountain,7.0,"[0, 7, 0, 0]",,,,2570,CSU Pueblo,ii,Rocky Mountain,56.0,"[21, 14, 7, 14]",,,,,,,
401549654,2023,7,regular,2023-10-14T18:00:00.000Z,False,True,False,True,,5919.0,Ron Roberts Field at the Banta Bowl,268,Lawrence,iii,Midwest,14.0,"[7, 7, 0, 0]",,,,266,Beloit,iii,Midwest,34.0,"[14, 6, 14, 0]",,,,,,,
401545823,2023,7,regular,2023-10-14T18:00:00.000Z,False,True,False,True,,6052.0,Herb Parker Stadium,568,Minot State,ii,Northern Sun,17.0,"[7, 0, 3, 7]",,,,3066,Concordia St. Paul,ii,Northern Sun,10.0,"[3, 0, 7, 0]",,,,,,,
401547179,2023,7,regular,2023-10-14T18:00:00.000Z,False,True,False,True,,5838.0,Ornelas Stadium,2194,East Texas Baptist,iii,American Southwest,14.0,"[0, 14, 0, 0]",,,,241,McMurry,iii,American Southwest,13.0,"[7, 0, 6, 0]",,,,,,,
401547044,2023,7,regular,2023-10-14T18:00:00.000Z,False,True,False,True,,5867.0,Albany State University Coliseum,2013,Albany State,ii,SIAC,27.0,"[0, 14, 0, 13]",,,,2019,Allen,ii,SIAC,39.0,"[6, 12, 7, 14]",,,,,,,
401544082,2023,7,regular,2023-10-14T18:00:00.000Z,False,True,False,True,,5915.0,Farwell Field,262,Lake Forest,iii,Midwest,47.0,"[27, 13, 0, 7]",,,,65,Grinnell,iii,Midwest,0.0,"[0, 0, 0, 0]",,,,,,,
401540372,2023,7,regular,2023-10-14T18:00:00.000Z,False,True,False,True,,3605.0,Alerus Center,155,North Dakota,fcs,MVFC,49.0,"[21, 7, 7, 14]",0.8147169351577759,,,2449,North Dakota State,fcs,MVFC,24.0,"[7, 10, 0, 7]",0.18528306484222412,,,3.359420080336169,,,
401552547,2023,7,regular,2023-10-14T18:00:00.000Z,False,True,False,True,,6071.0,Jess Dow Field,2583,Southern Connecticut State,ii,Northeast 10,21.0,"[7, 14, 0, 0]",,,,2022,American International,ii,Northeast 10,27.0,"[7, 20, 0, 0]",,,,,,,
401547117,2023,7,regular,2023-10-14T18:00:00.000Z,False,True,True,True,,6091.0,Abel Stadium,6845,Nebraska Wesleyan,iii,American Rivers,38.0,"[0, 14, 6, 8, 10]",,,,263,Loras,iii,American Rivers,41.0,"[0, 7, 14, 7, 13]",,,,,,,
401540458,2023,7,regular,2023-10-14T18:00:00.000Z,False,True,False,True,,3655.0,Brown Field,2674,Valparaiso,fcs,Pioneer,21.0,"[7, 7, 0, 7]",0.8555761575698853,,,2413,Morehead State,fcs,Pioneer,24.0,"[7, 0, 0, 17]",0.14442384243011475,,,6.170884580953164,,,
401544101,2023,7,regular,2023-10-14T18:00:00.000Z,False,True,False,True,,6152.0,Wiliams Stadium (OH),2733,Wilmington (OH),iii,Ohio,15.0,"[8, 0, 0, 7]",,,,317,Marietta,iii,Ohio,45.0,"[14, 14, 14, 3]",,,,,,,
401544940,2023,7,regular,2023-10-14T18:00:00.000Z,False,True,False,True,,5897.0,Francis Field (MO),143,Washington St. Louis,iii,CCIW,17.0,"[3, 7, 7, 0]",,,,2042,Augustana (IL),iii,CCIW,35.0,"[14, 14, 0, 7]",,,,,,,
401547036,2023,7,regular,2023-10-14T18:00:00.000Z,False,True,False,True,,4747.0,Abbott Memorial Alumni Stadium,2657,Tuskegee,ii,SIAC,38.0,"[14, 3, 7, 14]",,,,2206,Edward Waters,ii,SIAC,41.0,"[7, 7, 7, 20]",,,,,,,
401550222,2023,7,regular,2023-10-14T18:00:00.000Z,False,True,False,True,,6121.0,Donald J. Schneider Stadium,2832,St. Norbert,iii,NACC,9.0,"[6, 0, 0, 3]",,,,2044,Aurora,iii,NACC,37.0,"[14, 21, 0, 2]",,,,,,,
401545992,2023,7,regular,2023-10-14T18:00:00.000Z,False,True,False,True,,5944.0,Ray Dennison Memorial Field,2237,Fort Lewis,ii,Rocky Mountain,14.0,"[0, 7, 0, 7]",,,,11,Colorado Mesa,ii,Rocky Mountain,62.0,"[20, 35, 7, 0]",,,,,,,
401541115,2023,7,regular,2023-10-14T18:00:00.000Z,False,True,False,True,,5800.0,Jopson Athletic Complex,2079,Bridgewater,iii,Old Dominion,3.0,"[0, 3, 0, 0]",,,,2516,Randolph Macon,iii,Old Dominion,38.0,"[10, 14, 7, 7]",,,,,,,
401545996,2023,7,regular,2023-10-14T18:00:00.000Z,False,True,False,True,,5883.0,Marv Kay Stadium at Campbell Field,2146,Colorado School of Mines,ii,Rocky Mountain,45.0,"[7, 14, 17, 7]",,,,613,South Dakota Mines,ii,Rocky Mountain,22.0,"[0, 0, 7, 15]",,,,,,,
401552372,2023,7,regular,2023-10-14T18:00:00.000Z,False,True,False,False,,3641.0,Blakeslee Stadium,2364,Minnesota State,ii,Northern Sun,45.0,"[10, 7, 14, 14]",,,,2848,Western Oregon,ii,Lone Star,14.0,"[0, 0, 7, 7]",,,,,,,
401547085,2023,7,regular,2023-10-14T18:00:00.000Z,False,True,False,True,,5809.0,J. Leslie Rollins Stadium,63,Buena Vista,iii,American Rivers,17.0,"[0, 10, 7, 0]",,,,67,Luther,iii,American Rivers,10.0,"[7, 3, 0, 0]",,,,,,,
401552880,2023,7,regular,2023-10-14T18:00:00.000Z,False,True,False,True,,3755.0,Ray and Sue Smith Stadium,2812,Hope,iii,Michigan,17.0,"[7, 3, 0, 7]",,,,2800,Alma,iii,Michigan,35.0,"[14, 0, 14, 7]",,,,,,,
401547028,2023,7,regular,2023-10-14T18:00:00.000Z,False,True,False,True,,6078.0,Pioneer Field (TN),2839,Tusculum,ii,South Atlantic,35.0,"[7, 14, 14, 0]",,,,2842,UVA Wise,ii,South Atlantic,7.0,"[0, 7, 0, 0]",,,,,,,
401541986,2023,7,regular,2023-10-14T18:00:00.000Z,False,True,False,True,,5942.0,Francis G. Welch Stadium,2214,Emporia State,ii,Mid America,38.0,"[14, 14, 0, 10]",,,,2687,Washburn,ii,Mid America,23.0,"[0, 10, 10, 3]",,,,,,,
401545888,2023,7,regular,2023-10-14T18:00:00.000Z,False,True,False,True,,4431.0,Chryst Field at Biemesderfer Stadium,210,Millersville,ii,Pennsylvania State Athletic,17.0,"[3, 0, 7, 7]",,,,2974,Shepherd,ii,Pennsylvania State Athletic,33.0,"[0, 3, 16, 14]",,,,,,,
401547172,2023,7,regular,2023-10-14T18:00:00.000Z,False,True,False,True,,4463.0,Crusader Stadium,2371,Mary Hardin Baylor,iii,American Southwest,37.0,"[9, 7, 7, 14]",,,,2834,Sul Ross State,iii,American Southwest,13.0,"[7, 6, 0, 0]",,,,,,,
401546950,2023,7,regular,2023-10-14T18:00:00.000Z,False,True,True,True,,7504.0,Liberty North High School,2911,William Jewell,ii,Great Lakes,28.0,"[7, 0, 0, 21]",,,,2825,Quincy,ii,Great Lakes,41.0,"[14, 24, 0, 3]",,,,,,,
401544949,2023,7,regular,2023-10-14T18:00:00.000Z,False,True,False,True,,6080.0,Frank M. Lindsay Field,74,Millikin,iii,CCIW,3.0,"[0, 0, 0, 3]",,,,3071,North Central College,iii,CCIW,75.0,"[21, 34, 6, 14]",,,,,,,
401550287,2023,7,regular,2023-10-14T18:00:00.000Z,False,True,False,True,,5863.0,Don Shula Stadium at Wasmer Field,2302,John Carroll,iii,Ohio,44.0,"[13, 14, 7, 10]",,,,427,Ohio Northern,iii,Ohio,14.0,"[0, 7, 7, 0]",,,,,,,
401544895,2023,7,regular,2023-10-14T18:00:00.000Z,False,True,False,True,,4433.0,George P. Miller Stadium,2291,IU Pennsylvania,ii,Pennsylvania State Athletic,20.0,"[7, 0, 6, 7]",,,,2205,Edinboro,ii,Pennsylvania State Athletic,10.0,"[0, 10, 0, 0]",,,,,,,
401549663,2023,7,regular,2023-10-14T18:00:00.000Z,False,True,False,True,,5858.0,England Stadium,2286,Illinois College,iii,Midwest,61.0,"[14, 20, 13, 14]",,,,255,Knox,iii,Midwest,7.0,"[0, 0, 7, 0]",,,,,,,
401549687,2023,7,regular,2023-10-14T18:00:00.000Z,False,True,False,True,,6110.0,Sam Greeley Field,2524,Rockford,iii,NACC,7.0,"[7, 0, 0, 0]",,,,2283,Benedictine (IL),iii,NACC,19.0,"[0, 19, 0, 0]",,,,,,,
401550327,2023,7,regular,2023-10-14T18:00:00.000Z,False,True,False,True,,6138.0,Wilson Field,2688,Washington and Lee,iii,Old Dominion,41.0,"[14, 14, 6, 7]",,,,366,Ferrum,iii,Old Dominion,16.0,"[0, 0, 0, 16]",,,,,,,
401540680,2023,7,regular,2023-10-14T18:00:00.000Z,False,True,False,True,,3813.0,"Luther ""Nick"" Jeralds Stadium",2220,Fayetteville State,ii,CIAA,19.0,"[2, 0, 7, 10]",,,,2940,Livingstone,ii,CIAA,14.0,"[7, 0, 7, 0]",,,,,,,
401550157,2023,7,regular,2023-10-14T18:00:00.000Z,False,True,False,True,,5795.0,Edor Nelson Field,124,Augsburg,iii,Minnesota,7.0,"[0, 0, 0, 7]",,,,2802,Bethel (MN),iii,Minnesota,38.0,"[17, 7, 14, 0]",,,,,,,
401550192,2023,7,regular,2023-10-14T18:00:00.000Z,False,True,False,True,,6122.0,Public Schools Stadium,375,St. Scholastica,iii,Minnesota,17.0,"[7, 10, 0, 0]",,,,133,St. Olaf,iii,Minnesota,37.0,"[20, 7, 7, 3]",,,,,,,
401550175,2023,7,regular,2023-10-14T18:00:00.000Z,False,True,False,True,,5893.0,Hollingsworth Field,2968,Gustavus Adolphus,iii,Minnesota,55.0,"[13, 21, 0, 21]",,,,2359,Macalester,iii,Minnesota,18.0,"[10, 8, 0, 0]",,,,,,,
401547217,2023,7,regular,2023-10-14T18:00:00.000Z,False,True,False,True,,5815.0,Schneider Stadium,32,Carroll (WI),iii,CCIW,62.0,"[17, 28, 0, 17]",,,,72,Elmhurst,iii,CCIW,14.0,"[7, 0, 7, 0]",,,,,,,
401541134,2023,7,regular,2023-10-14T18:05:00.000Z,False,True,False,True,,5120.0,J.J. Keller Field at Titan Stadium,271,Wisconsin Oshkosh,iii,Wisconsin,35.0,"[0, 13, 15, 7]",,,,2738,Wisconsin Eau Claire,iii,Wisconsin,7.0,"[0, 0, 0, 7]",,,,,,,
401547111,2023,7,regular,2023-10-14T18:30:00.000Z,False,True,False,True,,6137.0,Walston-Hoover Stadium,2685,Wartburg,iii,American Rivers,31.0,"[0, 7, 10, 14]",,,,49,Dubuque,iii,American Rivers,10.0,"[3, 7, 0, 0]",,,,,,,
401552999,2023,7,regular,2023-10-14T18:30:00.000Z,False,True,False,True,,5636.0,Wright Stadium,173,Hartwick,iii,Empire 8,21.0,"[0, 14, 0, 7]",,,,374,St. John Fisher,iii,Empire 8,38.0,"[0, 3, 14, 21]",,,,,,,
401544931,2023,7,regular,2023-10-14T19:00:00.000Z,False,True,False,True,,6044.0,Lane Field,2323,Lane College,ii,SIAC,14.0,"[0, 0, 7, 7]",,,,2310,Kentucky State,ii,SIAC,21.0,"[7, 14, 0, 0]",,,,,,,
401540143,2023,7,regular,2023-10-14T19:00:00.000Z,False,True,False,True,,3850.0,Municipal Stadium,2065,Bethune-Cookman,fcs,SWAC,31.0,"[0, 10, 14, 7]",0.25399428606033325,,,2640,Texas Southern,fcs,SWAC,34.0,"[10, 17, 0, 7]",0.7460057139396667,,,6.629779561135569,,,
401545978,2023,7,regular,2023-10-14T19:00:00.000Z,False,True,False,True,,5782.0,Mountaineer Bowl,2714,Western Colorado,ii,Rocky Mountain,35.0,"[14, 14, 0, 7]",,,,2069,Black Hills State,ii,Rocky Mountain,20.0,"[0, 6, 0, 14]",,,,,,,
401540110,2023,7,regular,2023-10-14T19:00:00.000Z,False,True,False,True,,3902.0,Eddie Robinson Stadium,2755,Grambling,fcs,SWAC,24.0,"[7, 10, 7, 0]",0.03233776614069939,,,2010,Alabama A&M,fcs,SWAC,45.0,"[14, 3, 21, 7]",0.9676622338593006,,,5.714518507378316,,,
401541934,2023,7,regular,2023-10-14T19:00:00.000Z,False,True,False,True,,6062.0,Gable Field at Doc Wadley Stadium,196,Northeastern State,ii,Mid America,24.0,"[0, 14, 0, 10]",,,,2118,Central Missouri,ii,Mid America,63.0,"[28, 28, 7, 0]",,,,,,,
401547069,2023,7,regular,2023-10-14T19:00:00.000Z,False,True,False,True,,6056.0,B.T. Harvey Stadium,60,Morehouse,ii,SIAC,22.0,"[0, 8, 7, 7]",,,,2396,Miles,ii,SIAC,36.0,"[14, 7, 7, 8]",,,,,,,
401540480,2023,7,regular,2023-10-14T19:00:00.000Z,False,True,False,True,,7003.0,Houck Field,2546,Southeast Missouri State,fcs,Big South-OVC,35.0,"[7, 7, 7, 14]",0.9053735733032227,,,2197,Eastern Illinois,fcs,Big South-OVC,28.0,"[7, 7, 7, 7]",0.09462642669677734,,,6.1373115738116635,,,
401540195,2023,7,regular,2023-10-14T19:00:00.000Z,False,True,False,True,,3908.0,Roy Kidd Stadium,2198,Eastern Kentucky,fcs,UAC,41.0,"[7, 14, 7, 0, 13]",0.37500500679016113,,,2627,Tarleton State,fcs,UAC,35.0,"[14, 7, 0, 7, 7]",0.6249949932098389,,,8.638281949025025,,,
401550210,2023,7,regular,2023-10-14T19:00:00.000Z,False,True,False,True,,5820.0,Amos Alonzo Stagg Field,80,Chicago,iii,Midwest,21.0,"[7, 0, 7, 7]",,,,2891,Ripon,iii,Midwest,6.0,"[6, 0, 0, 0]",,,,,,,
401545804,2023,7,regular,2023-10-14T19:00:00.000Z,False,True,False,True,,5780.0,Altra Federal Credit Union Stadium,2851,Winona State,ii,Northern Sun,28.0,"[14, 14, 0, 0]",,,,2043,Augustana (SD),ii,Northern Sun,48.0,"[10, 21, 10, 7]",,,,,,,
401540281,2023,7,regular,2023-10-14T19:00:00.000Z,False,True,False,True,,3856.0,Nottingham Field,2458,Northern Colorado,fcs,Big Sky,13.0,"[3, 7, 0, 3]",0.010647717863321304,,,16,Sacramento State,fcs,Big Sky,21.0,"[14, 0, 7, 0]",0.9893522821366787,,,5.003630772021282,,,
401540365,2023,7,regular,2023-10-14T19:00:00.000Z,False,True,False,True,,3909.0,Roy Stewart Stadium,93,Murray State,fcs,MVFC,6.0,"[0, 3, 0, 3]",0.013928484171628952,,,79,Southern Illinois,fcs,MVFC,27.0,"[10, 3, 7, 7]",0.986071515828371,,,3.526488143754084,,,
401547136,2023,7,regular,2023-10-14T19:00:00.000Z,False,True,False,True,,5857.0,Gordon Wood Stadium,2758,Howard Payne,iii,American Southwest,35.0,"[7, 28, 0, 0]",,,,2045,Austin,iii,American Southwest,11.0,"[5, 3, 0, 3]",,,,,,,
401541764,2023,7,regular,2023-10-14T19:00:00.000Z,False,True,False,True,,5113.0,Ruggles Field at Carpenter-Haygood Stadium,2271,Henderson State,ii,Great American,34.0,"[14, 14, 3, 3]",,,,2568,Southern Arkansas,ii,Great American,35.0,"[7, 14, 7, 7]",,,,,,,
401540770,2023,7,regular,2023-10-14T19:00:00.000Z,False,True,False,True,,3811.0,Lubbers Stadium,125,Grand Valley State,ii,GLIAC,49.0,"[14, 21, 0, 14]",,,,2222,Ferris State,ii,GLIAC,28.0,"[0, 21, 7, 0]",,,,,,,
401549764,2023,7,regular,2023-10-14T19:00:00.000Z,False,True,False,True,,3871.0,General Charles C. Krulak Stadium,3,Birmingham-Southern,iii,Southern Athletic,16.0,"[8, 0, 0, 8]",,,,418,Hendrix,iii,Southern Athletic,15.0,"[8, 0, 7, 0]",,,,,,,
401544923,2023,7,regular,2023-10-14T19:00:00.000Z,False,True,False,True,,5781.0,Irwin Belk Stadium,351,Wingate,ii,South Atlantic,10.0,"[0, 7, 0, 3]",,,,2336,Limestone,ii,South Atlantic,17.0,"[7, 0, 10, 0]",,,,,,,
401544903,2023,7,regular,2023-10-14T19:00:00.000Z,False,True,False,True,,5866.0,Rex Stadium,2001,Adams State,ii,Rocky Mountain,14.0,"[0, 7, 0, 7]",,,,2123,Chadron State,ii,Rocky Mountain,53.0,"[16, 7, 16, 14]",,,,,,,
401549701,2023,7,regular,2023-10-14T19:00:00.000Z,False,True,False,True,,5876.0,Bentley University Football Stadium,2060,Bentley,ii,Northeast 10,27.0,"[14, 13, 0, 0]",,,,2487,Pace,ii,Northeast 10,9.0,"[0, 0, 2, 7]",,,,,,,
401541944,2023,7,regular,2023-10-14T19:00:00.000Z,False,True,False,False,,5878.0,Wantland Stadium,2122,Central Oklahoma,ii,Mid America,59.0,"[14, 17, 14, 14]",,,,2876,Lincoln (MO),ii,Independent DII,17.0,"[3, 0, 7, 7]",,,,,,,
401541962,2023,7,regular,2023-10-14T19:00:00.000Z,False,True,False,True,,6054.0,Fred G. Hughes Stadium,2403,Missouri Southern State,ii,Mid America,21.0,"[0, 7, 0, 14]",,,,90,Pittsburg State,ii,Mid America,31.0,"[14, 0, 7, 10]",,,,,,,
401540408,2023,7,regular,2023-10-14T19:00:00.000Z,False,True,False,True,,5237.0,Dana J. Dykhouse Stadium,2571,South Dakota State,fcs,MVFC,41.0,"[14, 10, 14, 3]",1.0,,,2460,Northern Iowa,fcs,MVFC,6.0,"[0, 3, 0, 3]",0.0,,,2.2309207974841443,,,
401540136,2023,7,regular,2023-10-14T19:00:00.000Z,False,True,False,True,,3896.0,Rice-Totten Field,2400,Mississippi Valley State,fcs,SWAC,42.0,"[7, 7, 14, 14]",0.9961482286453247,,,2029,Arkansas-Pine Bluff,fcs,SWAC,17.0,"[0, 3, 7, 7]",0.003851771354675293,,,3.476739400473843,,,
401540104,2023,7,regular,2023-10-14T19:00:00.000Z,False,True,False,True,,3744.0,Hancock Stadium,2287,Illinois State,fcs,MVFC,44.0,"[7, 16, 7, 14]",0.9645857810974121,,,282,Indiana State,fcs,MVFC,7.0,"[7, 0, 0, 0]",0.03541421890258789,,,3.304461771190129,,,
401540325,2023,7,regular,2023-10-14T19:00:00.000Z,False,True,False,True,,3695.0,Delaware Stadium,48,Delaware,fcs,CAA,21.0,"[7, 7, 7, 0]",0.8791335225105286,,,2448,North Carolina A&T,fcs,Coastal Athletic,6.0,"[0, 3, 3, 0]",0.12086647748947144,,,2.892887184656777,,,
401541868,2023,7,regular,2023-10-14T19:00:00.000Z,False,True,False,True,,6053.0,Robinson-Hale Stadium,2401,Mississippi College,ii,Gulf South,10.0,"[0, 3, 7, 0]",,,,2673,Valdosta State,ii,Gulf South,21.0,"[7, 14, 0, 0]",,,,,,,
401540120,2023,7,regular,2023-10-14T19:00:00.000Z,False,True,False,True,,3976.0,Mississippi Veterans Memorial Stadium,2296,Jackson State,fcs,SWAC,19.0,"[0, 10, 3, 6]",0.41517120599746704,,,2011,Alabama State,fcs,SWAC,24.0,"[10, 0, 0, 14]",0.584828794002533,,,6.46046678081985,,,
401541779,2023,7,regular,2023-10-14T19:00:00.000Z,False,True,False,True,,6073.0,Milam Stadium,2927,Southwestern Oklahoma State,ii,Great American,13.0,"[3, 0, 10, 0]",,,,319,Oklahoma Baptist,ii,Great American,20.0,"[0, 10, 0, 10]",,,,,,,
401540723,2023,7,regular,2023-10-14T19:00:00.000Z,False,True,False,True,,5870.0,Thone Stadium at Buerkle Field,2033,Arkansas Tech,ii,Great American,24.0,"[0, 10, 14, 0]",,,,2028,Arkansas Monticello,ii,Great American,10.0,"[0, 3, 0, 7]",,,,,,,
401541788,2023,7,regular,2023-10-14T19:00:00.000Z,False,True,False,True,,3934.0,Southern Nazarene University Football Stadium,200,Southern Nazarene,ii,Great American,19.0,"[7, 6, 0, 6]",,,,199,Southeastern Oklahoma State,ii,Great American,20.0,"[10, 7, 3, 0]",,,,,,,
401524033,2023,7,regular,2023-10-14T19:00:00.000Z,False,True,False,True,52115.0,587.0,Rice-Eccles Stadium,254,Utah,fbs,Pac-12,34.0,"[0, 14, 10, 10]",0.9969220161437988,1752.0,1775.0,25,California,fbs,Pac-12,14.0,"[7, 0, 7, 0]",0.003077983856201172,1514.0,1491.0,3.4991694663681407,,,
401541771,2023,7,regular,2023-10-14T19:00:00.000Z,False,True,False,True,,4763.0,Ranger Field,2823,Northwestern (OK),ii,Great American,7.0,"[0, 0, 0, 7]",,,,2191,East Central,ii,Great American,42.0,"[7, 28, 0, 7]",,,,,,,
401520325,2023,7,regular,2023-10-14T19:30:00.000Z,False,True,False,True,79247.0,3994.0,Williams-Brice Stadium,2579,South Carolina,fbs,SEC,39.0,"[14, 7, 3, 15]",0.8611177802085876,1549.0,1549.0,57,Florida,fbs,SEC,41.0,"[10, 14, 3, 14]",0.13888221979141235,1595.0,1595.0,9.082473883766026,,,
401525527,2023,7,regular,2023-10-14T19:30:00.000Z,False,True,False,True,65632.0,3799.0,Lane Stadium,259,Virginia Tech,fbs,ACC,30.0,"[0, 17, 3, 10]",0.9946257472038269,1415.0,1466.0,154,Wake Forest,fbs,ACC,13.0,"[0, 10, 0, 3]",0.005374252796173096,1548.0,1497.0,3.465849019353524,,,
401520326,2023,7,regular,2023-10-14T19:30:00.000Z,False,True,False,True,101915.0,3853.0,Neyland Stadium,2633,Tennessee,fbs,SEC,20.0,"[7, 0, 7, 6]",0.6652219295501709,1901.0,1902.0,245,Texas A&M,fbs,SEC,13.0,"[7, 3, 3, 0]",0.3347780704498291,1739.0,1738.0,6.453905735791416,,,
401524034,2023,7,regular,2023-10-14T19:30:00.000Z,False,True,False,True,71321.0,3765.0,Husky Stadium,264,Washington,fbs,Pac-12,36.0,"[14, 8, 7, 7]",0.8344625234603882,1900.0,1900.0,2483,Oregon,fbs,Pac-12,33.0,"[8, 10, 8, 7]",0.16553747653961182,1823.0,1823.0,6.678884257656054,,,
401520317,2023,7,regular,2023-10-14T19:30:00.000Z,False,True,False,False,27829.0,3841.0,Michie Stadium,349,Army,fbs,FBS Independents,0.0,"[0, 0, 0, 0]",0.03837382793426514,1478.0,1444.0,2653,Troy,fbs,Sun Belt,19.0,"[3, 13, 3, 0]",0.9616261720657349,1604.0,1638.0,3.527806567623446,,,
401520320,2023,7,regular,2023-10-14T19:30:00.000Z,False,True,False,True,35580.0,3665.0,SECU Stadium,120,Maryland,fbs,Big Ten,24.0,"[7, 7, 7, 3]",0.5606913566589355,1706.0,1687.0,356,Illinois,fbs,Big Ten,27.0,"[7, 7, 10, 3]",0.43930864334106445,1479.0,1498.0,6.801325392799783,,,
401540593,2023,7,regular,2023-10-14T19:30:00.000Z,False,True,False,True,,5400.0,William B. Greene Jr. Stadium,2193,East Tennessee State,fcs,Southern,41.0,"[10, 17, 7, 7]",0.9832032322883606,,,2747,Wofford,fcs,Southern,10.0,"[0, 0, 3, 7]",0.016796767711639404,,,2.03511365085273,,,
401545865,2023,7,regular,2023-10-14T19:30:00.000Z,False,True,False,True,,4436.0,Adamson Stadium,2858,California (PA),ii,Pennsylvania State Athletic,41.0,"[20, 14, 7, 0]",,,,611,Seton Hill,ii,Pennsylvania State Athletic,14.0,"[0, 0, 8, 6]",,,,,,,
401520322,2023,7,regular,2023-10-14T19:30:00.000Z,False,True,False,False,105533.0,3632.0,Beaver Stadium,213,Penn State,fbs,Big Ten,63.0,"[7, 21, 21, 14]",0.9837354421615601,1943.0,2010.0,113,Massachusetts,fbs,FBS Independents,0.0,"[0, 0, 0, 0]",0.01626455783843994,993.0,926.0,2.1885849319200963,,,
401550466,2023,7,regular,2023-10-14T19:30:00.000Z,False,True,False,True,,5119.0,Maxwell Field,203,Linfield,iii,Northwest,41.0,"[14, 21, 6, 0]",,,,415,George Fox,iii,Northwest,13.0,"[0, 0, 6, 7]",,,,,,,
401531420,2023,7,regular,2023-10-14T19:30:00.000Z,False,True,False,True,,3886.0,Raymond James Stadium,58,South Florida,fbs,American Athletic,14.0,"[0, 14, 0, 0]",0.0024515101686120033,1297.0,1178.0,2226,Florida Atlantic,fbs,American Athletic,56.0,"[7, 14, 21, 14]",0.997548489831388,1357.0,1476.0,5.197648834895648,,,
401525864,2023,7,regular,2023-10-14T19:30:00.000Z,False,True,False,True,53855.0,3646.0,Boone Pickens Stadium,197,Oklahoma State,fbs,Big 12,39.0,"[17, 7, 3, 12]",0.9280037879943848,1497.0,1510.0,2305,Kansas,fbs,Big 12,32.0,"[7, 18, 7, 0]",0.07199621200561523,1559.0,1546.0,6.472400857176329,,,
401525865,2023,7,regular,2023-10-14T19:30:00.000Z,False,True,False,True,44599.0,3616.0,Amon G. Carter Stadium,2628,TCU,fbs,Big 12,44.0,"[14, 17, 10, 3]",0.96671462059021,1632.0,1713.0,252,BYU,fbs,Big 12,11.0,"[0, 8, 3, 0]",0.03328537940979004,1552.0,1471.0,2.1890166037187972,,,
401532420,2023,7,regular,2023-10-14T19:30:00.000Z,False,True,False,True,17886.0,3786.0,Kelly/Shorts Stadium,2117,Central Michigan,fbs,Mid-American,17.0,"[0, 3, 14, 0]",0.951458752155304,1282.0,1282.0,2006,Akron,fbs,Mid-American,10.0,"[3, 0, 0, 7]",0.048541247844696045,1107.0,1107.0,4.391819349988821,,,
401532421,2023,7,regular,2023-10-14T19:30:00.000Z,False,True,False,True,15196.0,3965.0,UB Stadium,2084,Buffalo,fbs,Mid-American,14.0,"[7, 0, 7, 0]",0.4255867302417755,1391.0,1351.0,189,Bowling Green,fbs,Mid-American,24.0,"[10, 14, 0, 0]",0.5744132697582245,1185.0,1225.0,3.822232527586547,,,
401540575,2023,7,regular,2023-10-14T19:30:00.000Z,False,True,False,False,,3788.0,Kenneth P. LaValle Stadium,2619,Stony Brook,fcs,Coastal Athletic,7.0,"[0, 7, 0, 0]",0.05302542820572853,,,2230,Fordham,fcs,Patriot,26.0,"[6, 0, 6, 14]",0.9469745717942715,,,5.351171269735744,,,
401532423,2023,7,regular,2023-10-14T19:30:00.000Z,False,True,False,True,20039.0,3980.0,Waldo Stadium,2711,Western Michigan,fbs,Mid-American,21.0,"[3, 7, 3, 8]",0.0747133269906044,1246.0,1235.0,193,Miami (OH),fbs,Mid-American,34.0,"[14, 7, 0, 13]",0.9252866730093956,1444.0,1455.0,4.559039482407327,,,
401550030,2023,7,regular,2023-10-14T20:00:00.000Z,False,True,False,True,,5789.0,Frank B. Fuhrer Field,2018,Allegheny,iii,Presidents',7.0,"[0, 0, 0, 7]",,,,146,Grove City,iii,Presidents',31.0,"[14, 10, 7, 0]",,,,,,,
401541038,2023,7,regular,2023-10-14T20:00:00.000Z,False,True,False,True,,7076.0,J.W. Babb Stadium,101784,Erskine,ii,South Atlantic,10.0,"[0, 7, 0, 3]",,,,2105,Carson Newman,ii,South Atlantic,14.0,"[0, 7, 7, 0]",,,,,,,
401547010,2023,7,regular,2023-10-14T20:00:00.000Z,False,True,False,True,,3926.0,Setzler Field,2444,Newberry,ii,South Atlantic,38.0,"[7, 10, 7, 14]",,,,2107,Catawba,ii,South Atlantic,31.0,"[7, 3, 14, 7]",,,,,,,
401550280,2023,7,regular,2023-10-14T20:00:00.000Z,False,True,False,True,,6096.0,Austin E. Knowlton Athletics Complex,391,Oberlin,iii,North Coast,7.0,"[0, 0, 0, 7]",,,,2746,Wittenberg,iii,North Coast,72.0,"[21, 28, 16, 7]",,,,,,,
401551730,2023,7,regular,2023-10-14T20:00:00.000Z,False,True,False,True,,6149.0,McCulloch Stadium,2930,Willamette,iii,Northwest,7.0,"[7, 0, 0, 0]",,,,2486,Pacific Lutheran,iii,Northwest,62.0,"[14, 14, 24, 10]",,,,,,,
401544091,2023,7,regular,2023-10-14T20:00:00.000Z,False,True,False,True,,6148.0,The Pine Bowl,2721,Whitworth,iii,Northwest,63.0,"[7, 42, 7, 7]",,,,2508,Puget Sound,iii,Northwest,21.0,"[7, 0, 6, 8]",,,,,,,
401540474,2023,7,regular,2023-10-14T20:00:00.000Z,False,True,False,True,,3658.0,Buccaneer Field,2127,Charleston Southern,fcs,Big South-OVC,24.0,"[10, 7, 0, 7]",0.9499316811561584,,,2815,Lindenwood,fcs,Big South-OVC,10.0,"[0, 0, 10, 0]",0.05006831884384155,,,2.9639503734395882,,,
401540586,2023,7,regular,2023-10-14T20:00:00.000Z,False,True,False,True,,4417.0,Five Star Stadium at the Moye Complex,2382,Mercer,fcs,Southern,10.0,"[0, 0, 10, 0]",0.06136343255639076,,,236,Chattanooga,fcs,Southern,22.0,"[6, 6, 7, 3]",0.9386365674436092,,,4.494099573286815,,,
401540975,2023,7,regular,2023-10-14T20:00:00.000Z,False,True,False,True,,3769.0,Jack Britt Memorial Stadium,437,Lake Erie,ii,Great Midwest Athletic,0.0,"[0, 0, 0, 0]",,,,2838,Tiffin,ii,Great Midwest Athletic,50.0,"[14, 15, 6, 15]",,,,,,,
401540378,2023,7,regular,2023-10-14T20:00:00.000Z,False,True,False,True,,3944.0,Strawberry Stadium,2545,SE Louisiana,fcs,Southland,24.0,"[10, 0, 7, 7]",0.14244244992733002,,,2320,Lamar,fcs,Southland,30.0,"[10, 20, 0, 0]",0.85755755007267,,,4.9675460201530175,,,
401540275,2023,7,regular,2023-10-14T20:00:00.000Z,False,True,False,True,,2023.0,Walkup Skydome,2464,Northern Arizona,fcs,Big Sky,21.0,"[7, 0, 14, 0]",0.001642812043428421,,,2502,Portland State,fcs,Big Sky,45.0,"[7, 14, 14, 10]",0.9983571879565716,,,3.6134992319846346,,,
401540204,2023,7,regular,2023-10-14T20:00:00.000Z,False,True,False,True,,5440.0,Wildcat Stadium (TX),2000,Abilene Christian,fcs,UAC,30.0,"[3, 10, 3, 14]",,,,2453,North Alabama,fcs,UAC,13.0,"[0, 7, 6, 0]",,,,,,,
401540424,2023,7,regular,2023-10-14T20:00:00.000Z,False,True,False,True,,3661.0,Bulldog Stadium,2803,Bryant,fcs,Big South-OVC,43.0,"[16, 6, 7, 14]",,,,2523,Robert Morris,fcs,Big South,24.0,"[0, 14, 3, 7]",,,,,,,
401540431,2023,7,regular,2023-10-14T20:00:00.000Z,False,True,False,True,,3779.0,Manning Field at John L. Guidry Stadium,2447,Nicholls,fcs,Southland,1.0,[1],,,,2466,Northwestern State,fcs,Southland,0.0,[0],,,,,,,
401532424,2023,7,regular,2023-10-14T20:00:00.000Z,False,True,False,True,11143.0,3764.0,Huskie Stadium,2459,Northern Illinois,fbs,Mid-American,23.0,"[7, 0, 10, 6]",0.9942866563796997,1373.0,1405.0,195,Ohio,fbs,Mid-American,13.0,"[3, 10, 0, 0]",0.005713343620300293,1563.0,1531.0,4.54127280961096,,,
401550311,2023,7,regular,2023-10-14T20:00:00.000Z,False,True,False,True,,5799.0,Daly Field at Frank R. Campbell Stadium,2047,Averett,iii,Old Dominion,28.0,"[17, 0, 0, 11]",,,,297,Hampden Sydney,iii,Old Dominion,31.0,"[14, 14, 0, 3]",,,,,,,
401520328,2023,7,regular,2023-10-14T20:00:00.000Z,False,True,False,True,76205.0,347.0,Camp Randall Stadium,275,Wisconsin,fbs,Big Ten,6.0,"[0, 0, 6, 0]",0.342609167098999,1706.0,1683.0,2294,Iowa,fbs,Big Ten,15.0,"[0, 7, 0, 8]",0.657390832901001,1645.0,1668.0,5.901115175574172,,,
401540349,2023,7,regular,2023-10-14T20:00:00.000Z,False,True,False,True,,3746.0,Hanson Field,2710,Western Illinois,fcs,MVFC,7.0,"[0, 7, 0, 0]",0.009375855326652527,,,2623,Missouri State,fcs,MVFC,48.0,"[10, 10, 14, 14]",0.9906241446733475,,,2.831277865799688,,,
401540713,2023,7,regular,2023-10-14T20:00:00.000Z,False,True,False,False,,6030.0,Harms-Eischeid Stadium,389,Upper Iowa,ii,Northern Sun,34.0,"[13, 7, 7, 7, 0]",,,,2816,McKendree,ii,Great Lakes,41.0,"[0, 10, 7, 17, 7]",,,,,,,
401550278,2023,7,regular,2023-10-14T21:00:00.000Z,False,True,False,True,,5854.0,Hoernemann Stadium,191,Heidelberg,iii,Ohio,28.0,"[7, 7, 7, 7]",,,,359,Otterbein,iii,Ohio,8.0,"[0, 2, 0, 6]",,,,,,,
401532597,2023,7,regular,2023-10-14T21:00:00.000Z,False,True,False,True,24578.0,3816.0,Mackay Stadium,2440,Nevada,fbs,Mountain West,27.0,"[7, 0, 7, 13]",0.01711384207010269,1224.0,1199.0,2439,UNLV,fbs,Mountain West,45.0,"[14, 14, 10, 7]",0.9828861579298973,1407.0,1432.0,3.6704673533974304,,,
401550344,2023,7,regular,2023-10-14T21:00:00.000Z,False,True,False,True,,5909.0,Ortmayer Stadium,2318,La Verne,iii,So. Cal.,17.0,"[3, 7, 0, 7]",,,,17,Claremont Mudd Scripps,iii,So. Cal.,30.0,"[14, 3, 7, 6]",,,,,,,
401541877,2023,7,regular,2023-10-14T21:00:00.000Z,False,True,False,True,,3957.0,Tiger Stadium (AL),2695,West Alabama,ii,Gulf South,10.0,"[0, 7, 3, 0]",,,,110242,West Florida,ii,Gulf South,6.0,"[3, 0, 0, 3]",,,,,,,
401540439,2023,7,regular,2023-10-14T21:00:00.000Z,False,True,False,True,,3734.0,Gayle and Tom Benson Stadium,2916,Incarnate Word,fcs,Southland,28.0,"[7, 7, 0, 14]",0.5879639387130737,,,2837,East Texas A&M,fcs,Southland,11.0,"[3, 0, 0, 8]",0.41203606128692627,,,6.176879824177929,,,
401550237,2023,7,regular,2023-10-14T21:00:00.000Z,False,True,False,True,,5841.0,Pete FioRito Stadium at McKinzie Field,101,Eureka,iii,NACC,14.0,"[0, 7, 0, 7]",,,,2741,Wisconsin Lutheran,iii,NACC,42.0,"[0, 28, 14, 0]",,,,,,,
401540188,2023,7,regular,2023-10-14T21:00:00.000Z,False,True,False,True,,3711.0,Estes Stadium,2110,Central Arkansas,fcs,UAC,24.0,"[0, 10, 7, 7]",0.9787961840629578,,,2617,Stephen F. Austin,fcs,UAC,21.0,"[0, 7, 0, 14]",0.021203815937042236,,,5.727011222976539,,,
401540170,2023,7,regular,2023-10-14T21:00:00.000Z,False,True,False,False,,3599.0,Ace W. Mumford Stadium,2582,Southern,fcs,SWAC,45.0,"[28, 0, 7, 10]",0.5316593647003174,,,124179,Lincoln (CA),,,18.0,"[0, 12, 6, 0]",0.4683406352996826,,,11.916429060729545,,,
401545854,2023,7,regular,2023-10-14T21:00:00.000Z,False,True,False,True,,6072.0,Schwan Regional Event Center,2587,Southwest Minnesota State,ii,Northern Sun,17.0,"[14, 3, 0, 0]",,,,425,Northern State,ii,Northern Sun,24.0,"[3, 7, 14, 0]",,,,,,,
401532596,2023,7,regular,2023-10-14T22:00:00.000Z,False,True,False,True,13027.0,3971.0,University Stadium (NM),167,New Mexico,fbs,Mountain West,24.0,"[3, 14, 0, 7]",0.023151662200689316,1113.0,1065.0,23,San José State,fbs,Mountain West,52.0,"[0, 14, 24, 14]",0.9768483377993107,1348.0,1396.0,4.924501711140653,,,
401549790,2023,7,regular,2023-10-14T22:00:00.000Z,False,True,False,True,,6092.0,Bishop Stadium,286,North Carolina Wesleyan,iii,USA South,34.0,"[3, 7, 10, 14]",,,,2256,Greensboro,iii,USA South,28.0,"[14, 0, 0, 14]",,,,,,,
401541799,2023,7,regular,2023-10-14T22:00:00.000Z,False,True,False,True,,3600.0,Tom Adams Field,131,Wayne State (MI),ii,GLIAC,3.0,"[0, 3, 0, 0]",,,,110254,Davenport,ii,GLIAC,32.0,"[7, 13, 9, 3]",,,,,,,
401541843,2023,7,regular,2023-10-14T22:00:00.000Z,False,True,False,True,,5888.0,University Stadium (GA),2698,West Georgia,ii,Gulf South,35.0,"[7, 14, 0, 14]",,,,2804,Chowan,ii,Gulf South,24.0,"[7, 7, 3, 7]",,,,,,,
401544139,2023,7,regular,2023-10-14T22:00:00.000Z,False,True,False,True,,4422.0,Valhalla Stadium,2757,Berry,iii,Southern Athletic,64.0,"[16, 34, 14, 0]",,,,2398,Millsaps,iii,Southern Athletic,7.0,"[0, 7, 0, 0]",,,,,,,
401539990,2023,7,regular,2023-10-14T22:00:00.000Z,False,True,False,False,,3810.0,Nissan Stadium,2634,Tennessee State,fcs,Big South-OVC,24.0,"[17, 0, 0, 7]",0.9837916493415833,,,2450,Norfolk State,fcs,MEAC,17.0,"[0, 6, 3, 8]",0.016208350658416748,,,3.77469270500907,,,
401540239,2023,7,regular,2023-10-14T22:00:00.000Z,False,True,False,True,,1930.0,Holt Arena,304,Idaho State,fcs,Big Sky,42.0,"[0, 14, 7, 21]",,,,331,Eastern Washington,fcs,Big Sky,41.0,"[14, 21, 6, 0]",,,,,,,
401552020,2023,7,regular,2023-10-14T22:30:00.000Z,False,True,False,True,,6133.0,Ellis Oval at Zimman Field,112,Tufts,iii,NESCAC,49.0,"[21, 21, 7, 0]",,,,336,Wesleyan (CT),iii,NESCAC,14.0,"[0, 7, 7, 0]",,,,,,,
401525525,2023,7,regular,2023-10-14T22:30:00.000Z,False,True,False,True,46296.0,3752.0,Acrisure Stadium,221,Pittsburgh,fbs,ACC,38.0,"[7, 7, 17, 7]",0.9868221282958984,1488.0,1549.0,97,Louisville,fbs,ACC,21.0,"[7, 14, 0, 0]",0.013177871704101562,1718.0,1657.0,5.513138053182093,,,
401532598,2023,7,regular,2023-10-14T23:00:00.000Z,False,True,False,True,28311.0,3713.0,Falcon Stadium,2005,Air Force,fbs,Mountain West,34.0,"[7, 10, 7, 10]",0.461992472410202,1797.0,1787.0,2751,Wyoming,fbs,Mountain West,27.0,"[14, 7, 0, 6]",0.538007527589798,1423.0,1433.0,5.414035876918886,,,
401524030,2023,7,regular,2023-10-14T23:00:00.000Z,False,True,False,True,26155.0,3820.0,Gesa Field,265,Washington State,fbs,Pac-12,6.0,"[6, 0, 0, 0]",0.007329576648771763,1615.0,1480.0,12,Arizona,fbs,Pac-12,44.0,"[10, 10, 10, 14]",0.9926704233512282,1471.0,1606.0,2.660775609190165,,,
401541851,2023,7,regular,2023-10-14T23:00:00.000Z,False,True,False,True,,5935.0,Parker Field at McCool Stadium,2170,Delta State,ii,Gulf South,49.0,"[14, 7, 14, 14]",,,,2822,North Greenville,ii,Gulf South,27.0,"[7, 6, 7, 7]",,,,,,,
401549643,2023,7,regular,2023-10-14T23:00:00.000Z,False,True,False,True,,5115.0,McCully Stadium,396,Wheaton (IL),iii,CCIW,50.0,"[7, 12, 17, 14]",,,,2106,Carthage,iii,CCIW,13.0,"[7, 0, 0, 6]",,,,,,,
401520319,2023,7,regular,2023-10-14T23:00:00.000Z,False,True,False,True,102321.0,3958.0,Tiger Stadium (LA),99,LSU,fbs,SEC,48.0,"[17, 3, 14, 14]",0.9971859455108643,1743.0,1809.0,2,Auburn,fbs,SEC,18.0,"[0, 7, 3, 8]",0.002814054489135742,1625.0,1559.0,2.5879563118390494,,,
401531891,2023,7,regular,2023-10-14T23:00:00.000Z,False,True,False,True,27537.0,3644.0,Bobcat Stadium (TX),326,Texas State,fbs,Sun Belt,21.0,"[3, 6, 0, 12]",0.386420875787735,1385.0,1376.0,2433,UL Monroe,fbs,Sun Belt,20.0,"[7, 0, 3, 10]",0.613579124212265,1087.0,1096.0,6.818934772899059,,,
401549756,2023,7,regular,2023-10-14T23:00:00.000Z,False,True,False,True,,6090.0,Sherman Field at McConagha Stadium,332,Muskingum,iii,Ohio,22.0,"[3, 0, 6, 13]",,,,188,Baldwin Wallace,iii,Ohio,34.0,"[7, 7, 0, 20]",,,,,,,
401550877,2023,7,regular,2023-10-14T23:00:00.000Z,False,True,False,True,,6153.0,Hanson Stadium,205,Pacific (OR),iii,Northwest,35.0,"[7, 7, 7, 14]",,,,2333,Lewis & Clark,iii,Northwest,51.0,"[3, 14, 20, 14]",,,,,,,
401540790,2023,7,regular,2023-10-14T23:00:00.000Z,False,True,False,True,,3950.0,Superior Dome,128,Northern Michigan,ii,GLIAC,0.0,"[0, 0, 0, 0]",,,,2392,Michigan Tech,ii,GLIAC,62.0,"[17, 14, 24, 7]",,,,,,,
401558744,2023,7,regular,2023-10-14T23:00:00.000Z,False,True,True,True,,7513.0,O'Hara Field,127954,Eastern,iii,Mid Atlantic,21.0,"[7, 7, 7, 0]",,,,2015,Albright,iii,Mid Atlantic,9.0,"[0, 7, 0, 2]",,,,,,,
401541908,2023,7,regular,2023-10-14T23:00:00.000Z,False,True,False,True,,5917.0,Ratliff Stadium,110243,UT Permian Basin,ii,Lone Star,52.0,"[6, 15, 10, 21]",,,,2201,Eastern New Mexico,ii,Lone Star,29.0,"[7, 7, 0, 15]",,,,,,,
401525866,2023,7,regular,2023-10-14T23:00:00.000Z,False,True,False,True,56200.0,3784.0,Jones AT&T Stadium,2641,Texas Tech,fbs,Big 12,21.0,"[0, 14, 7, 0]",0.003372390754520893,1668.0,1637.0,2306,Kansas State,fbs,Big 12,38.0,"[10, 7, 14, 7]",0.9966276092454791,1769.0,1800.0,6.153387988086046,,,
401541756,2023,7,regular,2023-10-14T23:00:00.000Z,False,True,False,True,,5885.0,First Security Stadium,2264,Harding,ii,Great American,41.0,"[7, 3, 10, 21]",,,,2888,Ouachita Baptist,ii,Great American,10.0,"[0, 3, 7, 0]",,,,,,,
401540168,2023,7,regular,2023-10-14T23:00:00.000Z,False,True,False,False,,4424.0,Husky Stadium,2277,Houston Christian,fcs,Southland,30.0,"[10, 14, 3, 3]",1.0,,,2504,Prairie View A&M,fcs,SWAC,0.0,"[0, 0, 0, 0]",0.0,,,2.1323906678671385,,,
401531889,2023,7,regular,2023-10-14T23:00:00.000Z,False,True,False,True,,4246.0,Center Parc Stadium,2247,Georgia State,fbs,Sun Belt,41.0,"[14, 13, 0, 14]",0.9487507343292236,1487.0,1532.0,276,Marshall,fbs,Sun Belt,24.0,"[7, 10, 7, 0]",0.05124926567077637,1563.0,1518.0,4.147927263546041,,,
401520318,2023,7,regular,2023-10-14T23:30:00.000Z,False,True,False,True,61654.0,3683.0,Kroger Field,96,Kentucky,fbs,SEC,21.0,"[14, 0, 7, 0]",0.019587013870477676,1645.0,1591.0,142,Missouri,fbs,SEC,38.0,"[0, 17, 3, 18]",0.9804129861295223,1526.0,1580.0,5.561388092180199,,,
401524031,2023,7,regular,2023-10-14T23:30:00.000Z,False,True,False,False,77622.0,3855.0,Notre Dame Stadium,87,Notre Dame,fbs,FBS Independents,48.0,"[7, 17, 7, 17]",0.9617031216621399,1815.0,1892.0,30,USC,fbs,Pac-12,20.0,"[3, 3, 7, 7]",0.03829687833786011,1845.0,1768.0,2.7815496124024723,,,
401525526,2023,7,regular,2023-10-14T23:30:00.000Z,False,True,False,True,50500.0,3787.0,Kenan Stadium,153,North Carolina,fbs,ACC,41.0,"[7, 7, 21, 6]",0.9586334228515625,1752.0,1756.0,2390,Miami,fbs,ACC,31.0,"[0, 17, 0, 14]",0.0413665771484375,1564.0,1560.0,5.582649543078072,,,
401540289,2023,7,regular,2023-10-15T00:00:00.000Z,False,True,False,True,,3942.0,Stewart Stadium,2692,Weber State,fcs,Big Sky,16.0,"[3, 7, 3, 3]",0.3933514952659607,,,302,UC Davis,fcs,Big Sky,17.0,"[7, 7, 3, 0]",0.6066485047340393,,,6.429838606040848,,,
401540230,2023,7,regular,2023-10-15T00:00:00.000Z,False,True,False,True,,3643.0,Bobcat Stadium,147,Montana State,fcs,Big Sky,59.0,"[21, 17, 7, 14]",0.9974609548259181,,,13,Cal Poly,fcs,Big Sky,19.0,"[6, 7, 6, 0]",0.0025390451740818776,,,3.0025075313,,,
401525523,2023,7,regular,2023-10-15T00:00:00.000Z,False,True,False,True,31833.0,3982.0,Wallace Wade Stadium,150,Duke,fbs,ACC,24.0,"[7, 10, 7, 0]",0.9726876020431519,1676.0,1711.0,152,NC State,fbs,ACC,3.0,"[3, 0, 0, 0]",0.027312397956848145,1537.0,1502.0,2.661995451434527,,,
401540985,2023,7,regular,2023-10-15T00:00:00.000Z,False,True,False,True,,6049.0,"Memorial Stadium (Wichita Falls, TX)",2395,Midwestern State,ii,Lone Star,7.0,"[0, 7, 0, 0]",,,,2120,Central Washington,ii,Lone Star,10.0,"[0, 3, 7, 0]",,,,,,,
401541894,2023,7,regular,2023-10-15T00:00:00.000Z,False,True,False,True,,6076.0,Javelina Stadium,2658,Texas A&M-Kingsville,ii,Lone Star,16.0,"[3, 3, 3, 7]",,,,2025,Angelo State,ii,Lone Star,38.0,"[0, 14, 21, 3]",,,,,,,
401524032,2023,7,regular,2023-10-15T00:00:00.000Z,False,True,False,True,37600.0,3893.0,Reser Stadium,204,Oregon State,fbs,Pac-12,36.0,"[13, 10, 13, 0]",1.0,1774.0,1790.0,26,UCLA,fbs,Pac-12,24.0,"[0, 10, 7, 7]",0.0,1687.0,1671.0,3.540943314517518,,,
401541915,2023,7,regular,2023-10-15T00:00:00.000Z,False,True,False,True,,5884.0,Buffalo Stadium,2704,West Texas,ii,Lone Star,49.0,"[14, 14, 7, 14]",,,,2703,Western New Mexico,ii,Lone Star,27.0,"[0, 15, 6, 6]",,,,,,,
401531381,2023,7,regular,2023-10-15T00:00:00.000Z,False,True,False,True,23808.0,3604.0,Alamodome,2636,UTSA,fbs,American Athletic,41.0,"[21, 3, 7, 10]",0.9562598466873169,1518.0,1561.0,5,UAB,fbs,American Athletic,20.0,"[7, 6, 7, 0]",0.043740153312683105,1456.0,1413.0,3.18971142192192,,,
401532593,2023,7,regular,2023-10-15T01:45:00.000Z,False,True,False,True,34901.0,5388.0,Canvas Stadium,36,Colorado State,fbs,Mountain West,31.0,"[0, 0, 10, 21]",0.44105619192123413,1260.0,1268.0,68,Boise State,fbs,Mountain West,30.0,"[7, 10, 0, 13]",0.5589438080787659,1541.0,1533.0,5.44839582427994,,,
401544149,2023,7,regular,2023-10-15T02:00:00.000Z,False,True,False,True,,6106.0,Ted Runner Stadium,29,Redlands,iii,So. Cal.,20.0,"[0, 17, 0, 3]",,,,2094,Cal Lutheran,iii,So. Cal.,10.0,"[0, 0, 7, 3]",,,,,,,
401550332,2023,7,regular,2023-10-15T02:00:00.000Z,False,True,False,True,,6103.0,Merritt Field,2923,Pomona Pitzer,iii,So. Cal.,0.0,"[0, 0, 0, 0]",,,,411,Chapman,iii,So. Cal.,21.0,"[14, 0, 7, 0]",,,,,,,
401540246,2023,7,regular,2023-10-15T02:30:00.000Z,False,True,False,True,,3791.0,Kibbie Dome,70,Idaho,fcs,Big Sky,21.0,"[0, 7, 0, 14]",0.029307840391993523,,,149,Montana,fcs,Big Sky,23.0,"[10, 10, 0, 3]",0.9706921596080065,,,4.83964132164932,,,
401532595,2023,7,regular,2023-10-15T03:00:00.000Z,False,True,False,True,10039.0,7220.0,Clarence T.C. Ching Athletics Complex,62,Hawai'i,fbs,Mountain West,34.0,"[0, 14, 10, 10]",0.10369419306516647,1113.0,1118.0,21,San Diego State,fbs,Mountain West,41.0,"[10, 7, 3, 21]",0.8963058069348335,1361.0,1356.0,6.36106246923315,,,
401520330,2023,8,regular,2023-10-17T23:00:00.000Z,False,True,False,True,16354.0,3992.0,Williams Stadium (VA),2335,Liberty,fbs,Conference USA,42.0,"[14, 7, 14, 7]",0.7809522151947021,1611.0,1603.0,2393,Middle Tennessee,fbs,Conference USA,35.0,"[14, 7, 14, 0]",0.21904778480529785,1285.0,1293.0,6.405583033837419,,,
401531892,2023,8,regular,2023-10-17T23:30:00.000Z,False,True,False,True,23478.0,6526.0,Hancock Whitney Stadium,6,South Alabama,fbs,Sun Belt,55.0,"[14, 17, 17, 7]",0.9941574335098267,1613.0,1716.0,2572,Southern Miss,fbs,Sun Belt,3.0,"[0, 0, 3, 0]",0.00584256649017334,1218.0,1115.0,1.7979402381663003,,,
401520329,2023,8,regular,2023-10-17T23:30:00.000Z,False,True,False,True,17977.0,3662.0,AmFirst Stadium,55,Jacksonville State,fbs,Conference USA,20.0,"[0, 10, 0, 10]",0.8367243409156799,1485.0,1487.0,98,Western Kentucky,fbs,Conference USA,17.0,"[10, 7, 0, 0]",0.16327565908432007,1529.0,1527.0,6.176394675151082,,,
401520331,2023,8,regular,2023-10-18T23:00:00.000Z,False,True,False,True,7543.0,3647.0,Elliott T. Bowers Stadium,2534,Sam Houston,fbs,Conference USA,27.0,"[0, 10, 0, 10, 7, 0]",0.7359994649887085,1355.0,1319.0,2229,Florida International,fbs,Conference USA,33.0,"[3, 7, 7, 3, 7, 6]",0.2640005350112915,1045.0,1081.0,7.4529272599786065,,,
401520332,2023,8,regular,2023-10-19T01:00:00.000Z,False,True,False,True,19727.0,3946.0,Sun Bowl,2638,UTEP,fbs,Conference USA,7.0,"[0, 7, 0, 0]",0.0,1196.0,1156.0,166,New Mexico State,fbs,Conference USA,28.0,"[7, 0, 14, 7]",1.0,1320.0,1360.0,4.2919153917949915,,,
401531893,2023,8,regular,2023-10-19T23:00:00.000Z,False,True,False,True,22109.0,3775.0,Joan C. Edwards Stadium,276,Marshall,fbs,Sun Belt,9.0,"[0, 0, 2, 7]",0.0,1518.0,1507.0,256,James Madison,fbs,Sun Belt,20.0,"[0, 3, 10, 7]",1.0,1662.0,1673.0,4.896606278579259,,,
401545749,2023,8,regular,2023-10-19T23:00:00.000Z,False,True,False,True,,3642.0,Bobcat Stadium (MD),2707,West Virginia State,ii,Mountain East,14.0,"[7, 0, 0, 7]",,,,341,Frostburg State,ii,Mountain East,28.0,"[7, 14, 0, 7]",,,,,,,
401531341,2023,8,regular,2023-10-19T23:00:00.000Z,False,True,False,True,18527.0,3674.0,Chapman Stadium,202,Tulsa,fbs,American Athletic,10.0,"[0, 10, 0, 0]",0.20364806056022644,1330.0,1219.0,242,Rice,fbs,American Athletic,42.0,"[14, 7, 14, 7]",0.7963519394397736,1189.0,1300.0,4.024088038840769,,,
401539983,2023,8,regular,2023-10-19T23:30:00.000Z,False,True,False,True,,3762.0,Hughes Stadium,2415,Morgan State,fcs,MEAC,10.0,"[3, 0, 0, 7]",0.27844271063804626,,,2428,North Carolina Central,fcs,MEAC,16.0,"[0, 0, 3, 13]",0.7215572893619537,,,4.412857449983375,,,
401540432,2023,8,regular,2023-10-20T00:00:00.000Z,False,True,False,True,,3963.0,Harry Turpin Stadium,2466,Northwestern State,fcs,Southland,20.0,"[10, 7, 0, 3]",0.03632301092147827,,,2545,SE Louisiana,fcs,Southland,37.0,"[14, 7, 13, 3]",0.9636769890785217,,,5.897607810952879,,,
401531391,2023,8,regular,2023-10-20T23:00:00.000Z,False,True,False,True,11232.0,3806.0,Lincoln Financial Field,218,Temple,fbs,American Athletic,0.0,"[0, 0, 0, 0]",0.0,1049.0,948.0,2567,SMU,fbs,American Athletic,55.0,"[14, 10, 17, 14]",1.0,1552.0,1653.0,4.295221155184815,,,
401550126,2023,8,regular,2023-10-20T23:00:00.000Z,False,True,False,True,,6142.0,Westside Athletic Complex,2843,Western Connecticut State,iii,MSCAC,28.0,"[0, 7, 14, 7]",,,,110,Mass Maritime,iii,MSCAC,0.0,"[0, 0, 0, 0]",,,,,,,
401549740,2023,8,regular,2023-10-21T16:00:00.000Z,False,True,False,True,,3889.0,Reinhart Field,2951,SUNY Maritime,iii,NEWMAC,28.0,"[7, 7, 7, 7]",,,,109,MIT,iii,NEWMAC,35.0,"[7, 13, 7, 8]",,,,,,,
401520343,2023,8,regular,2023-10-21T16:00:00.000Z,False,True,False,True,105506.0,3861.0,Ohio Stadium,194,Ohio State,fbs,Big Ten,20.0,"[3, 7, 0, 10]",0.9509031176567078,2073.0,2081.0,213,Penn State,fbs,Big Ten,12.0,"[3, 3, 0, 6]",0.049096882343292236,2010.0,2002.0,4.222438303404965,,,
401520334,2023,8,regular,2023-10-21T16:00:00.000Z,False,True,False,True,71505.0,3887.0,Razorback Stadium,8,Arkansas,fbs,SEC,3.0,"[3, 0, 0, 0]",0.1885746419429779,1607.0,1596.0,344,Mississippi State,fbs,SEC,7.0,"[0, 7, 0, 0]",0.8114253580570221,1538.0,1549.0,4.710120177330631,,,
401552882,2023,8,regular,2023-10-21T16:00:00.000Z,False,True,False,True,,3690.0,Charles L. Currier Memorial Field,2972,Plymouth State,iii,MSCAC,35.0,"[7, 21, 7, 0]",,,,402,Worcester State,iii,MSCAC,0.0,"[0, 0, 0, 0]",,,,,,,
401539974,2023,8,regular,2023-10-21T16:00:00.000Z,False,True,False,True,,3613.0,Alumni Stadium,2169,Delaware State,fcs,MEAC,7.0,"[7, 0, 0, 0]",0.014105279929935932,,,2569,South Carolina State,fcs,MEAC,35.0,"[0, 21, 7, 7]",0.9858947200700641,,,2.9890595631475647,,,
401540007,2023,8,regular,2023-10-21T16:00:00.000Z,False,True,False,True,,3979.0,Wagner College Stadium,2681,Wagner,fcs,NEC,3.0,"[3, 0, 0, 0]",0.0,,,2115,Central Connecticut,fcs,NEC,17.0,"[10, 7, 0, 0]",1.0,,,3.61162964408031,,,
401525528,2023,8,regular,2023-10-21T16:00:00.000Z,False,True,False,True,35656.0,721.0,Bobby Dodd Stadium,59,Georgia Tech,fbs,ACC,23.0,"[7, 3, 13, 0]",0.0783873125910759,1369.0,1328.0,103,Boston College,fbs,ACC,38.0,"[10, 7, 0, 21]",0.9216126874089241,1315.0,1356.0,6.2290646945075645,,,
401544057,2023,8,regular,2023-10-21T16:00:00.000Z,False,True,False,True,,5788.0,Merrill Field at Yunevich Stadium,365,Alfred,iii,Empire 8,0.0,"[0, 0, 0, 0]",,,,390,Utica,iii,Empire 8,28.0,"[7, 16, 3, 2]",,,,,,,
401531434,2023,8,regular,2023-10-21T16:00:00.000Z,False,True,False,False,38803.0,3852.0,Navy-Marine Corps Memorial Stadium,2426,Navy,fbs,American Athletic,6.0,"[0, 0, 0, 6]",0.01579103246331215,1365.0,1376.0,2005,Air Force,fbs,Mountain West,17.0,"[0, 7, 3, 7]",0.9842089675366879,1787.0,1776.0,3.39677224092019,,,
401545787,2023,8,regular,2023-10-21T16:00:00.000Z,False,True,False,True,,3848.0,Multi-Sport Stadium,2038,Assumption,ii,Northeast 10,0.0,"[0, 0, 0, 0]",,,,2830,Saint Anselm,ii,Northeast 10,14.0,"[7, 0, 7, 0]",,,,,,,
401534854,2023,8,regular,2023-10-21T16:00:00.000Z,False,True,False,True,,3990.0,William H. Greene Stadium,47,Howard,fcs,MEAC,27.0,"[6, 3, 3, 15]",0.7580240964889526,,,2450,Norfolk State,fcs,MEAC,23.0,"[3, 14, 0, 6]",0.24197590351104736,,,7.064330988989954,,,
401525868,2023,8,regular,2023-10-21T16:00:00.000Z,False,True,False,True,38193.0,3854.0,Nippert Stadium,2132,Cincinnati,fbs,Big 12,29.0,"[0, 14, 0, 15]",0.38697484135627747,1522.0,1514.0,239,Baylor,fbs,Big 12,32.0,"[3, 17, 9, 3]",0.6130251586437225,1459.0,1467.0,7.8557187294171875,,,
401544066,2023,8,regular,2023-10-21T16:00:00.000Z,False,True,False,True,,5842.0,Robert T. Shields Field,2221,FDU Florham,iii,Mid Atlantic,41.0,"[7, 24, 7, 3]",,,,111674,Alvernia,iii,Mid Atlantic,16.0,"[3, 0, 7, 6]",,,,,,,
401553012,2023,8,regular,2023-10-21T16:00:00.000Z,False,True,False,True,,5127.0,Gene L. Shirk Stadium,2015,Albright,iii,Mid Atlantic,3.0,"[0, 3, 0, 0]",,,,2725,Widener,iii,Mid Atlantic,48.0,"[13, 21, 14, 0]",,,,,,,
401549611,2023,8,regular,2023-10-21T16:00:00.000Z,False,True,False,True,,3717.0,Edwin Fauver Stadium,184,Rochester (NY),iii,Liberty League,10.0,"[0, 3, 0, 7]",,,,175,Ithaca,iii,Liberty League,24.0,"[0, 3, 0, 21]",,,,,,,
401545872,2023,8,regular,2023-10-21T16:00:00.000Z,False,True,False,True,,4440.0,Sox Harrison Stadium,2205,Edinboro,ii,Pennsylvania State Athletic,20.0,"[7, 0, 0, 13]",,,,2134,Clarion,ii,Pennsylvania State Athletic,34.0,"[7, 14, 13, 0]",,,,,,,
401553031,2023,8,regular,2023-10-21T16:00:00.000Z,False,True,False,True,,5831.0,Dale Lippert Field,110438,Dean,iii,ECFC,20.0,"[0, 20, 0, 0]",,,,15,Anna Maria College,iii,ECFC,52.0,"[18, 27, 0, 7]",,,,,,,
401549664,2023,8,regular,2023-10-21T16:00:00.000Z,False,True,False,True,,5919.0,Ron Roberts Field at the Banta Bowl,268,Lawrence,iii,Midwest,0.0,"[0, 0, 0, 0]",,,,2286,Illinois College,iii,Midwest,72.0,"[21, 35, 16, 0]",,,,,,,
401549702,2023,8,regular,2023-10-21T16:00:00.000Z,False,True,False,True,,5868.0,Ronald J. Abdow Field,2022,American International,ii,Northeast 10,12.0,"[6, 0, 6, 0]",,,,2060,Bentley,ii,Northeast 10,62.0,"[13, 13, 30, 6]",,,,,,,
401549736,2023,8,regular,2023-10-21T16:00:00.000Z,False,True,False,True,,5997.0,Brooks Stadium (NY),2383,Merchant Marine,iii,NEWMAC,40.0,"[16, 7, 7, 10]",,,,2749,WPI,iii,NEWMAC,28.0,"[7, 7, 14, 0]",,,,,,,
401544197,2023,8,regular,2023-10-21T16:00:00.000Z,False,True,False,True,,3997.0,Yale Bowl,43,Yale,fcs,Ivy,17.0,"[7, 7, 0, 3]",0.01945618912577629,,,219,Pennsylvania,fcs,Ivy,27.0,"[7, 10, 3, 7]",0.9805438108742237,,,5.276387379936575,,,
401541822,2023,8,regular,2023-10-21T16:00:00.000Z,False,True,True,False,,6129.0,BB&T Field at Griffin Plaza,2646,Thomas More,,,33.0,"[7, 14, 0, 12]",,,,2273,Hillsdale,ii,Great Midwest Athletic,35.0,"[7, 14, 14, 0]",,,,,,,
401540023,2023,8,regular,2023-10-21T16:00:00.000Z,False,True,False,True,,6043.0,Bethpage Federal Credit Union Stadium,2341,Long Island University,fcs,NEC,0.0,"[0, 0, 0, 0]",,,,2771,Merrimack,fcs,NEC,39.0,"[10, 10, 16, 3]",,,,,,,
401545894,2023,8,regular,2023-10-21T16:00:00.000Z,False,True,False,True,,5133.0,Ram Stadium (WV),2974,Shepherd,ii,Pennsylvania State Athletic,59.0,"[10, 21, 21, 7]",,,,223,West Chester,ii,Pennsylvania State Athletic,21.0,"[7, 0, 7, 7]",,,,,,,
401553857,2023,8,regular,2023-10-21T16:00:00.000Z,False,True,False,True,,3851.0,Mustang Stadium,471,Stevenson,iii,Mid Atlantic,33.0,"[6, 7, 8, 12]",,,,2969,Misericordia,iii,Mid Atlantic,21.0,"[7, 7, 7, 0]",,,,,,,
401550104,2023,8,regular,2023-10-21T16:00:00.000Z,False,True,False,False,,5902.0,Knox Stadium,246,Juniata,iii,Landmark Conference,13.0,"[7, 6, 0, 0]",,,,323,Moravian,iii,Landmark Conference,44.0,"[8, 21, 7, 8]",,,,,,,
401541107,2023,8,regular,2023-10-21T16:00:00.000Z,False,True,False,False,,6119.0,Stagg Field,81,Springfield,iii,NEWMAC,31.0,"[7, 10, 7, 7]",,,,2776,Salve Regina,iii,Commonwealth Coast,21.0,"[0, 0, 14, 7]",,,,,,,
401551514,2023,8,regular,2023-10-21T16:00:00.000Z,False,True,False,True,,5637.0,Vendetti Field,2884,Nichols,iii,Commonwealth Coast,0.0,"[0, 0, 0, 0]",,,,452,Endicott,iii,Commonwealth Coast,48.0,"[14, 14, 7, 13]",,,,,,,
401520337,2023,8,regular,2023-10-21T16:00:00.000Z,False,True,False,True,,3830.0,"Memorial Stadium (Bloomington, IN)",84,Indiana,fbs,Big Ten,14.0,"[7, 7, 0, 0]",0.009180295281112194,1319.0,1290.0,164,Rutgers,fbs,Big Ten,31.0,"[7, 10, 7, 7]",0.9908197047188878,1436.0,1465.0,4.1105718973621235,,,
401549807,2023,8,regular,2023-10-21T16:00:00.000Z,False,True,False,True,,5802.0,Belhaven Bowl Stadium,2056,Belhaven,iii,USA South,45.0,"[14, 10, 14, 7]",,,,291,Methodist,iii,USA South,10.0,"[0, 3, 0, 7]",,,,,,,
401550058,2023,8,regular,2023-10-21T16:00:00.000Z,False,True,False,True,,6120.0,Growney Stadium,374,St. John Fisher,iii,Empire 8,14.0,"[7, 0, 0, 7]",,,,2782,SUNY Cortland,iii,Empire 8,42.0,"[14, 14, 14, 0]",,,,,,,
401525871,2023,8,regular,2023-10-21T16:00:00.000Z,False,True,False,True,83476.0,3835.0,"Memorial Stadium (Norman, OK)",201,Oklahoma,fbs,Big 12,31.0,"[7, 10, 0, 14]",0.45751073956489563,1939.0,1934.0,2116,UCF,fbs,Big 12,29.0,"[0, 17, 6, 6]",0.5424892604351044,1540.0,1545.0,7.315160053350598,,,
401532428,2023,8,regular,2023-10-21T16:00:00.000Z,False,True,False,True,16048.0,3876.0,Peden Stadium,195,Ohio,fbs,Mid-American,20.0,"[3, 3, 7, 7]",0.8812229633331299,1531.0,1528.0,2711,Western Michigan,fbs,Mid-American,17.0,"[0, 0, 10, 7]",0.11877703666687012,1235.0,1238.0,4.978513390520353,,,
401549791,2023,8,regular,2023-10-21T16:00:00.000Z,False,True,False,True,,5852.0,Jamieson Stadium,2256,Greensboro,iii,USA South,8.0,"[0, 0, 0, 8]",,,,2938,Huntingdon,iii,USA South,56.0,"[7, 21, 14, 14]",,,,,,,
401550413,2023,8,regular,2023-10-21T16:00:00.000Z,False,True,False,True,,6092.0,Bishop Stadium,286,North Carolina Wesleyan,iii,USA South,34.0,"[0, 13, 7, 14]",,,,2896,Southern Virginia,iii,USA South,7.0,"[0, 0, 0, 7]",,,,,,,
401550274,2023,8,regular,2023-10-21T16:00:00.000Z,False,True,False,True,,5906.0,McBride Field,352,Kenyon,iii,North Coast,18.0,"[0, 6, 6, 6]",,,,89,Wabash,iii,North Coast,67.0,"[12, 28, 24, 3]",,,,,,,
401558401,2023,8,regular,2023-10-21T16:00:00.000Z,False,True,False,True,,5907.0,McCarthy Stadium (Wilkes Barre),247,King's,iii,Mid Atlantic,28.0,"[14, 7, 7, 0]",,,,127954,Eastern,iii,Mid Atlantic,18.0,"[3, 0, 0, 15]",,,,,,,
401549577,2023,8,regular,2023-10-21T16:00:00.000Z,False,True,False,True,,6134.0,Frank Bailey Field,237,Union,iii,Liberty League,27.0,"[7, 7, 10, 3]",,,,174,Hobart,iii,Liberty League,10.0,"[3, 7, 0, 0]",,,,,,,
401531382,2023,8,regular,2023-10-21T16:00:00.000Z,False,True,False,True,20269.0,7221.0,Protective Stadium,5,UAB,fbs,American Athletic,21.0,"[14, 7, 0, 0]",0.044174160808324814,1413.0,1365.0,235,Memphis,fbs,American Athletic,45.0,"[7, 14, 17, 7]",0.9558258391916752,1545.0,1593.0,5.3892993438096575,,,
401550250,2023,8,regular,2023-10-21T16:30:00.000Z,False,True,False,True,,6101.0,"Memorial Stadium (Westerville, OH)",359,Otterbein,iii,Ohio,0.0,"[0, 0, 0, 0]",,,,188,Baldwin Wallace,iii,Ohio,24.0,"[14, 10, 0, 0]",,,,,,,
401547029,2023,8,regular,2023-10-21T17:00:00.000Z,False,True,False,True,,5840.0,Fred Selfe Stadium at Nicewonder Field,2213,Emory & Henry,ii,South Atlantic,27.0,"[0, 3, 6, 15, 3]",,,,2839,Tusculum,ii,South Atlantic,24.0,"[0, 14, 0, 10, 0]",,,,,,,
401540302,2023,8,regular,2023-10-21T17:00:00.000Z,False,True,False,True,,3829.0,Memorial Stadium,282,Indiana State,fcs,MVFC,3.0,"[0, 3, 0, 0]",0.17290136218070984,,,233,South Dakota,fcs,MVFC,17.0,"[0, 3, 7, 7]",0.8270986378192902,,,3.9824980770240512,,,
401540564,2023,8,regular,2023-10-21T17:00:00.000Z,False,True,False,True,,4416.0,Spec Martin Municipal Stadium,56,Stetson,fcs,Pioneer,6.0,"[0, 0, 0, 6]",0.017517289146780968,,,2900,St. Thomas (MN),fcs,Pioneer,38.0,"[7, 10, 7, 14]",0.982482710853219,,,2.611869957203068,,,
401547210,2023,8,regular,2023-10-21T17:00:00.000Z,False,True,False,True,,5830.0,Walter M. Katz Field,40,Curry,iii,Commonwealth Coast,13.0,"[0, 10, 3, 0]",,,,111675,New England,iii,Commonwealth Coast,19.0,"[13, 0, 0, 6]",,,,,,,
401540673,2023,8,regular,2023-10-21T17:00:00.000Z,False,True,False,True,,6032.0,Hovey Field,2676,Virginia Union,ii,CIAA,57.0,"[17, 7, 26, 7]",,,,2339,Lincoln (PA),ii,CIAA,0.0,"[0, 0, 0, 0]",,,,,,,
401545733,2023,8,regular,2023-10-21T17:00:00.000Z,False,True,False,True,,5887.0,I.L. & Sue Morris Stadium,2249,Glenville State,ii,Mountain East,44.0,"[7, 16, 7, 14]",,,,2148,Concord,ii,Mountain East,7.0,"[0, 0, 7, 0]",,,,,,,
401551922,2023,8,regular,2023-10-21T17:00:00.000Z,False,True,False,True,,5848.0,Hotchkiss Field,417,Gallaudet,iii,ECFC,38.0,"[7, 7, 14, 10]",,,,3162,Alfred State,iii,ECFC,24.0,"[10, 7, 0, 7]",,,,,,,
401547183,2023,8,regular,2023-10-21T17:00:00.000Z,False,True,False,True,,6123.0,Jackson Field,2834,Sul Ross State,iii,American Southwest,7.0,"[0, 0, 0, 7]",,,,2810,Hardin Simmons,iii,American Southwest,55.0,"[7, 34, 7, 7]",,,,,,,
401545740,2023,8,regular,2023-10-21T17:00:00.000Z,False,True,False,True,,5121.0,University of Charleston Stadium,2128,Charleston (WV),ii,Mountain East,30.0,"[0, 14, 3, 13]",,,,2986,Fairmont State,ii,Mountain East,33.0,"[7, 9, 7, 10]",,,,,,,
401550339,2023,8,regular,2023-10-21T17:00:00.000Z,False,True,False,True,,5896.0,Lewis C. Everett Stadium,297,Hampden Sydney,iii,Old Dominion,17.0,"[14, 0, 3, 0]",,,,2688,Washington and Lee,iii,Old Dominion,21.0,"[0, 7, 7, 7]",,,,,,,
401541116,2023,8,regular,2023-10-21T17:00:00.000Z,False,True,False,True,,6105.0,Day Field,2516,Randolph Macon,iii,Old Dominion,48.0,"[14, 14, 6, 14]",,,,2828,Shenandoah,iii,Old Dominion,13.0,"[0, 6, 0, 7]",,,,,,,
401540052,2023,8,regular,2023-10-21T17:00:00.000Z,False,True,False,True,,3676.0,Christy Mathewson-Memorial Stadium,2083,Bucknell,fcs,Patriot,18.0,"[0, 3, 0, 15]",0.046729475259780884,,,2329,Lehigh,fcs,Patriot,27.0,"[7, 13, 0, 7]",0.9532705247402191,,,4.766404358446876,,,
401552545,2023,8,regular,2023-10-21T17:00:00.000Z,False,True,True,False,,6211.0,Sodexo Field,112334,Franklin Pierce,ii,Northeast 10,13.0,"[0, 7, 6, 0]",,,,126086,Post,ii,Independent DII,16.0,"[0, 3, 6, 7]",,,,,,,
401549824,2023,8,regular,2023-10-21T17:00:00.000Z,False,True,False,False,,6124.0,Amos Alonzo Stagg Field (PA),216,Susquehanna,iii,Landmark Conference,34.0,"[7, 13, 14, 0]",,,,398,Wilkes,iii,Landmark Conference,7.0,"[7, 0, 0, 0]",,,,,,,
401545866,2023,8,regular,2023-10-21T17:00:00.000Z,False,True,False,True,,4430.0,Mihalik-Thompson Stadium,215,Slippery Rock,ii,Pennsylvania State Athletic,42.0,"[7, 7, 21, 7]",,,,2858,California (PA),ii,Pennsylvania State Athletic,21.0,"[6, 7, 0, 8]",,,,,,,
401553030,2023,8,regular,2023-10-21T17:00:00.000Z,False,True,False,True,,3922.0,Kenneth R. Gill Stadium,2700,McDaniel,iii,Centennial,17.0,"[3, 7, 0, 7]",,,,2234,Franklin & Marshall,iii,Centennial,27.0,"[10, 10, 7, 0]",,,,,,,
401545780,2023,8,regular,2023-10-21T17:00:00.000Z,False,False,False,True,,6212.0,Bishop Schmitt Field,112335,Wheeling,ii,Mountain East,0.0,[],,,,2017,Alderson-Broaddus,ii,Mountain East,0.0,[],,,,,,,
401550114,2023,8,regular,2023-10-21T17:00:00.000Z,False,True,False,True,,5833.0,Robert A. Lipinski Field at James Work Memorial Stadium,2808,Delaware Valley,iii,Mid Atlantic,21.0,"[8, 0, 6, 7]",,,,388,Lebanon Valley,iii,Mid Atlantic,17.0,"[6, 0, 3, 8]",,,,,,,
401549748,2023,8,regular,2023-10-21T17:00:00.000Z,False,True,False,True,,3879.0,TowneBank Stadium,3112,Christopher Newport,iii,New Jersey,34.0,"[13, 14, 7, 0]",,,,2871,Kean,iii,New Jersey,10.0,"[0, 3, 0, 7]",,,,,,,
401541126,2023,8,regular,2023-10-21T17:00:00.000Z,False,True,False,True,,5853.0,Francis Field (IL),2257,Greenville,iii,Upper Midwest,12.0,"[6, 3, 3, 0]",,,,583,Northwestern (MN),iii,Upper Midwest,32.0,"[0, 7, 14, 11]",,,,,,,
401546993,2023,8,regular,2023-10-21T17:00:00.000Z,False,True,False,False,,3638.0,MDU Resources Community Bowl,559,University of Mary,ii,Northern Sun,34.0,"[0, 18, 6, 10]",,,,110254,Davenport,ii,GLIAC,44.0,"[16, 10, 7, 11]",,,,,,,
401550143,2023,8,regular,2023-10-21T17:00:00.000Z,False,True,False,True,,5786.0,Sprankle-Sprandel Stadium,2790,Albion,iii,Michigan,28.0,"[7, 7, 0, 14]",,,,2651,Trine,iii,Michigan,35.0,"[14, 14, 0, 7]",,,,,,,
401552024,2023,8,regular,2023-10-21T17:00:00.000Z,False,True,False,True,,5792.0,Pratt Field at Lehrman Stadium,7,Amherst,iii,NESCAC,14.0,"[0, 7, 0, 7]",,,,112,Tufts,iii,NESCAC,34.0,"[0, 14, 13, 7]",,,,,,,
401540402,2023,8,regular,2023-10-21T17:00:00.000Z,False,True,False,True,,3897.0,Richardson Stadium,2166,Davidson,fcs,Pioneer,42.0,"[7, 14, 14, 7]",0.9987830519676208,,,2674,Valparaiso,fcs,Pioneer,21.0,"[0, 0, 7, 14]",0.0012169480323791504,,,1.9914673274170218,,,
401558741,2023,8,regular,2023-10-21T17:00:00.000Z,False,True,False,True,,6066.0,Pace Stadium,2487,Pace,ii,Northeast 10,23.0,"[14, 0, 0, 0, 3, 6, 0, 0, 0]",,,,2583,Southern Connecticut State,ii,Northeast 10,25.0,"[7, 0, 7, 0, 3, 6, 0, 0, 2]",,,,,,,
401549635,2023,8,regular,2023-10-21T17:00:00.000Z,False,True,False,True,,5835.0,Biddle Field,2175,Dickinson,iii,Centennial,21.0,"[0, 7, 0, 14]",,,,2422,Muhlenberg,iii,Centennial,42.0,"[14, 7, 14, 7]",,,,,,,
401553863,2023,8,regular,2023-10-21T17:00:00.000Z,False,True,False,True,,6150.0,Wightman Stadium,2970,William Paterson,iii,New Jersey,13.0,"[0, 7, 0, 6]",,,,2818,Montclair State,iii,New Jersey,14.0,"[0, 7, 0, 7]",,,,,,,
401540997,2023,8,regular,2023-10-21T17:00:00.000Z,False,True,False,True,,5784.0,Cebe Ross Field,455,West Virginia Wesleyan,ii,Mountain East,0.0,"[0, 0, 0, 0]",,,,2882,UNC Pembroke,ii,Mountain East,56.0,"[14, 7, 14, 21]",,,,,,,
401550269,2023,8,regular,2023-10-21T17:00:00.000Z,False,True,False,True,,5855.0,Charles A. Henry Field,2274,Hiram,iii,North Coast,27.0,"[6, 0, 7, 14]",,,,391,Oberlin,iii,North Coast,19.0,"[0, 3, 7, 9]",,,,,,,
401540015,2023,8,regular,2023-10-21T17:00:00.000Z,False,True,False,True,,3623.0,Arthur J. Rooney Athletic Field,2184,Duquesne,fcs,NEC,38.0,"[7, 24, 0, 7]",0.9796144366264343,,,2598,Saint Francis,fcs,NEC,35.0,"[0, 7, 7, 21]",0.020385563373565674,,,3.71084298890861,,,
401550197,2023,8,regular,2023-10-21T17:00:00.000Z,False,True,False,True,,6112.0,Richard Wackar Stadium,2827,Rowan,iii,New Jersey,20.0,"[0, 0, 7, 13]",,,,2532,Salisbury,iii,New Jersey,35.0,"[7, 14, 7, 7]",,,,,,,
401545889,2023,8,regular,2023-10-21T17:00:00.000Z,False,True,False,True,,4429.0,Seth Grove Stadium,2559,Shippensburg,ii,Pennsylvania State Athletic,13.0,"[0, 10, 3, 0]",,,,210,Millersville,ii,Pennsylvania State Athletic,7.0,"[0, 0, 0, 7]",,,,,,,
401549620,2023,8,regular,2023-10-21T17:00:00.000Z,False,True,False,True,,6113.0,Leckonby Stadium,2779,St. Lawrence,iii,Liberty League,7.0,"[7, 0, 0, 0]",,,,2528,Rensselaer,iii,Liberty League,37.0,"[7, 3, 20, 7]",,,,,,,
401541029,2023,8,regular,2023-10-21T17:00:00.000Z,False,True,False,True,,3760.0,Hubert Jack Stadium,209,Lock Haven,ii,Pennsylvania State Athletic,3.0,"[0, 3, 0, 0]",,,,2315,Kutztown,ii,Pennsylvania State Athletic,7.0,"[7, 0, 0, 0]",,,,,,,
401541060,2023,8,regular,2023-10-21T17:00:00.000Z,False,True,False,True,,6087.0,Drake Field (NY),3110,SUNY Morrisville,iii,Empire 8,0.0,"[0, 0, 0, 0]",,,,2781,Brockport,iii,Empire 8,49.0,"[7, 21, 14, 7]",,,,,,,
401549718,2023,8,regular,2023-10-21T17:00:00.000Z,False,True,False,True,,6141.0,Corwin Stadium,336,Wesleyan (CT),iii,NESCAC,35.0,"[0, 21, 14, 0]",,,,340,Bowdoin,iii,NESCAC,30.0,"[7, 0, 0, 23]",,,,,,,
401541970,2023,8,regular,2023-10-21T17:00:00.000Z,False,True,False,True,,6057.0,Ron & Carol Cope Stadium at Foster Field,2438,Nebraska Kearney,ii,Mid America,17.0,"[7, 7, 3, 0]",,,,137,Missouri Western,ii,Mid America,20.0,"[7, 0, 0, 13]",,,,,,,
401550368,2023,8,regular,2023-10-21T17:00:00.000Z,False,True,False,True,,5932.0,Lloyd L. Thornton Stadium,2373,Maryville (TN),iii,USA South,26.0,"[0, 13, 6, 7]",,,,548,LaGrange,iii,USA South,6.0,"[3, 0, 3, 0]",,,,,,,
401540656,2023,8,regular,2023-10-21T17:00:00.000Z,False,True,False,False,,6221.0,Mitchell Stadium,124180,Bluefield State,ii,Independent DII,11.0,"[0, 0, 3, 8]",,,,2075,Bowie State,ii,CIAA,40.0,"[0, 19, 7, 14]",,,,,,,
401550147,2023,8,regular,2023-10-21T17:00:00.000Z,False,True,False,True,,5790.0,Bahlke Field,2800,Alma,iii,Michigan,43.0,"[15, 7, 14, 7]",,,,126,Kalamazoo,iii,Michigan,10.0,"[0, 3, 0, 7]",,,,,,,
401540069,2023,8,regular,2023-10-21T17:00:00.000Z,False,True,False,True,,3722.0,Fitton Field,107,Holy Cross,fcs,Patriot,35.0,"[7, 0, 14, 14]",0.31583091616630554,,,322,Lafayette,fcs,Patriot,38.0,"[14, 7, 10, 7]",0.6841690838336945,,,5.835588034087822,,,
401540342,2023,8,regular,2023-10-21T17:00:00.000Z,False,True,False,True,,3881.0,Princeton University Stadium,163,Princeton,fcs,Ivy,21.0,"[7, 7, 0, 7]",0.7480461001396179,,,108,Harvard,fcs,Ivy,14.0,"[0, 0, 7, 7]",0.2519538998603821,,,4.653759194305455,,,
401540294,2023,8,regular,2023-10-21T17:00:00.000Z,False,True,False,True,,3921.0,Schoellkopf Field,172,Cornell,fcs,Ivy,36.0,"[7, 13, 13, 3]",0.9967897534370422,,,225,Brown,fcs,Ivy,14.0,"[0, 0, 14, 0]",0.0032102465629577637,,,2.721130063942789,,,
401540587,2023,8,regular,2023-10-21T17:00:00.000Z,False,True,False,True,,3720.0,Finley Stadium,236,Chattanooga,fcs,Southern,34.0,"[14, 7, 7, 6]",0.9918524622917175,,,2193,East Tennessee State,fcs,Southern,3.0,"[0, 3, 0, 0]",0.00814753770828247,,,2.0389724464675782,,,
401540032,2023,8,regular,2023-10-21T17:00:00.000Z,False,True,False,True,,6075.0,W.B. Mason Stadium,284,Stonehill,fcs,NEC,22.0,"[7, 3, 0, 6, 0, 6]",0.6011167168617249,,,2529,Sacred Heart,fcs,NEC,19.0,"[10, 3, 3, 0, 0, 3]",0.39888328313827515,,,6.232290197742487,,,
401540545,2023,8,regular,2023-10-21T17:00:00.000Z,False,True,False,True,,3603.0,Aggie Stadium,2448,North Carolina A&T,fcs,Coastal Athletic,10.0,"[0, 10, 0, 0]",0.47569704055786133,,,257,Richmond,fcs,Coastal Athletic,33.0,"[10, 13, 3, 7]",0.5243029594421387,,,3.195174337375257,,,
401540511,2023,8,regular,2023-10-21T17:00:00.000Z,False,True,False,True,,3988.0,Welcome Stadium,2168,Dayton,fcs,Pioneer,10.0,"[0, 3, 0, 7]",0.0,,,2086,Butler,fcs,Pioneer,37.0,"[13, 7, 3, 14]",1.0,,,2.9313874698130835,,,
401550403,2023,8,regular,2023-10-21T17:00:00.000Z,False,True,False,True,,6081.0,Harper Davis Field,2398,Millsaps,iii,Southern Athletic,20.0,"[0, 7, 7, 6]",,,,2121,Centre,iii,Southern Athletic,59.0,"[7, 17, 7, 28]",,,,,,,
401541807,2023,8,regular,2023-10-21T17:00:00.000Z,False,True,False,True,,3770.0,Jack Miller Stadium,308,Ashland,ii,Great Midwest Athletic,31.0,"[3, 14, 7, 7]",,,,437,Lake Erie,ii,Great Midwest Athletic,19.0,"[0, 7, 0, 12]",,,,,,,
401550298,2023,8,regular,2023-10-21T17:00:00.000Z,False,True,False,True,,6079.0,Alumni Stadium (VT),2394,Middlebury,iii,NESCAC,48.0,"[17, 14, 10, 7]",,,,121,Bates,iii,NESCAC,7.0,"[0, 7, 0, 0]",,,,,,,
401551488,2023,8,regular,2023-10-21T17:00:00.000Z,False,True,False,True,,3870.0,Panther Stadium (OH),2477,Ohio Dominican,ii,Great Midwest Athletic,15.0,"[0, 8, 0, 7]",,,,2886,Northwood,ii,Great Midwest Athletic,0.0,"[0, 0, 0, 0]",,,,,,,
401550306,2023,8,regular,2023-10-21T17:00:00.000Z,False,True,False,True,,5689.0,Seaverns Field At Harold Alfond Stadium,33,Colby,iii,NESCAC,6.0,"[0, 3, 3, 0]",,,,348,Hamilton,iii,NESCAC,17.0,"[0, 7, 0, 10]",,,,,,,
401544121,2023,8,regular,2023-10-21T17:00:00.000Z,False,True,False,True,,5864.0,Robert E. Thorn Field,146,Grove City,iii,Presidents',49.0,"[7, 14, 14, 14]",,,,2614,Saint Vincent,iii,Presidents',0.0,"[0, 0, 0, 0]",,,,,,,
401541039,2023,8,regular,2023-10-21T17:00:00.000Z,False,True,False,True,,3663.0,Burke-Tarr Stadium,2105,Carson Newman,ii,South Atlantic,17.0,"[3, 0, 7, 7]",,,,2369,Mars Hill,ii,South Atlantic,21.0,"[0, 7, 7, 7]",,,,,,,
401547191,2023,8,regular,2023-10-21T17:00:00.000Z,False,True,False,True,,5124.0,Homewood Field,118,Johns Hopkins,iii,Centennial,42.0,"[21, 14, 0, 7]",,,,2667,Ursinus,iii,Centennial,14.0,"[7, 7, 0, 0]",,,,,,,
401550444,2023,8,regular,2023-10-21T17:00:00.000Z,False,True,False,True,,6145.0,Blue Jay Stadium,433,Westminster (MO),iii,Upper Midwest,13.0,"[0, 7, 0, 6]",,,,2399,Minnesota Morris,iii,Upper Midwest,34.0,"[0, 27, 7, 0]",,,,,,,
401541817,2023,8,regular,2023-10-21T17:00:00.000Z,False,True,False,True,,3718.0,Tom Benson Hall of Fame Stadium,2682,Walsh,ii,Great Midwest Athletic,0.0,"[0, 0, 0, 0]",,,,2224,Findlay,ii,Great Midwest Athletic,23.0,"[6, 7, 7, 3]",,,,,,,
401540771,2023,8,regular,2023-10-21T17:00:00.000Z,False,True,False,True,,3950.0,Superior Dome,128,Northern Michigan,ii,GLIAC,14.0,"[0, 0, 0, 0]",,,,125,Grand Valley State,ii,GLIAC,73.0,"[0, 0, 0, 0]",,,,,,,
401551933,2023,8,regular,2023-10-21T17:00:00.000Z,False,True,False,True,,7082.0,Athletic Field Complex,122774,Keystone,iii,Landmark Conference,7.0,"[7, 0, 0, 0]",,,,2354,Lycoming,iii,Landmark Conference,34.0,"[7, 3, 10, 14]",,,,,,,
401540791,2023,8,regular,2023-10-21T17:00:00.000Z,False,True,False,True,,3927.0,Sherman Field,2392,Michigan Tech,ii,GLIAC,21.0,"[0, 7, 14, 0]",,,,2222,Ferris State,ii,GLIAC,35.0,"[7, 14, 7, 7]",,,,,,,
401547200,2023,8,regular,2023-10-21T17:00:00.000Z,False,True,False,True,,6143.0,Golden Bear Stadium,2702,Western New England,iii,Commonwealth Coast,10.0,"[3, 0, 0, 7]",,,,2280,Husson,iii,Commonwealth Coast,9.0,"[0, 0, 0, 9]",,,,,,,
401540525,2023,8,regular,2023-10-21T17:00:00.000Z,False,True,False,True,,3627.0,Bailey Memorial Stadium,2506,Presbyterian,fcs,Pioneer,10.0,"[7, 3, 0, 0]",0.1092442199587822,,,2368,Marist,fcs,Pioneer,19.0,"[7, 7, 0, 5]",0.8907557800412178,,,5.272138572033033,,,
401541008,2023,8,regular,2023-10-21T17:05:00.000Z,False,True,False,True,,4439.0,Eiler-Martin Stadium,2188,East Stroudsburg,ii,Pennsylvania State Athletic,21.0,"[7, 7, 7, 0]",,,,2071,Bloomsburg,ii,Pennsylvania State Athletic,16.0,"[0, 7, 3, 6]",,,,,,,
401552015,2023,8,regular,2023-10-21T17:30:00.000Z,False,True,False,True,,6151.0,Farley-Lamb Field,2731,Williams,iii,NESCAC,14.0,"[7, 0, 7, 0]",,,,2977,Trinity (CT),iii,NESCAC,41.0,"[7, 27, 7, 0]",,,,,,,
401540623,2023,8,regular,2023-10-21T17:30:00.000Z,False,True,False,True,,3597.0,Alumni Memorial Field,2678,VMI,fcs,Southern,14.0,"[0, 14, 0, 0]",0.04704452306032181,,,2535,Samford,fcs,Southern,27.0,"[10, 17, 0, 0]",0.9529554769396782,,,5.884420850380974,,,
401540696,2023,8,regular,2023-10-21T17:30:00.000Z,False,True,False,True,,3612.0,Alumni Memorial Stadium (NC),2940,Livingstone,ii,CIAA,27.0,"[0, 14, 0, 13]",,,,2551,Shaw,ii,CIAA,26.0,"[6, 0, 13, 7]",,,,,,,
401540338,2023,8,regular,2023-10-21T17:30:00.000Z,False,True,False,True,,3826.0,Memorial Field,159,Dartmouth,fcs,Ivy,20.0,"[7, 10, 0, 3]",,,,171,Columbia,fcs,Ivy,9.0,"[9, 0, 0, 0]",,,,,,,
401550263,2023,8,regular,2023-10-21T17:30:00.000Z,False,True,False,True,,5812.0,Bernlohr Stadium,424,Capital,iii,Ohio,17.0,"[3, 7, 0, 7]",,,,2302,John Carroll,iii,Ohio,63.0,"[14, 21, 14, 14]",,,,,,,
401550071,2023,8,regular,2023-10-21T17:30:00.000Z,False,True,False,True,,5793.0,Macholtz Stadium,2023,Anderson (IN),iii,Heartland,6.0,"[0, 6, 0, 0]",,,,190,Defiance College,iii,Heartland,36.0,"[6, 14, 3, 13]",,,,,,,
401541069,2023,8,regular,2023-10-21T17:30:00.000Z,False,True,False,True,,5805.0,Alumni Field (OH),2074,Bluffton,iii,Heartland,50.0,"[7, 22, 7, 14]",,,,2362,Manchester,iii,Heartland,12.0,"[0, 12, 0, 0]",,,,,,,
401544111,2023,8,regular,2023-10-21T17:30:00.000Z,False,True,False,True,,6152.0,Wiliams Stadium (OH),2733,Wilmington (OH),iii,Ohio,0.0,"[0, 0, 0, 0]",,,,426,Mount Union,iii,Ohio,69.0,"[28, 21, 17, 3]",,,,,,,
401549726,2023,8,regular,2023-10-21T17:30:00.000Z,False,True,False,True,,5822.0,Cadet Memorial Field,2557,Coast Guard,iii,NEWMAC,52.0,"[7, 14, 14, 17]",,,,2467,Norwich,iii,NEWMAC,17.0,"[3, 7, 7, 0]",,,,,,,
401546946,2023,8,regular,2023-10-21T17:30:00.000Z,False,True,False,True,,3649.0,Bowman Gray Stadium,2736,Winston-Salem State,ii,CIAA,24.0,"[0, 7, 7, 10]",,,,395,St. Augustine's,ii,CIAA,17.0,"[0, 7, 10, 0]",,,,,,,
401544960,2023,8,regular,2023-10-21T17:30:00.000Z,False,True,False,True,,6088.0,Schueler Field,2419,Mount St Joseph,iii,Heartland,52.0,"[14, 24, 14, 0]",,,,2262,Hanover,iii,Heartland,27.0,"[0, 0, 14, 13]",,,,,,,
401550089,2023,8,regular,2023-10-21T17:30:00.000Z,False,True,False,True,,3716.0,"Stewart """"Red"""" Faught Stadium",2233,Franklin,iii,Heartland,35.0,"[14, 14, 0, 7]",,,,86,Rose Hulman,iii,Heartland,50.0,"[13, 24, 10, 3]",,,,,,,
401540724,2023,8,regular,2023-10-21T18:00:00.000Z,False,True,False,True,,6065.0,Cliff Harris Stadium,2888,Ouachita Baptist,ii,Great American,31.0,"[0, 14, 3, 14]",,,,2033,Arkansas Tech,ii,Great American,24.0,"[7, 3, 7, 7]",,,,,,,
401547118,2023,8,regular,2023-10-21T18:00:00.000Z,False,True,False,True,,5921.0,Rock Bowl,263,Loras,iii,American Rivers,7.0,"[0, 0, 7, 0]",,,,2685,Wartburg,iii,American Rivers,62.0,"[14, 28, 13, 7]",,,,,,,
401531406,2023,8,regular,2023-10-21T18:00:00.000Z,False,True,False,True,39842.0,3699.0,Dowdy-Ficklen Stadium,151,East Carolina,fbs,American Athletic,7.0,"[0, 0, 0, 7]",0.04441241919994354,1357.0,1341.0,2429,Charlotte,fbs,American Athletic,10.0,"[3, 0, 7, 0]",0.9555875808000565,1177.0,1193.0,6.263726000468562,,,
401549655,2023,8,regular,2023-10-21T18:00:00.000Z,False,True,False,True,,3945.0,Strong Stadium,266,Beloit,iii,Midwest,3.0,"[0, 0, 3, 0]",,,,2919,Monmouth (IL),iii,Midwest,59.0,"[14, 21, 21, 3]",,,,,,,
401547123,2023,8,regular,2023-10-21T18:00:00.000Z,False,True,False,True,,5923.0,Legacy Field in Carlson Stadium,67,Luther,iii,American Rivers,14.0,"[0, 0, 0, 14]",,,,2564,Simpson (IA),iii,American Rivers,56.0,"[14, 7, 21, 14]",,,,,,,
401541079,2023,8,regular,2023-10-21T18:00:00.000Z,False,True,False,True,,7079.0,Laird Stadium,2101,Carleton,iii,Minnesota,42.0,"[0, 21, 7, 14]",,,,375,St. Scholastica,iii,Minnesota,21.0,"[7, 7, 0, 7]",,,,,,,
401547096,2023,8,regular,2023-10-21T18:00:00.000Z,False,True,False,True,,5817.0,Ron and Joyce Schipper Stadium,2964,Central College,iii,American Rivers,72.0,"[14, 28, 23, 7]",,,,6845,Nebraska Wesleyan,iii,American Rivers,0.0,"[0, 0, 0, 0]",,,,,,,
401550172,2023,8,regular,2023-10-21T18:00:00.000Z,False,True,False,True,,5825.0,Jake Christiansen Stadium,2152,Concordia (MN),iii,Minnesota,49.0,"[28, 7, 14, 0]",,,,2359,Macalester,iii,Minnesota,8.0,"[8, 0, 0, 0]",,,,,,,
401549780,2023,8,regular,2023-10-21T18:00:00.000Z,False,True,False,True,,5916.0,Carson Park,2738,Wisconsin Eau Claire,iii,Wisconsin,14.0,"[14, 0, 0, 0]",,,,272,Wisconsin Platteville,iii,Wisconsin,47.0,"[6, 17, 17, 7]",,,,,,,
401549646,2023,8,regular,2023-10-21T18:00:00.000Z,False,True,False,True,,980.0,Benedetti-Wehrli Stadium,3071,North Central College,iii,CCIW,49.0,"[7, 14, 14, 14]",,,,143,Washington St. Louis,iii,CCIW,3.0,"[0, 3, 0, 0]",,,,,,,
401544967,2023,8,regular,2023-10-21T18:00:00.000Z,False,True,False,True,,6100.0,Cutler Field,354,Olivet,iii,Michigan,7.0,"[0, 0, 0, 7]",,,,2812,Hope,iii,Michigan,45.0,"[10, 21, 14, 0]",,,,,,,
401544140,2023,8,regular,2023-10-21T18:00:00.000Z,False,True,False,True,,3823.0,Hardee-McGee Field,2553,Sewanee,iii,Southern Athletic,23.0,"[0, 16, 0, 7]",,,,2757,Berry,iii,Southern Athletic,61.0,"[20, 20, 7, 14]",,,,,,,
401545839,2023,8,regular,2023-10-21T18:00:00.000Z,False,True,False,True,,6072.0,Schwan Regional Event Center,2587,Southwest Minnesota State,ii,Northern Sun,17.0,"[7, 2, 8, 0]",,,,2817,Minnesota St Moorhead,ii,Northern Sun,34.0,"[0, 20, 14, 0]",,,,,,,
401547065,2023,8,regular,2023-10-21T18:00:00.000Z,False,True,False,True,,5945.0,Wildcat Stadium (GA),2232,Fort Valley State,ii,SIAC,31.0,"[7, 7, 0, 17]",,,,60,Morehouse,ii,SIAC,3.0,"[3, 0, 0, 0]",,,,,,,
401550351,2023,8,regular,2023-10-21T18:00:00.000Z,False,True,False,True,,6118.0,Birkelbach Field,2588,Southwestern U,iii,Southern Athletic,7.0,"[0, 7, 0, 0]",,,,386,Trinity (TX),iii,Southern Athletic,57.0,"[7, 22, 14, 14]",,,,,,,
401544083,2023,8,regular,2023-10-21T18:00:00.000Z,False,True,False,True,,5861.0,Rosenbloom Field,65,Grinnell,iii,Midwest,7.0,"[0, 0, 7, 0]",,,,255,Knox,iii,Midwest,14.0,"[0, 7, 0, 7]",,,,,,,
401540664,2023,8,regular,2023-10-21T18:00:00.000Z,False,True,False,True,,3904.0,Rogers Stadium (VA),330,Virginia State,ii,CIAA,16.0,"[0, 7, 0, 9]",,,,2207,Elizabeth City State,ii,CIAA,17.0,"[3, 7, 7, 0]",,,,,,,
401541135,2023,8,regular,2023-10-21T18:00:00.000Z,False,True,False,True,,5914.0,Veterans Memorial Stadium (WI),2740,Wisconsin La Crosse,iii,Wisconsin,31.0,"[14, 7, 3, 7]",,,,271,Wisconsin Oshkosh,iii,Wisconsin,28.0,"[0, 14, 0, 14]",,,,,,,
401550223,2023,8,regular,2023-10-21T18:00:00.000Z,False,True,False,True,,5797.0,Vago Field,2044,Aurora,iii,NACC,70.0,"[21, 21, 21, 7]",,,,2741,Wisconsin Lutheran,iii,NACC,7.0,"[7, 0, 0, 0]",,,,,,,
401531894,2023,8,regular,2023-10-21T18:00:00.000Z,False,True,False,True,21068.0,3608.0,Allen E. Paulson Stadium,290,Georgia Southern,fbs,Sun Belt,38.0,"[7, 24, 0, 7]",1.0,1458.0,1451.0,2433,UL Monroe,fbs,Sun Belt,28.0,"[7, 7, 3, 11]",0.0,1096.0,1103.0,5.111897163895108,,,
401540414,2023,8,regular,2023-10-21T18:00:00.000Z,False,True,False,True,,3894.0,Rhodes Stadium,2210,Elon,fcs,Coastal Athletic,28.0,"[14, 7, 0, 7]",0.33981654047966003,,,2405,Monmouth,fcs,Coastal Athletic,26.0,"[0, 6, 13, 7]",0.66018345952034,,,4.767270764933741,,,
401540105,2023,8,regular,2023-10-21T18:00:00.000Z,False,True,False,True,,844.0,Stambaugh Stadium,2754,Youngstown State,fcs,MVFC,41.0,"[14, 14, 3, 10]",0.8905655741691589,,,2287,Illinois State,fcs,MVFC,38.0,"[7, 21, 7, 3]",0.10943442583084106,,,7.085567051123375,,,
401544913,2023,8,regular,2023-10-21T18:00:00.000Z,False,True,False,True,,7075.0,Electric Supply Company Field,122666,Barton,ii,South Atlantic,24.0,"[7, 0, 17, 0]",,,,351,Wingate,ii,South Atlantic,38.0,"[14, 14, 0, 10]",,,,,,,
401550215,2023,8,regular,2023-10-21T18:00:00.000Z,False,True,False,True,,5828.0,Van Metre Field at Ash Park,2155,Cornell (IA),iii,Midwest,47.0,"[13, 14, 14, 6]",,,,80,Chicago,iii,Midwest,34.0,"[0, 13, 14, 7]",,,,,,,
401545985,2023,8,regular,2023-10-21T18:00:00.000Z,False,True,False,True,,5880.0,Elliott Field at Don Beebe Stadium,2123,Chadron State,ii,Rocky Mountain,3.0,"[0, 0, 0, 3]",,,,2570,CSU Pueblo,ii,Rocky Mountain,28.0,"[7, 7, 14, 0]",,,,,,,
401547218,2023,8,regular,2023-10-21T18:00:00.000Z,False,True,False,True,,5815.0,Schneider Stadium,32,Carroll (WI),iii,CCIW,6.0,"[3, 3, 0, 0]",,,,396,Wheaton (IL),iii,CCIW,52.0,"[7, 14, 24, 7]",,,,,,,
401550234,2023,8,regular,2023-10-21T18:00:00.000Z,False,True,False,True,,5827.0,Tomasini Stadium,409,Concordia (WI),iii,NACC,7.0,"[7, 0, 0, 0, 0]",,,,2832,St. Norbert,iii,NACC,13.0,"[0, 7, 0, 0, 6]",,,,,,,
401547223,2023,8,regular,2023-10-21T18:00:00.000Z,False,True,False,True,,5816.0,Art Keller Field,2106,Carthage,iii,CCIW,7.0,"[0, 0, 7, 0]",,,,306,Illinois Wesleyan,iii,CCIW,34.0,"[14, 7, 6, 7]",,,,,,,
401544950,2023,8,regular,2023-10-21T18:00:00.000Z,False,True,False,True,,5839.0,Langhorst Field,72,Elmhurst,iii,CCIW,29.0,"[6, 0, 7, 16]",,,,74,Millikin,iii,CCIW,27.0,"[3, 3, 8, 13]",,,,,,,
401550243,2023,8,regular,2023-10-21T18:00:00.000Z,False,True,False,True,,6284.0,Village of Lisle-Benedictine University Sports Complex,2283,Benedictine (IL),iii,NACC,31.0,"[14, 7, 3, 7]",,,,6353,Lakeland,iii,NACC,6.0,"[0, 0, 0, 6]",,,,,,,
401549670,2023,8,regular,2023-10-21T18:00:00.000Z,False,True,False,True,,6109.0,Ingalls Field,2891,Ripon,iii,Midwest,12.0,"[3, 0, 9, 0]",,,,262,Lake Forest,iii,Midwest,0.0,"[0, 0, 0, 0]",,,,,,,
401549678,2023,8,regular,2023-10-21T18:00:00.000Z,False,True,False,True,,5826.0,Concordia Stadium,2151,Concordia Chicago,iii,NACC,28.0,"[7, 0, 7, 14]",,,,101,Eureka,iii,NACC,27.0,"[7, 17, 3, 0]",,,,,,,
401540805,2023,8,regular,2023-10-21T18:00:00.000Z,False,True,False,True,,3885.0,Harvey Randall Wickes Memorial Stadium,129,Saginaw Valley State,ii,GLIAC,17.0,"[0, 7, 0, 3, 7]",,,,131,Wayne State (MI),ii,GLIAC,10.0,"[7, 0, 0, 3, 0]",,,,,,,
401547017,2023,8,regular,2023-10-21T18:00:00.000Z,False,True,False,True,,6033.0,Carl Smith Stadium,2842,UVA Wise,ii,South Atlantic,34.0,"[7, 0, 20, 7]",,,,101784,Erskine,ii,South Atlantic,23.0,"[14, 0, 3, 6]",,,,,,,
401550426,2023,8,regular,2023-10-21T18:00:00.000Z,False,True,False,True,,5903.0,Community Stadium at Goerke Park,2743,Wisconsin Stevens Point,iii,Wisconsin,14.0,"[0, 7, 0, 7]",,,,2723,Wisconsin River Falls,iii,Wisconsin,75.0,"[27, 28, 14, 6]",,,,,,,
401547058,2023,8,regular,2023-10-21T18:00:00.000Z,False,True,False,True,,5881.0,CAU Panther Stadium,2805,Clark Atlanta,ii,SIAC,21.0,"[0, 7, 7, 7]",,,,2119,Central State,ii,SIAC,48.0,"[3, 17, 14, 14]",,,,,,,
401550165,2023,8,regular,2023-10-21T18:00:00.000Z,False,True,False,True,,5804.0,Royal Stadium,2802,Bethel (MN),iii,Minnesota,49.0,"[14, 14, 14, 7]",,,,162,Hamline,iii,Minnesota,7.0,"[0, 0, 0, 7]",,,,,,,
401541089,2023,8,regular,2023-10-21T18:00:00.000Z,False,True,False,True,,4757.0,Edwards-Maurer Field,2746,Wittenberg,iii,North Coast,35.0,"[7, 17, 3, 8, 0]",,,,83,DePauw,iii,North Coast,41.0,"[7, 7, 0, 21, 6]",,,,,,,
401544887,2023,8,regular,2023-10-21T18:00:00.000Z,False,True,False,True,,6070.0,Bob Young Field,2894,Sioux Falls,ii,Northern Sun,35.0,"[14, 6, 0, 15]",,,,2851,Winona State,ii,Northern Sun,42.0,"[7, 7, 14, 14]",,,,,,,
401550312,2023,8,regular,2023-10-21T18:00:00.000Z,False,True,False,True,,5799.0,Daly Field at Frank R. Campbell Stadium,2047,Averett,iii,Old Dominion,24.0,"[7, 3, 7, 7]",,,,2079,Bridgewater,iii,Old Dominion,53.0,"[22, 10, 21, 0]",,,,,,,
401540714,2023,8,regular,2023-10-21T18:00:00.000Z,False,True,False,True,,6047.0,Leemon Field,2816,McKendree,ii,Great Lakes,20.0,"[7, 7, 3, 3]",,,,2402,Missouri S&T,ii,Great Lakes,17.0,"[0, 7, 10, 0]",,,,,,,
401540704,2023,8,regular,2023-10-21T18:00:00.000Z,False,True,False,True,,3723.0,QU Stadium,2825,Quincy,ii,Great Lakes,14.0,"[0, 7, 0, 7]",,,,2292,Indianapolis,ii,Great Lakes,24.0,"[0, 7, 7, 10]",,,,,,,
401545712,2023,8,regular,2023-10-21T18:00:00.000Z,False,True,False,True,,5874.0,Chet Anderson Stadium,132,Bemidji State,ii,Northern Sun,38.0,"[19, 12, 7, 0]",,,,3066,Concordia St. Paul,ii,Northern Sun,3.0,"[0, 0, 3, 0]",,,,,,,
401549772,2023,8,regular,2023-10-21T18:00:00.000Z,False,True,False,True,,5829.0,Old National Bank Stadium,509,Crown,iii,Upper Midwest,3.0,"[0, 0, 3, 0]",,,,446,Martin Luther,iii,Upper Midwest,13.0,"[7, 0, 0, 6]",,,,,,,
401550176,2023,8,regular,2023-10-21T18:00:00.000Z,False,True,False,True,,5893.0,Hollingsworth Field,2968,Gustavus Adolphus,iii,Minnesota,38.0,"[7, 17, 14, 0]",,,,2600,Saint John's (MN),iii,Minnesota,35.0,"[14, 7, 14, 0]",,,,,,,
401547145,2023,8,regular,2023-10-21T18:00:00.000Z,False,True,False,True,,5996.0,Wilford Moore Stadium,241,McMurry,iii,American Southwest,45.0,"[0, 21, 3, 21]",,,,2758,Howard Payne,iii,American Southwest,21.0,"[7, 7, 0, 7]",,,,,,,
401532429,2023,8,regular,2023-10-21T18:00:00.000Z,False,True,False,True,10068.0,3700.0,Doyt L. Perry Stadium,189,Bowling Green,fbs,Mid-American,41.0,"[3, 10, 21, 7]",0.9900971055030823,1225.0,1281.0,2006,Akron,fbs,Mid-American,14.0,"[7, 0, 0, 7]",0.009902894496917725,1107.0,1051.0,3.413601042850435,,,
401551483,2023,8,regular,2023-10-21T18:00:00.000Z,False,True,False,False,,6030.0,Harms-Eischeid Stadium,389,Upper Iowa,ii,Northern Sun,35.0,"[7, 7, 7, 14]",,,,2586,Southwest Baptist,ii,Great Lakes,13.0,"[0, 6, 0, 7]",,,,,,,
401544941,2023,8,regular,2023-10-21T18:00:00.000Z,False,True,False,True,,5796.0,Charles D. Lindberg Stadium,2042,Augustana (IL),iii,CCIW,42.0,"[14, 7, 14, 7]",,,,75,North Park,iii,CCIW,28.0,"[0, 7, 7, 14]",,,,,,,
401545833,2023,8,regular,2023-10-21T18:00:00.000Z,False,True,False,True,,6052.0,Herb Parker Stadium,568,Minot State,ii,Northern Sun,7.0,"[7, 0, 0, 0]",,,,134,Minnesota Duluth,ii,Northern Sun,42.0,"[14, 7, 14, 7]",,,,,,,
401545805,2023,8,regular,2023-10-21T18:00:00.000Z,False,True,False,True,,5872.0,Kirkeby-Over Stadium,2043,Augustana (SD),ii,Northern Sun,28.0,"[0, 7, 7, 14]",,,,2364,Minnesota State,ii,Northern Sun,10.0,"[0, 3, 0, 7]",,,,,,,
401549757,2023,8,regular,2023-10-21T18:00:00.000Z,False,True,False,True,,6090.0,Sherman Field at McConagha Stadium,332,Muskingum,iii,Ohio,17.0,"[3, 0, 7, 7]",,,,427,Ohio Northern,iii,Ohio,27.0,"[7, 3, 10, 7]",,,,,,,
401541956,2023,8,regular,2023-10-21T18:00:00.000Z,False,True,False,True,,6034.0,Yager Stadium at Moore Bowl,2687,Washburn,ii,Mid America,28.0,"[0, 14, 0, 14]",,,,2231,Fort Hays,ii,Mid America,31.0,"[14, 3, 14, 0]",,,,,,,
401550158,2023,8,regular,2023-10-21T18:00:00.000Z,False,True,False,True,,5813.0,Klein Field at Manitou,133,St. Olaf,iii,Minnesota,36.0,"[7, 7, 9, 13]",,,,124,Augsburg,iii,Minnesota,56.0,"[14, 14, 14, 14]",,,,,,,
401540326,2023,8,regular,2023-10-21T18:00:00.000Z,False,True,False,True,,3620.0,Armstrong Stadium,2261,Hampton,fcs,Coastal Athletic,3.0,"[0, 3, 0, 0]",,,,48,Delaware,fcs,CAA,47.0,"[17, 21, 3, 6]",,,,,,,
401547050,2023,8,regular,2023-10-21T18:00:00.000Z,False,True,False,True,,5875.0,Charlie W. Johnson Stadium,490,Benedict,ii,SIAC,63.0,"[14, 14, 14, 21]",,,,2310,Kentucky State,ii,SIAC,14.0,"[7, 0, 0, 7]",,,,,,,
401546007,2023,8,regular,2023-10-21T18:00:00.000Z,False,True,False,True,,3860.0,O'Harra Stadium,613,South Dakota Mines,ii,Rocky Mountain,48.0,"[14, 20, 14, 0]",,,,2237,Fort Lewis,ii,Rocky Mountain,10.0,"[3, 0, 7, 0]",,,,,,,
401550384,2023,8,regular,2023-10-21T18:00:00.000Z,False,True,False,True,,3671.0,Case Field,2963,Case Western Reserve,iii,Presidents',35.0,"[7, 7, 21, 0]",,,,2845,Waynesburg,iii,Presidents',0.0,"[0, 0, 0, 0]",,,,,,,
401547137,2023,8,regular,2023-10-21T18:00:00.000Z,False,True,False,True,,5798.0,Jerry E. Apple Stadium,2045,Austin,iii,American Southwest,14.0,"[7, 0, 0, 7]",,,,2371,Mary Hardin Baylor,iii,American Southwest,49.0,"[14, 21, 14, 0]",,,,,,,
401540681,2023,8,regular,2023-10-21T18:30:00.000Z,False,True,False,True,,3813.0,"Luther ""Nick"" Jeralds Stadium",2220,Fayetteville State,ii,CIAA,14.0,"[7, 7, 0, 0]",,,,2304,Johnson C. Smith,ii,CIAA,7.0,"[0, 0, 7, 0]",,,,,,,
401540500,2023,8,regular,2023-10-21T18:30:00.000Z,False,True,False,True,,3962.0,Tucker Stadium,2635,Tennessee Tech,fcs,Big South-OVC,3.0,"[0, 3, 0, 0]",0.05599666386842728,,,2546,Southeast Missouri State,fcs,Big South-OVC,28.0,"[7, 7, 7, 7]",0.9440033361315727,,,2.6905577504826272,,,
401540602,2023,8,regular,2023-10-21T18:30:00.000Z,False,True,False,True,,3704.0,E. J. Whitmire Stadium,2717,Western Carolina,fcs,Southern,17.0,"[0, 14, 0, 3]",0.04055812582373619,,,231,Furman,fcs,Southern,29.0,"[13, 7, 0, 9]",0.9594418741762638,,,4.6213825673362985,,,
401541935,2023,8,regular,2023-10-21T18:30:00.000Z,False,True,False,True,,4724.0,Audrey J. Walton Stadium at Vernon Kennedy Field,2118,Central Missouri,ii,Mid America,77.0,"[28, 28, 21, 0]",,,,2214,Emporia State,ii,Mid America,27.0,"[20, 7, 0, 0]",,,,,,,
401541757,2023,8,regular,2023-10-21T19:00:00.000Z,False,True,True,True,,7185.0,"Memorial Stadium (El Dorado, AR)",2568,Southern Arkansas,ii,Great American,20.0,"[7, 0, 7, 6]",,,,2264,Harding,ii,Great American,54.0,"[14, 10, 21, 9]",,,,,,,
401545979,2023,8,regular,2023-10-21T19:00:00.000Z,False,True,False,True,,5877.0,Lyle Hare Stadium,2069,Black Hills State,ii,Rocky Mountain,17.0,"[10, 7, 0, 0]",,,,2146,Colorado School of Mines,ii,Rocky Mountain,42.0,"[7, 7, 7, 21]",,,,,,,
401550870,2023,8,regular,2023-10-21T19:00:00.000Z,False,True,False,False,,5824.0,Lions Stadium,2442,The College of New Jersey,iii,New Jersey,30.0,"[0, 14, 9, 7]",,,,2248,Gettysburg,iii,Centennial,13.0,"[0, 0, 13, 0]",,,,,,,
401541019,2023,8,regular,2023-10-21T19:00:00.000Z,False,True,False,True,,4428.0,Saxon Stadium,2385,Mercyhurst,ii,Pennsylvania State Athletic,28.0,"[7, 7, 14, 0]",,,,367,Gannon,ii,Pennsylvania State Athletic,31.0,"[7, 14, 7, 3]",,,,,,,
401541963,2023,8,regular,2023-10-21T19:00:00.000Z,False,True,False,False,,6045.0,Dwight T. Reed Stadium,2876,Lincoln (MO),ii,Independent DII,5.0,"[0, 3, 0, 2]",,,,2403,Missouri Southern State,ii,Mid America,63.0,"[28, 14, 0, 21]",,,,,,,
401540630,2023,8,regular,2023-10-21T19:00:00.000Z,False,True,False,False,,3810.0,Nissan Stadium,2634,Tennessee State,fcs,Big South-OVC,54.0,"[14, 20, 20, 0]",0.9941574335098267,,,124179,Lincoln (CA),,,0.0,"[0, 0, 0, 0]",0.00584256649017334,,,1.8878831202730422,,,
401540062,2023,8,regular,2023-10-21T19:00:00.000Z,False,True,False,True,,3847.0,Cooper Field,46,Georgetown,fcs,Patriot,18.0,"[9, 3, 0, 6]",0.28640761971473694,,,2142,Colgate,fcs,Patriot,28.0,"[14, 14, 0, 0]",0.7135923802852631,,,4.2042490865155,,,
401547079,2023,8,regular,2023-10-21T19:00:00.000Z,False,True,False,True,,3952.0,Ted Wright Stadium,2542,Savannah State,ii,SIAC,14.0,"[0, 14, 0, 0]",,,,2657,Tuskegee,ii,SIAC,21.0,"[0, 7, 7, 7]",,,,,,,
401541860,2023,8,regular,2023-10-21T19:00:00.000Z,False,True,False,True,,4851.0,Bazemore-Hyder Stadium,2673,Valdosta State,ii,Gulf South,42.0,"[7, 14, 7, 14]",,,,2560,Shorter,ii,Gulf South,14.0,"[7, 0, 7, 0]",,,,,,,
401541789,2023,8,regular,2023-10-21T19:00:00.000Z,False,True,False,True,,3875.0,Paul Laird Field,199,Southeastern Oklahoma State,ii,Great American,32.0,"[10, 13, 3, 6]",,,,2927,Southwestern Oklahoma State,ii,Great American,13.0,"[0, 7, 0, 6]",,,,,,,
401540781,2023,8,regular,2023-10-21T19:00:00.000Z,False,True,False,True,,5871.0,Convoy Leslie Cotton Boll Stadium,2028,Arkansas Monticello,ii,Great American,14.0,"[0, 0, 0, 14]",,,,2271,Henderson State,ii,Great American,42.0,"[7, 21, 0, 14]",,,,,,,
401544896,2023,8,regular,2023-10-21T19:00:00.000Z,False,True,False,True,,3859.0,Offutt Field,611,Seton Hill,ii,Pennsylvania State Athletic,35.0,"[7, 7, 14, 7]",,,,2291,IU Pennsylvania,ii,Pennsylvania State Athletic,28.0,"[0, 10, 7, 11]",,,,,,,
401544932,2023,8,regular,2023-10-21T19:00:00.000Z,False,True,False,False,,6044.0,Lane Field,2323,Lane College,ii,SIAC,42.0,"[7, 21, 14, 0]",,,,2355,Virginia Lynchburg,,,45.0,"[7, 14, 14, 10]",,,,,,,
401544102,2023,8,regular,2023-10-21T19:00:00.000Z,False,True,False,True,,5931.0,Don Drumm Stadium,317,Marietta,iii,Ohio,37.0,"[10, 14, 6, 7]",,,,191,Heidelberg,iii,Ohio,14.0,"[0, 0, 7, 7]",,,,,,,
401547086,2023,8,regular,2023-10-21T19:00:00.000Z,False,True,False,True,,5836.0,Chalmers Field,49,Dubuque,iii,American Rivers,41.0,"[10, 17, 14, 0]",,,,63,Buena Vista,iii,American Rivers,0.0,"[0, 0, 0, 0]",,,,,,,
401540742,2023,8,regular,2023-10-21T19:00:00.000Z,False,True,False,True,,6077.0,Stokes Stadium,2654,Truman State,ii,Great Lakes,31.0,"[21, 3, 0, 7]",,,,2911,William Jewell,ii,Great Lakes,10.0,"[0, 10, 0, 0]",,,,,,,
401541795,2023,8,regular,2023-10-21T19:00:00.000Z,False,True,False,True,,5936.0,Koi Ishto Stadium,2191,East Central,ii,Great American,13.0,"[0, 7, 6, 0]",,,,200,Southern Nazarene,ii,Great American,27.0,"[0, 0, 20, 7]",,,,,,,
401540350,2023,8,regular,2023-10-21T19:00:00.000Z,False,True,False,True,,3878.0,Plaster Sports Complex,2623,Missouri State,fcs,MVFC,28.0,"[14, 7, 7, 0]",0.5439606308937073,,,93,Murray State,fcs,MVFC,24.0,"[14, 7, 3, 0]",0.4560393691062927,,,6.613642409025841,,,
401540425,2023,8,regular,2023-10-21T19:00:00.000Z,False,True,False,True,,3858.0,O'Brien Stadium,2197,Eastern Illinois,fcs,Big South-OVC,25.0,"[7, 10, 0, 0, 8]",0.5813870429992676,,,2803,Bryant,fcs,Big South-OVC,24.0,"[3, 7, 0, 7, 7]",0.4186129570007324,,,8.359397721744942,,,
401546010,2023,8,regular,2023-10-21T19:00:00.000Z,False,True,False,True,,5782.0,Mountaineer Bowl,2714,Western Colorado,ii,Rocky Mountain,62.0,"[14, 21, 17, 10]",,,,2424,New Mexico Highlands,ii,Rocky Mountain,0.0,"[0, 0, 0, 0]",,,,,,,
401540475,2023,8,regular,2023-10-21T19:00:00.000Z,False,True,False,True,,3748.0,Graham Stadium,2630,UT Martin,fcs,Big South-OVC,17.0,"[0, 3, 0, 14]",0.6240311861038208,,,2127,Charleston Southern,fcs,Big South-OVC,0.0,"[0, 0, 0, 0]",0.3759688138961792,,,3.950432725171806,,,
401544904,2023,8,regular,2023-10-21T19:00:00.000Z,False,True,False,True,,5882.0,Ralph Stocker Stadium,11,Colorado Mesa,ii,Rocky Mountain,42.0,"[7, 21, 7, 7]",,,,2001,Adams State,ii,Rocky Mountain,7.0,"[0, 7, 0, 0]",,,,,,,
401550453,2023,8,regular,2023-10-21T19:00:00.000Z,False,True,False,True,,4854.0,Perkins Stadium,2745,Wisconsin Whitewater,iii,Wisconsin,37.0,"[0, 24, 3, 10]",,,,2744,Wisconsin Stout,iii,Wisconsin,20.0,"[0, 3, 10, 7]",,,,,,,
401540128,2023,8,regular,2023-10-21T19:00:00.000Z,False,True,False,True,,3740.0,Golden Lion Stadium,2029,Arkansas-Pine Bluff,fcs,SWAC,7.0,"[0, 7, 0, 0]",0.005827486515045166,,,2016,Alcorn State,fcs,SWAC,31.0,"[0, 21, 7, 3]",0.9941725134849548,,,3.3245306801589636,,,
401541097,2023,8,regular,2023-10-21T19:00:00.000Z,False,True,False,True,,5834.0,Deeds Field-Piper Stadium,2171,Denison,iii,North Coast,35.0,"[7, 7, 7, 14]",,,,2748,Wooster,iii,North Coast,31.0,"[14, 0, 14, 3]",,,,,,,
401540448,2023,8,regular,2023-10-21T19:00:00.000Z,False,True,False,True,,3913.0,Saluki Stadium,79,Southern Illinois,fcs,MVFC,10.0,"[0, 0, 0, 10]",0.09241718053817749,,,2571,South Dakota State,fcs,MVFC,17.0,"[0, 7, 7, 3]",0.9075828194618225,,,4.020172593298257,,,
401544879,2023,8,regular,2023-10-21T19:00:00.000Z,False,True,False,True,,5134.0,Bearcat Stadium,138,Northwest Missouri State,ii,Mid America,7.0,"[0, 0, 0, 7]",,,,90,Pittsburg State,ii,Mid America,28.0,"[0, 21, 0, 7]",,,,,,,
401540161,2023,8,regular,2023-10-21T19:00:00.000Z,False,True,False,True,,3896.0,Rice-Totten Field,2400,Mississippi Valley State,fcs,SWAC,6.0,"[0, 0, 0, 6]",0.12107793241739273,,,2296,Jackson State,fcs,SWAC,21.0,"[7, 7, 0, 7]",0.8789220675826073,,,4.856223113680476,,,
401540531,2023,8,regular,2023-10-21T19:30:00.000Z,False,True,False,True,,3788.0,Kenneth P. LaValle Stadium,2619,Stony Brook,fcs,Coastal Athletic,14.0,"[7, 7, 0, 0]",0.032935574650764465,,,160,New Hampshire,fcs,Coastal Athletic,45.0,"[10, 21, 7, 7]",0.9670644253492355,,,4.362812240778631,,,
401520342,2023,8,regular,2023-10-21T19:30:00.000Z,False,True,False,True,86769.0,3834.0,"Memorial Stadium (Lincoln, NE)",158,Nebraska,fbs,Big Ten,17.0,"[3, 7, 0, 7]",0.8433667421340942,1470.0,1474.0,77,Northwestern,fbs,Big Ten,9.0,"[3, 3, 0, 3]",0.15663325786590576,1345.0,1341.0,4.120777058926474,,,
401540571,2023,8,regular,2023-10-21T19:30:00.000Z,False,True,False,True,,4419.0,Bob Ford Field,399,UAlbany,fcs,Coastal Athletic,35.0,"[14, 14, 0, 7]",0.9940996170043945,,,227,Rhode Island,fcs,Coastal Athletic,10.0,"[0, 3, 0, 7]",0.005900382995605469,,,2.1687757013359796,,,
401520338,2023,8,regular,2023-10-21T19:30:00.000Z,False,True,False,True,69250.0,3793.0,Kinnick Stadium,2294,Iowa,fbs,Big Ten,10.0,"[3, 7, 0, 0]",0.2331119030714035,1668.0,1660.0,135,Minnesota,fbs,Big Ten,12.0,"[3, 0, 6, 3]",0.7668880969285965,1571.0,1579.0,6.651977900670337,,,
401540385,2023,8,regular,2023-10-21T19:30:00.000Z,False,True,False,True,,3714.0,Fargodome,2449,North Dakota State,fcs,MVFC,52.0,"[14, 24, 14, 0]",0.9937936067581177,,,2710,Western Illinois,fcs,MVFC,7.0,"[0, 0, 0, 7]",0.006206393241882324,,,2.223331764363476,,,
401532426,2023,8,regular,2023-10-21T19:30:00.000Z,False,True,False,True,9458.0,3764.0,Huskie Stadium,2459,Northern Illinois,fbs,Mid-American,20.0,"[7, 3, 0, 10]",0.8593527674674988,1405.0,1413.0,2199,Eastern Michigan,fbs,Mid-American,13.0,"[7, 3, 3, 0]",0.14064723253250122,1381.0,1373.0,5.7078933717997975,,,
401520344,2023,8,regular,2023-10-21T19:30:00.000Z,False,True,False,False,21704.0,3892.0,Pratt & Whitney Stadium,41,UConn,fbs,FBS Independents,21.0,"[0, 14, 0, 7]",0.1130419597029686,1192.0,1187.0,58,South Florida,fbs,American Athletic,24.0,"[7, 3, 0, 14]",0.8869580402970314,1178.0,1183.0,7.1101171090902335,,,
401520336,2023,8,regular,2023-10-21T19:30:00.000Z,False,True,False,True,54205.0,3832.0,"Memorial Stadium (Champaign, IL)",356,Illinois,fbs,Big Ten,21.0,"[7, 7, 7, 0]",0.4821501076221466,1498.0,1503.0,275,Wisconsin,fbs,Big Ten,25.0,"[0, 7, 0, 18]",0.5178498923778534,1683.0,1678.0,4.794118313644951,,,
401525532,2023,8,regular,2023-10-21T19:30:00.000Z,False,True,False,True,31855.0,3630.0,Allegacy Federal Credit Union Stadium,154,Wake Forest,fbs,ACC,21.0,"[0, 7, 0, 14]",0.5829108357429504,1497.0,1502.0,221,Pittsburgh,fbs,ACC,17.0,"[7, 0, 0, 10]",0.41708916425704956,1549.0,1544.0,7.919415216325932,,,
401524035,2023,8,regular,2023-10-21T19:30:00.000Z,False,True,False,True,58886.0,3626.0,Autzen Stadium,2483,Oregon,fbs,Pac-12,38.0,"[3, 14, 14, 7]",0.9859634637832642,1823.0,1824.0,265,Washington State,fbs,Pac-12,24.0,"[3, 10, 3, 8]",0.01403653621673584,1480.0,1479.0,4.617885618403524,,,
401520333,2023,8,regular,2023-10-21T19:30:00.000Z,False,True,False,True,100077.0,3657.0,Bryant-Denny Stadium,333,Alabama,fbs,SEC,34.0,"[0, 7, 17, 10]",0.9397637248039246,1966.0,1989.0,2633,Tennessee,fbs,SEC,20.0,"[13, 7, 0, 0]",0.06023627519607544,1902.0,1879.0,6.18980783615802,,,
401520341,2023,8,regular,2023-10-21T19:30:00.000Z,False,True,False,True,62621.0,3838.0,Memorial Stadium,142,Missouri,fbs,SEC,34.0,"[14, 10, 0, 10]",0.9903053045272827,1580.0,1630.0,2579,South Carolina,fbs,SEC,12.0,"[0, 3, 6, 3]",0.009694695472717285,1549.0,1499.0,2.6197865634004565,,,
401532430,2023,8,regular,2023-10-21T19:30:00.000Z,False,True,False,True,11735.0,3696.0,Dix Stadium,2309,Kent State,fbs,Mid-American,6.0,"[6, 0, 0, 0]",0.029438816010951996,1121.0,1101.0,2084,Buffalo,fbs,Mid-American,24.0,"[7, 7, 3, 7]",0.970561183989048,1351.0,1371.0,3.578742090491513,,,
401525872,2023,8,regular,2023-10-21T19:30:00.000Z,False,True,False,True,51870.0,3842.0,Milan Puskar Stadium,277,West Virginia,fbs,Big 12,34.0,"[0, 17, 7, 10]",0.07067080587148666,1492.0,1462.0,197,Oklahoma State,fbs,Big 12,48.0,"[10, 3, 7, 28]",0.9293291941285133,1510.0,1540.0,7.412912200308068,,,
401532425,2023,8,regular,2023-10-21T19:30:00.000Z,False,True,False,True,15171.0,3919.0,Scheumann Stadium,2050,Ball State,fbs,Mid-American,24.0,"[7, 3, 7, 7]",0.9878479242324829,1150.0,1167.0,2117,Central Michigan,fbs,Mid-American,17.0,"[3, 0, 7, 7]",0.01215207576751709,1282.0,1265.0,3.5227975028943503,,,
401550328,2023,8,regular,2023-10-21T19:30:00.000Z,False,True,False,True,,5843.0,W.B. Adams Stadium,366,Ferrum,iii,Old Dominion,28.0,"[7, 0, 14, 7]",,,,2258,Guilford,iii,Old Dominion,0.0,"[0, 0, 0, 0]",,,,,,,
401531372,2023,8,regular,2023-10-21T19:30:00.000Z,False,True,False,True,30000.0,4729.0,Yulman Stadium,2655,Tulane,fbs,American Athletic,35.0,"[7, 14, 7, 7]",0.9909549355506897,1650.0,1645.0,249,North Texas,fbs,American Athletic,28.0,"[0, 0, 21, 7]",0.009045064449310303,1384.0,1389.0,3.84764474853959,,,
401540579,2023,8,regular,2023-10-21T19:30:00.000Z,False,True,False,True,,3998.0,Zable Stadium,2729,William & Mary,fcs,Coastal Athletic,24.0,"[10, 7, 0, 7]",0.46526572799887866,,,119,Towson,fcs,Coastal Athletic,34.0,"[0, 3, 14, 17]",0.5347342720011213,,,5.2555895602,,,
401552471,2023,8,regular,2023-10-21T20:00:00.000Z,False,True,False,True,,5808.0,Edward C. Swenson Athletic Complex,18,Bridgewater State,iii,MSCAC,21.0,"[7, 7, 7, 0]",,,,2909,Westfield State,iii,MSCAC,0.0,"[0, 0, 0, 0]",,,,,,,
401540144,2023,8,regular,2023-10-21T20:00:00.000Z,False,True,True,True,,3712.0,EverBank Stadium,2065,Bethune-Cookman,fcs,SWAC,18.0,"[7, 3, 0, 8]",0.09010912477970123,,,2582,Southern,fcs,SWAC,28.0,"[0, 14, 7, 7]",0.9098908752202988,,,4.848047732299306,,,
401540612,2023,8,regular,2023-10-21T20:00:00.000Z,False,True,False,True,,4417.0,Five Star Stadium at the Moye Complex,2382,Mercer,fcs,Southern,31.0,"[7, 3, 0, 21]",0.8955183029174805,,,2747,Wofford,fcs,Southern,17.0,"[0, 7, 0, 10]",0.10448169708251953,,,3.4463388759845524,,,
401544150,2023,8,regular,2023-10-21T20:00:00.000Z,False,True,False,True,,5821.0,Fritz B. Burns Stadium,17,Claremont Mudd Scripps,iii,So. Cal.,31.0,"[10, 14, 7, 0]",,,,29,Redlands,iii,So. Cal.,17.0,"[10, 0, 0, 7]",,,,,,,
401547023,2023,8,regular,2023-10-21T20:00:00.000Z,False,True,False,True,,3926.0,Setzler Field,2444,Newberry,ii,South Atlantic,10.0,"[0, 10, 0, 0]",,,,2331,Lenoir Rhyne,ii,South Atlantic,24.0,"[10, 0, 7, 7]",,,,,,,
401550467,2023,8,regular,2023-10-21T20:00:00.000Z,False,True,False,True,,6104.0,Baker Stadium,2508,Puget Sound,iii,Northwest,6.0,"[6, 0, 0, 0]",,,,203,Linfield,iii,Northwest,55.0,"[6, 28, 14, 7]",,,,,,,
401540976,2023,8,regular,2023-10-21T20:00:00.000Z,False,True,False,True,,3731.0,Frost-Kalnow Stadium,2838,Tiffin,ii,Great Midwest Athletic,37.0,"[17, 3, 3, 14]",,,,2316,Kentucky Wesleyan,ii,Great Midwest Athletic,12.0,"[6, 0, 6, 0]",,,,,,,
401544092,2023,8,regular,2023-10-21T20:00:00.000Z,False,True,False,True,,6148.0,The Pine Bowl,2721,Whitworth,iii,Northwest,42.0,"[14, 21, 7, 0]",,,,205,Pacific (OR),iii,Northwest,20.0,"[7, 0, 0, 13]",,,,,,,
401552872,2023,8,regular,2023-10-21T20:00:00.000Z,False,True,False,True,,5909.0,Ortmayer Stadium,2318,La Verne,iii,So. Cal.,7.0,"[0, 0, 0, 7]",,,,2923,Pomona Pitzer,iii,So. Cal.,20.0,"[0, 7, 7, 6]",,,,,,,
401541852,2023,8,regular,2023-10-21T20:00:00.000Z,False,True,False,True,,5935.0,Parker Field at McCool Stadium,2170,Delta State,ii,Gulf South,21.0,"[7, 14, 0, 0]",,,,110242,West Florida,ii,Gulf South,24.0,"[7, 3, 7, 7]",,,,,,,
401550137,2023,8,regular,2023-10-21T20:00:00.000Z,False,True,False,True,,5939.0,Cressy Field,379,UMass Dartmouth,iii,MSCAC,42.0,"[22, 13, 7, 0]",,,,114,Fitchburg State,iii,MSCAC,7.0,"[0, 0, 0, 7]",,,,,,,
401540254,2023,8,regular,2023-10-21T20:00:00.000Z,False,True,False,True,,4765.0,Hillsboro Stadium,2502,Portland State,fcs,Big Sky,24.0,"[7, 10, 7, 0]",0.1251969039440155,,,304,Idaho State,fcs,Big Sky,38.0,"[14, 14, 0, 10]",0.8748030960559845,,,5.5279176039114475,,,
401550878,2023,8,regular,2023-10-21T20:00:00.000Z,False,True,False,True,,6102.0,Sparks Stadium,2486,Pacific Lutheran,iii,Northwest,49.0,"[7, 28, 0, 14]",,,,2333,Lewis & Clark,iii,Northwest,14.0,"[0, 7, 7, 0]",,,,,,,
401525869,2023,8,regular,2023-10-21T20:00:00.000Z,False,True,False,True,42812.0,4728.0,TDECU Stadium,248,Houston,fbs,Big 12,24.0,"[0, 14, 7, 3]",0.43341130018234253,1543.0,1556.0,251,Texas,fbs,Big 12,31.0,"[14, 7, 3, 7]",0.5665886998176575,1910.0,1897.0,4.8148698998073955,,,
401540316,2023,8,regular,2023-10-21T20:00:00.000Z,False,True,False,True,,3629.0,Barker-Lane Stadium,2097,Campbell,fcs,Coastal Athletic,34.0,"[7, 21, 6, 0]",0.5248826146125793,,,311,Maine,fcs,Coastal Athletic,28.0,"[7, 0, 7, 14]",0.47511738538742065,,,4.241579655620554,,,
401532427,2023,8,regular,2023-10-21T20:00:00.000Z,False,True,False,True,17321.0,3996.0,Yager Stadium,193,Miami (OH),fbs,Mid-American,17.0,"[0, 3, 14, 0]",0.02760399878025055,1455.0,1451.0,2649,Toledo,fbs,Mid-American,21.0,"[7, 14, 0, 0]",0.9723960012197495,1487.0,1491.0,4.7080995809678114,,,
401540986,2023,8,regular,2023-10-21T20:05:00.000Z,False,True,False,True,,5783.0,McArthur Field,2848,Western Oregon,ii,Lone Star,6.0,"[0, 0, 6, 0]",,,,2395,Midwestern State,ii,Lone Star,33.0,"[6, 10, 7, 10]",,,,,,,
401540440,2023,8,regular,2023-10-21T20:30:00.000Z,False,True,False,True,,4762.0,Memorial Stadium (Commerce TX),2837,East Texas A&M,fcs,Southland,7.0,"[7, 0, 0, 0]",0.0004766499623656273,,,2447,Nicholls,fcs,Southland,27.0,"[7, 14, 0, 6]",0.9995233500376344,,,4.479638577903237,,,
401545763,2023,8,regular,2023-10-21T21:00:00.000Z,False,True,False,True,,5886.0,West Family Stadium,2699,West Liberty,ii,Mountain East,35.0,"[14, 7, 7, 7]",,,,587,Notre Dame College,ii,Mountain East,40.0,"[13, 3, 17, 7]",,,,,,,
401540516,2023,8,regular,2023-10-21T21:00:00.000Z,False,True,False,True,,716.0,Torero Stadium,301,San Diego,fcs,Pioneer,20.0,"[0, 7, 3, 10]",0.9454167164732518,,,2181,Drake,fcs,Pioneer,25.0,"[3, 6, 10, 6]",0.05458328352674824,,,7.0633628222,,,
401541631,2023,8,regular,2023-10-21T21:00:00.000Z,False,True,False,True,,3756.0,Homer Bryce Stadium,2617,Stephen F. Austin,fcs,UAC,27.0,"[7, 10, 7, 3]",0.04810052737593651,,,2000,Abilene Christian,fcs,UAC,34.0,"[3, 10, 14, 7]",0.9518994726240635,,,7.211258445329569,,,
401540373,2023,8,regular,2023-10-21T21:00:00.000Z,False,True,False,True,,3967.0,UNI-Dome,2460,Northern Iowa,fcs,MVFC,27.0,"[7, 10, 7, 3]",0.9875070452690125,,,155,North Dakota,fcs,MVFC,0.0,"[0, 0, 0, 0]",0.012492954730987549,,,2.4536978033106553,,,
401541049,2023,8,regular,2023-10-21T21:00:00.000Z,False,True,False,True,,6125.0,Bulldog Stadium (TX),2639,Texas Lutheran,iii,American Southwest,6.0,"[0, 0, 6, 0]",,,,2194,East Texas Baptist,iii,American Southwest,16.0,"[7, 3, 6, 0]",,,,,,,
401547076,2023,8,regular,2023-10-21T21:00:00.000Z,False,True,False,True,,6027.0,Albert J. H. Sloan - Alumni Stadium,2396,Miles,ii,SIAC,28.0,"[0, 0, 28, 0]",,,,2019,Allen,ii,SIAC,21.0,"[0, 14, 7, 0]",,,,,,,
401553025,2023,8,regular,2023-10-21T21:00:00.000Z,False,True,False,False,,5810.0,Coyer Field,2085,Buffalo State,iii,Liberty League,44.0,"[10, 7, 14, 13]",,,,125974,Hilbert,iii,North Coast,12.0,"[6, 0, 6, 0]",,,,,,,
401531397,2023,8,regular,2023-10-21T22:00:00.000Z,False,True,False,True,17241.0,3715.0,FAU Stadium,2226,Florida Atlantic,fbs,American Athletic,10.0,"[10, 0, 0, 0]",0.0039930185303092,1476.0,1416.0,2636,UTSA,fbs,American Athletic,36.0,"[7, 13, 9, 7]",0.9960069814696908,1561.0,1621.0,4.803290212477287,,,
401541884,2023,8,regular,2023-10-21T22:00:00.000Z,False,True,False,True,,5888.0,University Stadium (GA),2698,West Georgia,ii,Gulf South,38.0,"[14, 14, 7, 3]",,,,2822,North Greenville,ii,Gulf South,14.0,"[0, 0, 7, 7]",,,,,,,
401532600,2023,8,regular,2023-10-21T22:00:00.000Z,False,True,False,True,13723.0,3971.0,University Stadium (NM),167,New Mexico,fbs,Mountain West,42.0,"[14, 14, 7, 7]",0.9877520203590393,1065.0,1121.0,62,Hawai'i,fbs,Mountain West,21.0,"[7, 7, 0, 7]",0.012247979640960693,1118.0,1062.0,2.613479114567809,,,
401540196,2023,8,regular,2023-10-21T22:00:00.000Z,False,True,False,False,,3710.0,Ernest W. Spangler Stadium,2241,Gardner-Webb,fcs,Big South-OVC,35.0,"[7, 14, 0, 14]",,,,2198,Eastern Kentucky,fcs,UAC,32.0,"[14, 7, 3, 8]",,,,,,,
401547037,2023,8,regular,2023-10-21T22:00:00.000Z,False,True,False,True,,3705.0,Earl Kitchings Stadium,2206,Edward Waters,ii,SIAC,31.0,"[7, 7, 3, 14]",,,,2013,Albany State,ii,SIAC,27.0,"[17, 7, 0, 3]",,,,,,,
401525531,2023,8,regular,2023-10-21T22:30:00.000Z,False,True,False,True,50500.0,3787.0,Kenan Stadium,153,North Carolina,fbs,ACC,27.0,"[7, 10, 7, 3]",0.050722625106573105,1756.0,1717.0,258,Virginia,fbs,ACC,31.0,"[14, 0, 10, 7]",0.9492773748934269,1313.0,1352.0,7.383594278806394,,,
401525867,2023,8,regular,2023-10-21T23:00:00.000Z,False,True,False,True,63523.0,3801.0,LaVell Edwards Stadium,252,BYU,fbs,Big 12,27.0,"[14, 10, 3, 0]",0.9066184759140015,1471.0,1511.0,2641,Texas Tech,fbs,Big 12,14.0,"[0, 7, 0, 7]",0.09338152408599854,1637.0,1597.0,2.747280004550231,,,
401520335,2023,8,regular,2023-10-21T23:00:00.000Z,False,True,False,True,63523.0,3785.0,Jordan-Hare Stadium,2,Auburn,fbs,SEC,21.0,"[7, 7, 0, 7]",0.580512285232544,1559.0,1555.0,145,Ole Miss,fbs,SEC,28.0,"[14, 0, 7, 7]",0.41948771476745605,1685.0,1689.0,5.4018476020302035,,,
401541895,2023,8,regular,2023-10-21T23:00:00.000Z,False,True,False,True,,5869.0,LeGrand Stadium at 1st Community Credit Union Field,2025,Angelo State,ii,Lone Star,23.0,"[3, 17, 3, 0]",,,,110243,UT Permian Basin,ii,Lone Star,28.0,"[0, 14, 14, 0]",,,,,,,
401545855,2023,8,regular,2023-10-21T23:00:00.000Z,False,True,False,True,,3951.0,Swisher Field,425,Northern State,ii,Northern Sun,28.0,"[0, 0, 19, 9]",,,,2844,Wayne State (NE),ii,Northern Sun,26.0,"[9, 10, 0, 7]",,,,,,,
401540240,2023,8,regular,2023-10-21T23:00:00.000Z,False,True,False,True,,3906.0,Roos Field,331,Eastern Washington,fcs,Big Sky,31.0,"[7, 7, 3, 14]",0.8799776434898376,,,2692,Weber State,fcs,Big Sky,23.0,"[3, 10, 0, 10]",0.12002235651016235,,,5.523356854244112,,,
401541945,2023,8,regular,2023-10-21T23:00:00.000Z,False,True,False,True,,6062.0,Gable Field at Doc Wadley Stadium,196,Northeastern State,ii,Mid America,21.0,"[0, 7, 14, 0]",,,,2122,Central Oklahoma,ii,Mid America,37.0,"[20, 3, 0, 14]",,,,,,,
401550371,2023,8,regular,2023-10-21T23:00:00.000Z,False,True,False,True,,6146.0,Memorial Field (PA),2849,Westminster (PA),iii,Presidents',27.0,"[17, 7, 0, 3]",,,,2018,Allegheny,iii,Presidents',17.0,"[7, 10, 0, 0]",,,,,,,
401531895,2023,8,regular,2023-10-21T23:00:00.000Z,False,True,False,True,20017.0,3918.0,S.B. Ballard Stadium,295,Old Dominion,fbs,Sun Belt,28.0,"[0, 17, 3, 8]",0.9016955560819071,1366.0,1386.0,2026,App State,fbs,Sun Belt,21.0,"[7, 7, 7, 0]",0.0983044439180929,1543.0,1523.0,9.3678567408,,,
401550387,2023,8,regular,2023-10-21T23:00:00.000Z,False,True,False,True,,5849.0,Reeves Field (PA),2242,Geneva,iii,Presidents',45.0,"[21, 3, 14, 7]",,,,2062,Bethany (WV),iii,Presidents',20.0,"[0, 7, 6, 7]",,,,,,,
401547011,2023,8,regular,2023-10-21T23:00:00.000Z,False,True,False,True,,4750.0,The Reservation,2336,Limestone,ii,South Atlantic,27.0,"[0, 0, 14, 13]",,,,2107,Catawba,ii,South Atlantic,16.0,"[7, 6, 0, 3]",,,,,,,
401541844,2023,8,regular,2023-10-21T23:00:00.000Z,False,True,False,True,,6053.0,Robinson-Hale Stadium,2401,Mississippi College,ii,Gulf South,38.0,"[3, 14, 0, 21]",,,,2804,Chowan,ii,Gulf South,21.0,"[0, 0, 14, 7]",,,,,,,
401550410,2023,8,regular,2023-10-21T23:00:00.000Z,False,True,False,True,,4423.0,Young-Wise Memorial Stadium,418,Hendrix,iii,Southern Athletic,50.0,"[15, 14, 7, 14]",,,,2519,Rhodes,iii,Southern Athletic,49.0,"[14, 13, 8, 14]",,,,,,,
401532599,2023,8,regular,2023-10-21T23:00:00.000Z,False,True,False,True,22585.0,6501.0,Allegiant Stadium,2439,UNLV,fbs,Mountain West,25.0,"[0, 3, 13, 9]",0.8797178864479065,1432.0,1430.0,36,Colorado State,fbs,Mountain West,23.0,"[0, 13, 0, 10]",0.1202821135520935,1268.0,1270.0,6.980696146703971,,,
401540216,2023,8,regular,2023-10-21T23:00:00.000Z,False,True,False,False,,3827.0,"Memorial Stadium (Stephenville, TX)",2627,Tarleton State,fcs,UAC,42.0,"[7, 21, 7, 7]",0.9940776824951172,,,2413,Morehead State,fcs,Pioneer,0.0,"[0, 0, 0, 0]",0.0059223175048828125,,,2.323348620096797,,,
401550377,2023,8,regular,2023-10-21T23:00:00.000Z,False,True,False,True,,5814.0,Gesling Stadium,2102,Carnegie Mellon,iii,Presidents',35.0,"[18, 14, 0, 3]",,,,2686,Washington & Jefferson,iii,Presidents',14.0,"[7, 0, 0, 7]",,,,,,,
401532602,2023,8,regular,2023-10-21T23:00:00.000Z,False,True,False,True,15028.0,3935.0,CEFCU Stadium,23,San José State,fbs,Mountain West,42.0,"[14, 0, 14, 14]",0.9762968420982361,1396.0,1449.0,328,Utah State,fbs,Mountain West,21.0,"[0, 14, 0, 7]",0.023703157901763916,1429.0,1376.0,3.4614902726795087,,,
401525870,2023,8,regular,2023-10-21T23:00:00.000Z,False,True,False,True,52580.0,3636.0,Bill Snyder Family Stadium,2306,Kansas State,fbs,Big 12,41.0,"[21, 6, 7, 7]",0.998489260673523,1800.0,1897.0,2628,TCU,fbs,Big 12,3.0,"[3, 0, 0, 0]",0.0015107393264770508,1713.0,1616.0,2.3023729390097745,,,
401540205,2023,8,regular,2023-10-21T23:00:00.000Z,False,True,False,True,,4133.0,Braly Municipal Stadium,2453,North Alabama,fcs,UAC,31.0,"[7, 10, 7, 7]",0.25546956062316895,,,3101,Utah Tech,fcs,UAC,30.0,"[0, 10, 7, 13]",0.744530439376831,,,5.93951223313712,,,
401531896,2023,8,regular,2023-10-21T23:00:00.000Z,False,True,False,True,18228.0,3625.0,Centennial Bank Stadium,2032,Arkansas State,fbs,Sun Belt,17.0,"[0, 3, 7, 7]",0.037629906088113785,1077.0,1083.0,324,Coastal Carolina,fbs,Sun Belt,27.0,"[3, 14, 0, 10]",0.9623700939118862,1411.0,1405.0,4.6860639818918255,,,
401520340,2023,8,regular,2023-10-21T23:30:00.000Z,False,True,False,True,74206.0,3936.0,Spartan Stadium,127,Michigan State,fbs,Big Ten,0.0,"[0, 0, 0, 0]",0.0019051043782383204,1462.0,1401.0,130,Michigan,fbs,Big Ten,49.0,"[14, 14, 14, 7]",0.9980948956217617,2123.0,2184.0,4.317715638884165,,,
401520339,2023,8,regular,2023-10-21T23:30:00.000Z,False,True,False,False,101776.0,3958.0,Tiger Stadium (LA),99,LSU,fbs,SEC,62.0,"[14, 24, 10, 14]",0.9897582530975342,1809.0,1952.0,349,Army,fbs,FBS Independents,0.0,"[0, 0, 0, 0]",0.01024174690246582,1444.0,1301.0,2.143393067008351,,,
401525530,2023,8,regular,2023-10-21T23:30:00.000Z,False,True,False,True,79560.0,3697.0,Doak Campbell Stadium,52,Florida State,fbs,ACC,38.0,"[7, 10, 0, 21]",0.8505356311798096,1941.0,1960.0,150,Duke,fbs,ACC,20.0,"[10, 10, 0, 0]",0.14946436882019043,1711.0,1692.0,4.8095450789962175,,,
401525529,2023,8,regular,2023-10-22T00:00:00.000Z,False,True,False,True,48562.0,3948.0,Hard Rock Stadium,2390,Miami,fbs,ACC,28.0,"[7, 0, 0, 10, 3, 8]",0.6921764016151428,1560.0,1584.0,228,Clemson,fbs,ACC,20.0,"[0, 7, 10, 0, 3, 0]",0.3078235983848572,1745.0,1721.0,7.2268909874609655,,,
401531897,2023,8,regular,2023-10-22T00:00:00.000Z,False,True,False,True,20044.0,3666.0,Cajun Field,309,Louisiana,fbs,Sun Belt,17.0,"[0, 7, 10, 0]",0.4927021563053131,1542.0,1537.0,2247,Georgia State,fbs,Sun Belt,20.0,"[0, 20, 0, 0]",0.5072978436946869,1532.0,1537.0,5.209797291810352,,,
401540152,2023,8,regular,2023-10-22T00:00:00.000Z,False,True,False,True,,3631.0,BBVA Compass Stadium,2640,Texas Southern,fcs,SWAC,21.0,"[7, 7, 0, 7]",0.07748021930456161,,,50,Florida A&M,fcs,SWAC,31.0,"[0, 7, 21, 3]",0.9225197806954384,,,3.740748359540263,,,
401540231,2023,8,regular,2023-10-22T00:00:00.000Z,False,True,False,True,,1027.0,Alex G. Spanos Stadium,13,Cal Poly,fcs,Big Sky,24.0,"[7, 10, 0, 7]",0.16693222522735596,,,2458,Northern Colorado,fcs,Big Sky,17.0,"[7, 3, 7, 0]",0.833067774772644,,,2.7863575220108037,,,
401541902,2023,8,regular,2023-10-22T00:00:00.000Z,False,True,False,True,,5938.0,Al Whitehead Field at Greyhound Stadium,2201,Eastern New Mexico,ii,Lone Star,14.0,"[0, 7, 7, 0]",,,,2658,Texas A&M-Kingsville,ii,Lone Star,35.0,"[7, 14, 14, 0]",,,,,,,
401540178,2023,8,regular,2023-10-22T00:00:00.000Z,False,True,False,True,,3706.0,Eccles Coliseum,253,Southern Utah,fcs,UAC,45.0,"[7, 21, 7, 7, 0, 3]",0.1805233657360077,,,2046,Austin Peay,fcs,UAC,48.0,"[14, 0, 14, 14, 0, 6]",0.8194766342639923,,,9.726636190846458,,,
401540393,2023,8,regular,2023-10-22T00:00:00.000Z,False,True,False,True,,3686.0,Cowboy Stadium,2377,McNeese,fcs,Southland,24.0,"[7, 17, 0, 0]",0.2411278337240219,,,2916,Incarnate Word,fcs,Southland,35.0,"[0, 7, 7, 21]",0.7588721662759781,,,4.966404317311187,,,
401541772,2023,8,regular,2023-10-22T00:00:00.000Z,False,True,False,True,,6064.0,Crain Family Stadium,319,Oklahoma Baptist,ii,Great American,28.0,"[0, 14, 7, 7]",,,,2823,Northwestern (OK),ii,Great American,7.0,"[0, 0, 0, 7]",,,,,,,
401524037,2023,8,regular,2023-10-22T00:00:00.000Z,False,True,False,True,61551.0,477.0,Los Angeles Memorial Coliseum,30,USC,fbs,Pac-12,32.0,"[14, 0, 3, 15]",0.23601555824279785,1768.0,1766.0,254,Utah,fbs,Pac-12,34.0,"[14, 0, 14, 6]",0.7639844417572021,1775.0,1777.0,7.471796078380709,,,
401532601,2023,8,regular,2023-10-22T01:00:00.000Z,False,True,False,True,27122.0,7311.0,Snapdragon Stadium,21,San Diego State,fbs,Mountain West,0.0,"[0, 0, 0, 0]",0.5022130608558655,1356.0,1333.0,2440,Nevada,fbs,Mountain West,6.0,"[3, 3, 0, 0]",0.4977869391441345,1199.0,1222.0,3.9441438688016035,,,
401541916,2023,8,regular,2023-10-22T01:00:00.000Z,False,True,False,True,,5879.0,Tomlinson Stadium,2120,Central Washington,ii,Lone Star,30.0,"[3, 10, 3, 14]",,,,2704,West Texas,ii,Lone Star,14.0,"[0, 7, 0, 7]",,,,,,,
401550333,2023,8,regular,2023-10-22T02:00:00.000Z,False,True,False,True,,5819.0,Ernie Chapman Stadium,411,Chapman,iii,So. Cal.,38.0,"[7, 14, 10, 7]",,,,2094,Cal Lutheran,iii,So. Cal.,10.0,"[3, 0, 0, 7]",,,,,,,
401550493,2023,8,regular,2023-10-22T02:00:00.000Z,False,True,False,True,,5850.0,Stoffer Family Stadium,415,George Fox,iii,Northwest,63.0,"[7, 21, 14, 21]",,,,2930,Willamette,iii,Northwest,10.0,"[3, 0, 7, 0]",,,,,,,
401540270,2023,8,regular,2023-10-22T02:30:00.000Z,False,True,False,True,,3757.0,Hornet Stadium,16,Sacramento State,fcs,Big Sky,30.0,"[7, 0, 10, 13]",0.0,,,147,Montana State,fcs,Big Sky,42.0,"[0, 14, 7, 21]",1.0,,,5.407644451761952,,,
401524038,2023,8,regular,2023-10-22T02:30:00.000Z,False,True,False,True,68379.0,3765.0,Husky Stadium,264,Washington,fbs,Pac-12,15.0,"[0, 3, 0, 12]",0.6202885508537292,1900.0,1884.0,9,Arizona State,fbs,Pac-12,7.0,"[0, 7, 0, 0]",0.37971144914627075,1393.0,1409.0,5.487827956913385,,,
401524036,2023,8,regular,2023-10-22T02:30:00.000Z,False,True,False,True,,3940.0,Stanford Stadium,24,Stanford,fbs,Pac-12,7.0,"[0, 0, 7, 0]",0.0035756847355514765,1245.0,1198.0,26,UCLA,fbs,Pac-12,42.0,"[14, 7, 14, 7]",0.9964243152644485,1671.0,1718.0,3.074155327147044,,,
401520345,2023,9,regular,2023-10-24T23:00:00.000Z,False,True,False,True,13798.0,3776.0,Joe Aillet Stadium,2348,Louisiana Tech,fbs,Conference USA,24.0,"[3, 13, 8, 0]",0.7507241368293762,1241.0,1244.0,166,New Mexico State,fbs,Conference USA,27.0,"[0, 10, 14, 3]",0.24927586317062378,1360.0,1357.0,6.748925769037029,,,
401520346,2023,9,regular,2023-10-24T23:30:00.000Z,False,True,False,True,16036.0,3796.0,Houchens Industries-L.T. Smith Stadium,98,Western Kentucky,fbs,Conference USA,29.0,"[7, 3, 0, 19]",0.2357439398765564,1527.0,1505.0,2335,Liberty,fbs,Conference USA,42.0,"[7, 7, 7, 21]",0.7642560601234436,1603.0,1625.0,3.9020760232260896,,,
401520347,2023,9,regular,2023-10-25T23:00:00.000Z,False,True,False,True,14074.0,218.0,FIU Stadium,2229,Florida International,fbs,Conference USA,16.0,"[0, 3, 13, 0]",0.03956399857997894,1081.0,1060.0,55,Jacksonville State,fbs,Conference USA,41.0,"[21, 3, 3, 14]",0.9604360014200211,1487.0,1508.0,3.7861565139130318,,,
401520348,2023,9,regular,2023-10-26T00:00:00.000Z,False,True,False,True,6889.0,3647.0,Elliott T. Bowers Stadium,2534,Sam Houston,fbs,Conference USA,34.0,"[7, 14, 6, 7]",0.009587116539478302,1319.0,1304.0,2638,UTEP,fbs,Conference USA,37.0,"[0, 13, 7, 17]",0.9904128834605217,1156.0,1171.0,5.903277522987978,,,
401547001,2023,9,regular,2023-10-26T23:00:00.000Z,False,True,False,False,,6045.0,Dwight T. Reed Stadium,2876,Lincoln (MO),ii,Independent DII,17.0,"[7, 7, 0, 3]",,,,2201,Eastern New Mexico,ii,Lone Star,62.0,"[34, 14, 14, 0]",,,,,,,
401541861,2023,9,regular,2023-10-26T23:00:00.000Z,False,True,False,True,,4015.0,Barron Stadium,2560,Shorter,ii,Gulf South,35.0,"[7, 7, 7, 14]",,,,2698,West Georgia,ii,Gulf South,41.0,"[6, 21, 7, 7]",,,,,,,
401541786,2023,9,regular,2023-10-26T23:00:00.000Z,False,True,False,True,,3934.0,Southern Nazarene University Football Stadium,200,Southern Nazarene,ii,Great American,28.0,"[7, 7, 7, 7]",,,,2888,Ouachita Baptist,ii,Great American,49.0,"[7, 21, 14, 7]",,,,,,,
401540008,2023,9,regular,2023-10-26T23:00:00.000Z,False,True,False,True,,3624.0,Arute Field,2115,Central Connecticut,fcs,NEC,23.0,"[7, 16, 0, 0]",0.01969377137720585,,,2341,Long Island University,fcs,NEC,24.0,"[10, 0, 14, 0]",0.9803062286227942,,,6.545705374641714,,,
401539998,2023,9,regular,2023-10-26T23:30:00.000Z,False,True,False,True,,3862.0,O'Kelly-Riddick Stadium,2428,North Carolina Central,fcs,MEAC,62.0,"[14, 27, 21, 0]",0.9805523753166199,,,2569,South Carolina State,fcs,MEAC,28.0,"[0, 14, 7, 7]",0.019447624683380127,,,2.0690160263903543,,,
401531929,2023,9,regular,2023-10-26T23:30:00.000Z,False,True,False,True,23389.0,3608.0,Allen E. Paulson Stadium,290,Georgia Southern,fbs,Sun Belt,44.0,"[10, 17, 7, 10]",0.8805827498435974,1451.0,1497.0,2247,Georgia State,fbs,Sun Belt,27.0,"[7, 0, 14, 6]",0.11941725015640259,1537.0,1491.0,3.3110251389200815,,,
401525533,2023,9,regular,2023-10-26T23:30:00.000Z,False,True,False,True,60236.0,3799.0,Lane Stadium,259,Virginia Tech,fbs,ACC,38.0,"[13, 17, 5, 3]",0.9983589826073812,1466.0,1538.0,183,Syracuse,fbs,ACC,10.0,"[0, 3, 7, 0]",0.0016410173926187932,1451.0,1379.0,2.9932293654,,,
401540295,2023,9,regular,2023-10-27T23:00:00.000Z,False,True,False,True,,3730.0,Franklin Field,219,Pennsylvania,fcs,Ivy,26.0,"[7, 10, 0, 9]",0.08260396867990494,,,225,Brown,fcs,Ivy,30.0,"[3, 17, 10, 0]",0.9173960313200951,,,6.702178137627279,,,
401531407,2023,9,regular,2023-10-27T23:30:00.000Z,False,True,False,True,10857.0,4418.0,Jerry Richardson Stadium,2429,Charlotte,fbs,American Athletic,16.0,"[3, 3, 10, 0]",0.0,1193.0,1161.0,2226,Florida Atlantic,fbs,American Athletic,38.0,"[7, 14, 10, 7]",1.0,1416.0,1448.0,3.269673108316718,,,
401553026,2023,9,regular,2023-10-28T15:00:00.000Z,False,True,True,False,,7512.0,St. Francis High School,125974,Hilbert,iii,North Coast,27.0,"[6, 0, 7, 14]",,,,101161,Lyon,,,43.0,"[7, 13, 9, 14]",,,,,,,
401551934,2023,9,regular,2023-10-28T16:00:00.000Z,False,True,False,True,,7082.0,Athletic Field Complex,122774,Keystone,iii,Landmark Conference,14.0,"[7, 7, 0, 0]",,,,2108,Catholic,iii,Landmark Conference,26.0,"[0, 7, 13, 6]",,,,,,,
401520349,2023,9,regular,2023-10-28T16:00:00.000Z,False,True,False,True,29625.0,3841.0,Michie Stadium,349,Army,fbs,FBS Independents,14.0,"[0, 7, 0, 7]",0.15871647000312805,1301.0,1255.0,113,Massachusetts,fbs,FBS Independents,21.0,"[13, 0, 8, 0]",0.841283529996872,926.0,972.0,3.4144331259626464,,,
401547201,2023,9,regular,2023-10-28T16:00:00.000Z,False,True,False,True,,3995.0,Dr. John W. Winkin Sports Complex,2280,Husson,iii,Commonwealth Coast,13.0,"[0, 0, 7, 6]",,,,452,Endicott,iii,Commonwealth Coast,23.0,"[0, 6, 7, 10]",,,,,,,
401550281,2023,9,regular,2023-10-28T16:00:00.000Z,False,True,False,True,,6096.0,Austin E. Knowlton Athletics Complex,391,Oberlin,iii,North Coast,7.0,"[0, 0, 7, 0]",,,,2980,Ohio Wesleyan,iii,North Coast,50.0,"[14, 16, 7, 13]",,,,,,,
401550127,2023,9,regular,2023-10-28T16:00:00.000Z,False,True,False,True,,5940.0,Clean Harbors Stadium,110,Mass Maritime,iii,MSCAC,3.0,"[0, 3, 0, 0]",,,,2967,Framingham State,iii,MSCAC,28.0,"[0, 21, 7, 0]",,,,,,,
401549741,2023,9,regular,2023-10-28T16:00:00.000Z,False,True,False,True,,5926.0,Henry G. Steinbrenner '27 Stadium,109,MIT,iii,NEWMAC,29.0,"[7, 7, 8, 7]",,,,2467,Norwich,iii,NEWMAC,26.0,"[0, 6, 13, 7]",,,,,,,
401550053,2023,9,regular,2023-10-28T16:00:00.000Z,False,True,False,True,,6120.0,Growney Stadium,374,St. John Fisher,iii,Empire 8,30.0,"[3, 13, 0, 14]",,,,365,Alfred,iii,Empire 8,12.0,"[0, 0, 6, 6]",,,,,,,
401545867,2023,9,regular,2023-10-28T16:00:00.000Z,False,True,False,True,,4436.0,Adamson Stadium,2858,California (PA),ii,Pennsylvania State Athletic,58.0,"[7, 34, 3, 14]",,,,2385,Mercyhurst,ii,Pennsylvania State Athletic,19.0,"[13, 0, 0, 6]",,,,,,,
401553858,2023,9,regular,2023-10-28T16:00:00.000Z,False,True,False,True,,5833.0,Robert A. Lipinski Field at James Work Memorial Stadium,2808,Delaware Valley,iii,Mid Atlantic,21.0,"[7, 7, 0, 7]",,,,471,Stevenson,iii,Mid Atlantic,14.0,"[0, 7, 0, 7]",,,,,,,
401547026,2023,9,regular,2023-10-28T16:00:00.000Z,False,True,False,True,,4750.0,The Reservation,2336,Limestone,ii,South Atlantic,28.0,"[0, 14, 7, 7]",,,,2444,Newberry,ii,South Atlantic,24.0,"[3, 7, 7, 7]",,,,,,,
401540977,2023,9,regular,2023-10-28T16:00:00.000Z,False,True,False,True,,3731.0,Frost-Kalnow Stadium,2838,Tiffin,ii,Great Midwest Athletic,40.0,"[14, 14, 6, 6]",,,,2682,Walsh,ii,Great Midwest Athletic,13.0,"[0, 3, 10, 0]",,,,,,,
401531342,2023,9,regular,2023-10-28T16:00:00.000Z,False,True,False,True,20800.0,3735.0,Gerald J. Ford Stadium,2567,SMU,fbs,American Athletic,69.0,"[28, 24, 14, 3]",0.99134761095047,1653.0,1775.0,202,Tulsa,fbs,American Athletic,10.0,"[3, 0, 0, 7]",0.00865238904953003,1219.0,1097.0,2.049767007427124,,,
401541818,2023,9,regular,2023-10-28T16:00:00.000Z,False,True,False,True,,3698.0,Donnell Stadium,2224,Findlay,ii,Great Midwest Athletic,24.0,"[3, 14, 7, 0]",,,,2477,Ohio Dominican,ii,Great Midwest Athletic,3.0,"[0, 0, 3, 0]",,,,,,,
401541634,2023,9,regular,2023-10-28T16:00:00.000Z,False,True,False,True,,3997.0,Yale Bowl,43,Yale,fcs,Ivy,35.0,"[7, 14, 0, 14]",0.9889005422592163,,,171,Columbia,fcs,Ivy,7.0,"[0, 0, 0, 7]",0.011099457740783691,,,2.321557777814435,,,
401540042,2023,9,regular,2023-10-28T16:00:00.000Z,False,True,False,True,,3979.0,Wagner College Stadium,2681,Wagner,fcs,NEC,28.0,"[0, 21, 0, 7]",0.9717328548431396,,,284,Stonehill,fcs,NEC,17.0,"[7, 10, 0, 0]",0.02826714515686035,,,5.253477095338507,,,
401552464,2023,9,regular,2023-10-28T16:00:00.000Z,False,True,False,True,,5794.0,Caparso Field,15,Anna Maria College,iii,ECFC,50.0,"[14, 28, 0, 8]",,,,417,Gallaudet,iii,ECFC,7.0,"[0, 7, 0, 0]",,,,,,,
401550138,2023,9,regular,2023-10-28T16:00:00.000Z,False,True,False,True,,5808.0,Edward C. Swenson Athletic Complex,18,Bridgewater State,iii,MSCAC,14.0,"[0, 0, 14, 0]",,,,379,UMass Dartmouth,iii,MSCAC,34.0,"[13, 7, 0, 14]",,,,,,,
401525875,2023,9,regular,2023-10-28T16:00:00.000Z,False,True,False,True,51928.0,3636.0,Bill Snyder Family Stadium,2306,Kansas State,fbs,Big 12,41.0,"[7, 21, 7, 6]",1.0,1897.0,1971.0,248,Houston,fbs,Big 12,0.0,"[0, 0, 0, 0]",0.0,1556.0,1482.0,2.409486058701478,,,
401550082,2023,9,regular,2023-10-28T16:00:00.000Z,False,True,False,True,,5830.0,Walter M. Katz Field,40,Curry,iii,Commonwealth Coast,48.0,"[6, 26, 0, 16]",,,,2884,Nichols,iii,Commonwealth Coast,46.0,"[14, 7, 11, 14]",,,,,,,
401525878,2023,9,regular,2023-10-28T16:00:00.000Z,False,True,False,True,44136.0,3652.0,FBC Mortgage Stadium,2116,UCF,fbs,Big 12,28.0,"[7, 7, 7, 7]",0.2525993585586548,1545.0,1508.0,277,West Virginia,fbs,Big 12,41.0,"[10, 7, 7, 17]",0.7474006414413452,1462.0,1499.0,5.599115961342238,,,
401520351,2023,9,regular,2023-10-28T16:00:00.000Z,False,True,False,False,36902.0,3615.0,"Alumni Stadium (Chestnut Hill, MA)",103,Boston College,fbs,ACC,21.0,"[7, 7, 7, 0]",0.9935847520828247,1356.0,1356.0,41,UConn,fbs,FBS Independents,14.0,"[7, 0, 0, 7]",0.006415247917175293,1187.0,1187.0,3.7083513659673777,,,
401520356,2023,9,regular,2023-10-28T16:00:00.000Z,False,True,False,True,19286.0,3911.0,Ryan Field,77,Northwestern,fbs,Big Ten,33.0,"[14, 10, 3, 6]",0.9013105034828186,1341.0,1367.0,120,Maryland,fbs,Big Ten,27.0,"[14, 3, 3, 7]",0.0986894965171814,1687.0,1661.0,5.519025725114429,,,
401520359,2023,9,regular,2023-10-28T16:00:00.000Z,False,True,False,True,95297.0,3795.0,Kyle Field,245,Texas A&M,fbs,SEC,30.0,"[0, 21, 3, 6]",0.792514443397522,1738.0,1744.0,2579,South Carolina,fbs,SEC,17.0,"[7, 0, 3, 7]",0.20748555660247803,1499.0,1493.0,3.625831456680813,,,
401520358,2023,9,regular,2023-10-28T16:00:00.000Z,False,True,False,True,107209.0,3632.0,Beaver Stadium,213,Penn State,fbs,Big Ten,33.0,"[7, 10, 7, 9]",0.8595324754714966,2002.0,1975.0,84,Indiana,fbs,Big Ten,24.0,"[7, 7, 0, 10]",0.14046752452850342,1290.0,1317.0,5.710088146686869,,,
401525536,2023,9,regular,2023-10-28T16:00:00.000Z,False,True,False,True,31288.0,3630.0,Allegacy Federal Credit Union Stadium,154,Wake Forest,fbs,ACC,16.0,"[0, 7, 9, 0]",0.03878975659608841,1502.0,1486.0,52,Florida State,fbs,ACC,41.0,"[10, 24, 0, 7]",0.9612102434039116,1960.0,1976.0,3.196062456123554,,,
401525874,2023,9,regular,2023-10-28T16:00:00.000Z,False,True,False,True,47233.0,3833.0,Memorial Stadium,2305,Kansas,fbs,Big 12,38.0,"[7, 10, 9, 12]",0.49450939893722534,1546.0,1569.0,201,Oklahoma,fbs,Big 12,33.0,"[0, 21, 6, 6]",0.5054906010627747,1934.0,1911.0,8.779319683269716,,,
401534855,2023,9,regular,2023-10-28T16:00:00.000Z,False,True,False,True,,3613.0,Alumni Stadium,2169,Delaware State,fcs,MEAC,10.0,"[0, 7, 3, 0]",0.2158803790807724,,,47,Howard,fcs,MEAC,17.0,"[0, 10, 0, 7]",0.7841196209192276,,,4.109797042940171,,,
401540806,2023,9,regular,2023-10-28T16:00:00.000Z,False,True,False,True,,5934.0,Farmers Insurance Athletic Complex,110254,Davenport,ii,GLIAC,24.0,"[3, 6, 0, 15]",,,,129,Saginaw Valley State,ii,GLIAC,21.0,"[0, 7, 14, 0]",,,,,,,
401545764,2023,9,regular,2023-10-28T16:00:00.000Z,False,True,False,True,,6063.0,Mueller Field,587,Notre Dame College,ii,Mountain East,28.0,"[7, 14, 7, 0]",,,,112335,Wheeling,ii,Mountain East,25.0,"[0, 10, 8, 7]",,,,,,,
401547003,2023,9,regular,2023-10-28T16:00:00.000Z,False,True,False,True,,3859.0,Offutt Field,611,Seton Hill,ii,Pennsylvania State Athletic,38.0,"[7, 10, 7, 14]",,,,2205,Edinboro,ii,Pennsylvania State Athletic,28.0,"[0, 7, 6, 15]",,,,,,,
401549621,2023,9,regular,2023-10-28T16:00:00.000Z,False,True,False,True,,6107.0,ECAV Stadium,2528,Rensselaer,iii,Liberty League,49.0,"[21, 14, 14, 0]",,,,184,Rochester (NY),iii,Liberty League,10.0,"[0, 3, 0, 7]",,,,,,,
401540497,2023,9,regular,2023-10-28T16:00:00.000Z,False,True,False,True,,3777.0,Joe Walton Stadium,2523,Robert Morris,fcs,Big South,13.0,"[0, 0, 13, 0]",0.11438798904418945,,,2635,Tennessee Tech,fcs,Big South-OVC,38.0,"[7, 14, 0, 17]",0.8856120109558105,,,3.7662090113536686,,,
401541108,2023,9,regular,2023-10-28T16:00:00.000Z,False,True,False,True,,6119.0,Stagg Field,81,Springfield,iii,NEWMAC,21.0,"[7, 7, 0, 7]",,,,2383,Merchant Marine,iii,NEWMAC,14.0,"[0, 7, 0, 7]",,,,,,,
401540016,2023,9,regular,2023-10-28T16:00:00.000Z,False,True,False,True,,3668.0,Campus Field,2529,Sacred Heart,fcs,NEC,0.0,"[0, 0, 0, 0]",0.0011872281320393085,,,2184,Duquesne,fcs,NEC,27.0,"[10, 10, 7, 0]",0.9988127718679607,,,3.366617975071019,,,
401553018,2023,9,regular,2023-10-28T16:00:00.000Z,False,True,False,True,,6144.0,"Alumni Field (Westfield, MA)",2909,Westfield State,iii,MSCAC,19.0,"[0, 13, 0, 6]",,,,2972,Plymouth State,iii,MSCAC,20.0,"[7, 0, 7, 6]",,,,,,,
401541090,2023,9,regular,2023-10-28T16:00:00.000Z,False,True,False,True,,3640.0,Blackstock Stadium,83,DePauw,iii,North Coast,58.0,"[13, 24, 21, 0]",,,,352,Kenyon,iii,North Coast,7.0,"[0, 0, 0, 7]",,,,,,,
401540063,2023,9,regular,2023-10-28T16:30:00.000Z,False,True,False,True,,3847.0,Cooper Field,46,Georgetown,fcs,Patriot,25.0,"[0, 10, 9, 6]",,,,322,Lafayette,fcs,Patriot,35.0,"[14, 7, 7, 7]",,,,,,,
401549781,2023,9,regular,2023-10-28T16:30:00.000Z,False,True,False,True,,5914.0,Veterans Memorial Stadium (WI),2740,Wisconsin La Crosse,iii,Wisconsin,59.0,"[7, 28, 17, 7]",,,,2738,Wisconsin Eau Claire,iii,Wisconsin,14.0,"[7, 7, 0, 0]",,,,,,,
401540327,2023,9,regular,2023-10-28T17:00:00.000Z,False,True,False,True,,3781.0,Johnny Unitas Stadium,119,Towson,fcs,Coastal Athletic,13.0,"[0, 0, 3, 10]",0.01422723475843668,,,48,Delaware,fcs,CAA,51.0,"[28, 10, 10, 3]",0.9857727652415633,,,2.7143469796285125,,,
401540504,2023,9,regular,2023-10-28T17:00:00.000Z,False,True,False,True,,3998.0,Zable Stadium,2729,William & Mary,fcs,Coastal Athletic,31.0,"[0, 21, 3, 7]",0.3708319365978241,,,2405,Monmouth,fcs,Coastal Athletic,28.0,"[7, 0, 14, 7]",0.6291680634021759,,,6.197419229204885,,,
401558402,2023,9,regular,2023-10-28T17:00:00.000Z,False,True,False,True,,4855.0,Leslie C. Quick Jr. Stadium,2725,Widener,iii,Mid Atlantic,31.0,"[7, 14, 3, 7]",,,,247,King's,iii,Mid Atlantic,14.0,"[7, 0, 7, 0]",,,,,,,
401552995,2023,9,regular,2023-10-28T17:00:00.000Z,False,True,False,True,,5851.0,Shirk Field at Musselman Stadium,2248,Gettysburg,iii,Centennial,25.0,"[7, 7, 0, 11]",,,,2175,Dickinson,iii,Centennial,28.0,"[7, 14, 0, 7]",,,,,,,
401550307,2023,9,regular,2023-10-28T17:00:00.000Z,False,True,False,True,,5894.0,Steuben Field,348,Hamilton,iii,NESCAC,36.0,"[0, 0, 7, 10, 7, 8, 0, 2, 2]",,,,112,Tufts,iii,NESCAC,34.0,"[7, 10, 0, 0, 7, 8, 0, 2, 0]",,,,,,,
401545797,2023,9,regular,2023-10-28T17:00:00.000Z,False,True,False,True,,6074.0,Grappone Stadium,2830,Saint Anselm,ii,Northeast 10,16.0,"[7, 3, 6, 0]",,,,2487,Pace,ii,Northeast 10,23.0,"[10, 3, 0, 10]",,,,,,,
401549612,2023,9,regular,2023-10-28T17:00:00.000Z,False,True,False,True,,5862.0,Butterfield Stadium,175,Ithaca,iii,Liberty League,62.0,"[31, 17, 7, 7]",,,,2085,Buffalo State,iii,Liberty League,0.0,"[0, 0, 0, 0]",,,,,,,
401549825,2023,9,regular,2023-10-28T17:00:00.000Z,False,True,False,False,,6086.0,Rocco Calvo Field,323,Moravian,iii,Landmark Conference,14.0,"[0, 0, 8, 6]",,,,216,Susquehanna,iii,Landmark Conference,33.0,"[6, 7, 13, 7]",,,,,,,
401545840,2023,9,regular,2023-10-28T17:00:00.000Z,False,True,False,True,,3606.0,Scheels Field at Nemzek Stadium,2817,Minnesota St Moorhead,ii,Northern Sun,20.0,"[6, 7, 7, 0]",,,,2851,Winona State,ii,Northern Sun,17.0,"[3, 0, 14, 0]",,,,,,,
401550148,2023,9,regular,2023-10-28T17:00:00.000Z,False,True,False,True,,5904.0,Angell Field,126,Kalamazoo,iii,Michigan,17.0,"[0, 10, 7, 0]",,,,2812,Hope,iii,Michigan,63.0,"[9, 20, 21, 13]",,,,,,,
401540070,2023,9,regular,2023-10-28T17:00:00.000Z,False,True,False,True,,150.0,Jack Coffey Field,2230,Fordham,fcs,Patriot,47.0,"[13, 21, 7, 6]",0.7545836567878723,,,107,Holy Cross,fcs,Patriot,49.0,"[14, 14, 7, 14]",0.24541634321212769,,,8.277456045704604,,,
401553003,2023,9,regular,2023-10-28T17:00:00.000Z,False,True,False,False,,5925.0,David Person Field,2354,Lycoming,iii,Landmark Conference,56.0,"[21, 21, 7, 7]",,,,246,Juniata,iii,Landmark Conference,10.0,"[0, 0, 3, 7]",,,,,,,
401547045,2023,9,regular,2023-10-28T17:00:00.000Z,False,True,False,True,,5867.0,Albany State University Coliseum,2013,Albany State,ii,SIAC,48.0,"[10, 21, 14, 3]",,,,2396,Miles,ii,SIAC,7.0,"[0, 7, 0, 0]",,,,,,,
401552878,2023,9,regular,2023-10-28T17:00:00.000Z,False,False,False,True,,5689.0,Seaverns Field At Harold Alfond Stadium,33,Colby,iii,NESCAC,,,,,,2394,Middlebury,iii,NESCAC,,,,,,,,,
401550338,2023,9,regular,2023-10-28T17:00:00.000Z,False,True,False,True,,5892.0,Armfield Athletic Center,2258,Guilford,iii,Old Dominion,21.0,"[7, 7, 7, 0]",,,,297,Hampden Sydney,iii,Old Dominion,42.0,"[13, 8, 7, 14]",,,,,,,
401545739,2023,9,regular,2023-10-28T17:00:00.000Z,False,True,False,True,,5943.0,Duvall-Rosier Field,2986,Fairmont State,ii,Mountain East,21.0,"[7, 7, 0, 7]",,,,2707,West Virginia State,ii,Mountain East,20.0,"[3, 7, 10, 0]",,,,,,,
401540532,2023,9,regular,2023-10-28T17:00:00.000Z,False,True,False,True,,3824.0,Meade Stadium,227,Rhode Island,fcs,Coastal Athletic,34.0,"[0, 14, 7, 7, 6]",,,,160,New Hampshire,fcs,Coastal Athletic,28.0,"[7, 10, 3, 8, 0]",,,,,,,
401540492,2023,9,regular,2023-10-28T17:00:00.000Z,False,True,False,True,,3607.0,Alfond Stadium,311,Maine,fcs,Coastal Athletic,21.0,"[7, 7, 0, 7]",0.16244155168533325,,,399,UAlbany,fcs,Coastal Athletic,37.0,"[10, 14, 13, 0]",0.8375584483146667,,,4.8840454033227125,,,
401540657,2023,9,regular,2023-10-28T17:00:00.000Z,False,True,False,True,,5873.0,Bulldogs Stadium,2075,Bowie State,ii,CIAA,19.0,"[0, 7, 12, 0]",,,,2207,Elizabeth City State,ii,CIAA,7.0,"[0, 7, 0, 0]",,,,,,,
401540682,2023,9,regular,2023-10-28T17:00:00.000Z,False,True,False,True,,6068.0,George Williams Athletic Complex,2551,Shaw,ii,CIAA,14.0,"[0, 7, 0, 7]",,,,2220,Fayetteville State,ii,CIAA,21.0,"[7, 7, 0, 7]",,,,,,,
401545768,2023,9,regular,2023-10-28T17:00:00.000Z,False,False,False,True,,4421.0,Multi-Sport Performance Stadium,2017,Alderson-Broaddus,ii,Mountain East,0.0,[],,,,2699,West Liberty,ii,Mountain East,0.0,[],,,,,,,
401550115,2023,9,regular,2023-10-28T17:00:00.000Z,False,True,False,True,,3621.0,Arnold Field (PA),388,Lebanon Valley,iii,Mid Atlantic,34.0,"[7, 6, 14, 7]",,,,111674,Alvernia,iii,Mid Atlantic,26.0,"[0, 13, 7, 6]",,,,,,,
401541030,2023,9,regular,2023-10-28T17:00:00.000Z,False,True,False,True,,3760.0,Hubert Jack Stadium,209,Lock Haven,ii,Pennsylvania State Athletic,27.0,"[10, 7, 7, 3]",,,,223,West Chester,ii,Pennsylvania State Athletic,42.0,"[7, 14, 7, 14]",,,,,,,
401540330,2023,9,regular,2023-10-28T17:00:00.000Z,False,True,False,True,,3921.0,Schoellkopf Field,172,Cornell,fcs,Ivy,3.0,"[0, 3, 0, 0]",0.1885344684123993,,,163,Princeton,fcs,Ivy,14.0,"[7, 7, 0, 0]",0.8114655315876007,,,3.9157869376170265,,,
401544933,2023,9,regular,2023-10-28T17:00:00.000Z,False,True,False,True,,4749.0,McPherson Memorial Stadium,2119,Central State,ii,SIAC,17.0,"[0, 3, 7, 7]",,,,2323,Lane College,ii,SIAC,14.0,"[7, 7, 0, 0]",,,,,,,
401558981,2023,9,regular,2023-10-28T17:00:00.000Z,False,True,False,False,,7077.0,Shadek Stadium,2234,Franklin & Marshall,iii,Centennial,40.0,"[14, 9, 17, 0]",,,,2871,Kean,iii,New Jersey,14.0,"[0, 6, 0, 8]",,,,,,,
401552451,2023,9,regular,2023-10-28T17:00:00.000Z,False,True,False,True,,6136.0,Patterson Field,2667,Ursinus,iii,Centennial,49.0,"[14, 14, 14, 7]",,,,2700,McDaniel,iii,Centennial,6.0,"[6, 0, 0, 0]",,,,,,,
401540459,2023,9,regular,2023-10-28T17:00:00.000Z,False,True,False,True,,3664.0,Butler Bowl,2086,Butler,fcs,Pioneer,17.0,"[0, 0, 14, 3]",0.971976101398468,,,2674,Valparaiso,fcs,Pioneer,7.0,"[0, 0, 7, 0]",0.028023898601531982,,,4.1593164796963675,,,
401540674,2023,9,regular,2023-10-28T17:00:00.000Z,False,True,False,False,,6221.0,Mitchell Stadium,124180,Bluefield State,ii,Independent DII,12.0,"[0, 6, 0, 6]",,,,2676,Virginia Union,ii,CIAA,57.0,"[7, 20, 14, 16]",,,,,,,
401549792,2023,9,regular,2023-10-28T17:00:00.000Z,False,True,False,True,,6117.0,Knight Stadium,2896,Southern Virginia,iii,USA South,7.0,"[0, 0, 0, 7]",,,,2256,Greensboro,iii,USA South,47.0,"[20, 20, 7, 0]",,,,,,,
401545824,2023,9,regular,2023-10-28T17:00:00.000Z,False,True,False,True,,5933.0,Sea Foam Stadium,3066,Concordia St. Paul,ii,Northern Sun,20.0,"[7, 7, 3, 3]",,,,425,Northern State,ii,Northern Sun,14.0,"[0, 14, 0, 0]",,,,,,,
401540053,2023,9,regular,2023-10-28T17:00:00.000Z,False,True,False,True,,3617.0,Andy Kerr Stadium,2142,Colgate,fcs,Patriot,34.0,"[13, 0, 14, 7]",0.1330331563949585,,,2083,Bucknell,fcs,Patriot,49.0,"[7, 27, 9, 6]",0.8669668436050415,,,4.431107860288049,,,
401540037,2023,9,regular,2023-10-28T17:00:00.000Z,False,True,False,True,,3694.0,DeGol Field,2598,Saint Francis,fcs,NEC,28.0,"[0, 6, 0, 22]",0.9164174199104309,,,2771,Merrimack,fcs,NEC,21.0,"[0, 14, 7, 0]",0.08358258008956909,,,5.107214827539951,,,
401547018,2023,9,regular,2023-10-28T17:00:00.000Z,False,True,False,True,,7076.0,J.W. Babb Stadium,101784,Erskine,ii,South Atlantic,14.0,"[7, 0, 7, 0]",,,,2839,Tusculum,ii,South Atlantic,52.0,"[14, 24, 7, 7]",,,,,,,
401545748,2023,9,regular,2023-10-28T17:00:00.000Z,False,True,False,True,,3642.0,Bobcat Stadium (MD),341,Frostburg State,ii,Mountain East,25.0,"[10, 7, 0, 8]",,,,2128,Charleston (WV),ii,Mountain East,28.0,"[0, 14, 7, 7]",,,,,,,
401540106,2023,9,regular,2023-10-28T17:00:00.000Z,False,True,False,True,,3744.0,Hancock Stadium,2287,Illinois State,fcs,MVFC,21.0,"[7, 7, 0, 7]",0.06188686564564705,,,2460,Northern Iowa,fcs,MVFC,24.0,"[7, 14, 0, 3]",0.938113134354353,,,5.025243984885483,,,
401545850,2023,9,regular,2023-10-28T17:00:00.000Z,False,True,False,True,,3638.0,MDU Resources Community Bowl,559,University of Mary,ii,Northern Sun,27.0,"[3, 14, 0, 10]",,,,568,Minot State,ii,Northern Sun,23.0,"[0, 7, 0, 16]",,,,,,,
401545873,2023,9,regular,2023-10-28T17:00:00.000Z,False,True,False,True,,4430.0,Mihalik-Thompson Stadium,215,Slippery Rock,ii,Pennsylvania State Athletic,42.0,"[0, 21, 14, 7]",,,,2134,Clarion,ii,Pennsylvania State Athletic,14.0,"[0, 0, 0, 14]",,,,,,,
401541845,2023,9,regular,2023-10-28T17:00:00.000Z,False,True,False,True,,5220.0,Garrison Stadium,2804,Chowan,ii,Gulf South,6.0,"[0, 0, 0, 6]",,,,2695,West Alabama,ii,Gulf South,14.0,"[7, 7, 0, 0]",,,,,,,
401545817,2023,9,regular,2023-10-28T17:00:00.000Z,False,True,False,True,,6051.0,James S. Malosky Stadium,134,Minnesota Duluth,ii,Northern Sun,31.0,"[7, 3, 7, 14]",,,,132,Bemidji State,ii,Northern Sun,38.0,"[14, 14, 10, 0]",,,,,,,
401550404,2023,9,regular,2023-10-28T17:00:00.000Z,False,True,False,True,,5818.0,Farris Stadium,2121,Centre,iii,Southern Athletic,54.0,"[14, 6, 20, 14]",,,,2553,Sewanee,iii,Southern Athletic,22.0,"[7, 0, 0, 15]",,,,,,,
401549585,2023,9,regular,2023-10-28T17:00:00.000Z,False,True,False,True,,5856.0,Boswell Field at David J. Urick Stadium,174,Hobart,iii,Liberty League,35.0,"[7, 14, 0, 14]",,,,2779,St. Lawrence,iii,Liberty League,0.0,"[0, 0, 0, 0]",,,,,,,
401540517,2023,9,regular,2023-10-28T17:00:00.000Z,False,True,False,True,,3701.0,Drake Stadium,2181,Drake,fcs,Pioneer,33.0,"[3, 10, 7, 13]",0.7495104670524597,,,56,Stetson,fcs,Pioneer,7.0,"[0, 7, 0, 0]",0.2504895329475403,,,3.8488391636954744,,,
401545788,2023,9,regular,2023-10-28T17:00:00.000Z,False,True,False,True,,6058.0,Ralph F. DellaCamera Stadium,2441,New Haven,ii,Northeast 10,25.0,"[0, 12, 0, 13]",,,,2038,Assumption,ii,Northeast 10,14.0,"[7, 7, 0, 0]",,,,,,,
401550313,2023,9,regular,2023-10-28T17:00:00.000Z,False,True,False,True,,6116.0,Shentel Stadium,2828,Shenandoah,iii,Old Dominion,49.0,"[7, 14, 21, 7]",,,,2047,Averett,iii,Old Dominion,35.0,"[0, 14, 14, 7]",,,,,,,
401550871,2023,9,regular,2023-10-28T17:00:00.000Z,False,True,False,True,,6114.0,Sea Gull Stadium,2532,Salisbury,iii,New Jersey,27.0,"[7, 7, 7, 6]",,,,2442,The College of New Jersey,iii,New Jersey,36.0,"[7, 20, 9, 0]",,,,,,,
401547211,2023,9,regular,2023-10-28T17:00:00.000Z,False,True,False,True,,6135.0,Blue Storm Stadium,111675,New England,iii,Commonwealth Coast,7.0,"[7, 0, 0, 0]",,,,2702,Western New England,iii,Commonwealth Coast,42.0,"[7, 7, 14, 14]",,,,,,,
401550352,2023,9,regular,2023-10-28T17:00:00.000Z,False,True,False,True,,6132.0,Trinity University Stadium,386,Trinity (TX),iii,Southern Athletic,63.0,"[21, 7, 28, 7]",,,,2398,Millsaps,iii,Southern Athletic,0.0,"[0, 0, 0, 0]",,,,,,,
401540799,2023,9,regular,2023-10-28T17:00:00.000Z,False,True,False,True,,3950.0,Superior Dome,128,Northern Michigan,ii,GLIAC,17.0,"[7, 3, 0, 7]",,,,131,Wayne State (MI),ii,GLIAC,41.0,"[2, 3, 14, 22]",,,,,,,
401553013,2023,9,regular,2023-10-28T17:00:00.000Z,False,True,False,True,,6083.0,Mangelsdorf Field,2969,Misericordia,iii,Mid Atlantic,38.0,"[17, 14, 0, 7]",,,,2015,Albright,iii,Mid Atlantic,9.0,"[0, 0, 7, 2]",,,,,,,
401532431,2023,9,regular,2023-10-28T17:00:00.000Z,False,True,False,True,16297.0,3912.0,Rynearson Stadium,2199,Eastern Michigan,fbs,Mid-American,21.0,"[0, 7, 6, 8]",0.0,1373.0,1292.0,2711,Western Michigan,fbs,Mid-American,45.0,"[14, 7, 4, 20]",1.0,1238.0,1319.0,6.046778512165599,,,
401549696,2023,9,regular,2023-10-28T17:00:00.000Z,False,True,False,False,,3960.0,Top Taggart Field,2222,Ferris State,ii,GLIAC,56.0,"[21, 21, 7, 7]",,,,2022,American International,ii,Northeast 10,0.0,"[0, 0, 0, 0]",,,,,,,
401549749,2023,9,regular,2023-10-28T17:00:00.000Z,False,True,False,True,,6150.0,Wightman Stadium,2970,William Paterson,iii,New Jersey,13.0,"[6, 0, 7, 0]",,,,3112,Christopher Newport,iii,New Jersey,33.0,"[17, 3, 0, 13]",,,,,,,
401541127,2023,9,regular,2023-10-28T17:00:00.000Z,False,True,False,True,,6145.0,Blue Jay Stadium,433,Westminster (MO),iii,Upper Midwest,6.0,"[0, 0, 0, 6]",,,,2257,Greenville,iii,Upper Midwest,38.0,"[14, 14, 3, 7]",,,,,,,
401552021,2023,9,regular,2023-10-28T17:00:00.000Z,False,True,False,True,,6141.0,Corwin Stadium,336,Wesleyan (CT),iii,NESCAC,34.0,"[0, 20, 14, 0]",,,,7,Amherst,iii,NESCAC,7.0,"[0, 7, 0, 0]",,,,,,,
401550364,2023,9,regular,2023-10-28T17:00:00.000Z,False,True,False,True,,5932.0,Lloyd L. Thornton Stadium,2373,Maryville (TN),iii,USA South,20.0,"[0, 7, 0, 0, 13]",,,,2056,Belhaven,iii,USA South,7.0,"[0, 0, 0, 7, 0]",,,,,,,
401553866,2023,9,regular,2023-10-28T17:00:00.000Z,False,True,False,False,,5899.0,"Alumni Stadium (Worcester, MA)",2749,WPI,iii,NEWMAC,24.0,"[7, 7, 3, 7]",,,,2776,Salve Regina,iii,Commonwealth Coast,27.0,"[0, 13, 7, 7]",,,,,,,
401544141,2023,9,regular,2023-10-28T17:00:00.000Z,False,True,False,True,,4422.0,Valhalla Stadium,2757,Berry,iii,Southern Athletic,53.0,"[15, 28, 7, 3]",,,,418,Hendrix,iii,Southern Athletic,6.0,"[0, 6, 0, 0]",,,,,,,
401545806,2023,9,regular,2023-10-28T17:00:00.000Z,False,True,False,True,,6035.0,"Memorial Stadium (Wayne, NE)",2844,Wayne State (NE),ii,Northern Sun,14.0,"[0, 14, 0, 0]",,,,2043,Augustana (SD),ii,Northern Sun,12.0,"[2, 0, 0, 10]",,,,,,,
401553037,2023,9,regular,2023-10-28T17:00:00.000Z,False,True,True,True,,5938.0,Al Whitehead Field at Greyhound Stadium,127954,Eastern,iii,Mid Atlantic,19.0,"[7, 0, 6, 6]",,,,2221,FDU Florham,iii,Mid Atlantic,24.0,"[7, 3, 14, 0]",,,,,,,
401550290,2023,9,regular,2023-10-28T17:00:00.000Z,False,True,False,True,,5123.0,Little Giant Stadium,89,Wabash,iii,North Coast,52.0,"[24, 14, 14, 0]",,,,2746,Wittenberg,iii,North Coast,20.0,"[6, 0, 0, 14]",,,,,,,
401541808,2023,9,regular,2023-10-28T17:00:00.000Z,False,True,False,False,,3770.0,Jack Miller Stadium,308,Ashland,ii,Great Midwest Athletic,28.0,"[0, 21, 0, 7]",,,,2646,Thomas More,,,20.0,"[0, 10, 3, 7]",,,,,,,
401575335,2023,9,regular,2023-10-28T17:00:00.000Z,False,True,True,False,,7422.0,Municipal Stadium,126086,Post,ii,Independent DII,14.0,"[7, 0, 7, 0]",,,,2583,Southern Connecticut State,ii,Northeast 10,35.0,"[13, 15, 0, 7]",,,,,,,
401550299,2023,9,regular,2023-10-28T17:00:00.000Z,False,False,False,True,,3733.0,Garcelon Field,121,Bates,iii,NESCAC,,,,,,2731,Williams,iii,NESCAC,,,,,,,,,
401549719,2023,9,regular,2023-10-28T17:00:00.000Z,False,False,False,True,,5806.0,Whittier Field,340,Bowdoin,iii,NESCAC,,,,,,2977,Trinity (CT),iii,NESCAC,,,,,,,,,
401544968,2023,9,regular,2023-10-28T17:00:00.000Z,False,True,False,True,,5790.0,Bahlke Field,2800,Alma,iii,Michigan,41.0,"[13, 13, 6, 9]",,,,354,Olivet,iii,Michigan,20.0,"[7, 0, 7, 6]",,,,,,,
401541117,2023,9,regular,2023-10-28T17:00:00.000Z,False,True,False,True,,6105.0,Day Field,2516,Randolph Macon,iii,Old Dominion,35.0,"[7, 14, 7, 7]",,,,2688,Washington and Lee,iii,Old Dominion,12.0,"[6, 0, 6, 0]",,,,,,,
401544122,2023,9,regular,2023-10-28T17:00:00.000Z,False,True,False,True,,3677.0,Chuck Noll Field,2614,Saint Vincent,iii,Presidents',20.0,"[0, 0, 14, 6]",,,,2849,Westminster (PA),iii,Presidents',22.0,"[0, 9, 13, 0]",,,,,,,
401550388,2023,9,regular,2023-10-28T17:00:00.000Z,False,True,False,True,,6140.0,John F. Wiley Stadium,2845,Waynesburg,iii,Presidents',29.0,"[14, 6, 6, 3]",,,,2242,Geneva,iii,Presidents',43.0,"[7, 7, 0, 29]",,,,,,,
401544132,2023,9,regular,2023-10-28T17:00:00.000Z,False,True,False,True,,5789.0,Frank B. Fuhrer Field,2018,Allegheny,iii,Presidents',27.0,"[14, 13, 0, 0]",,,,2644,Thiel,iii,Presidents',3.0,"[0, 3, 0, 0]",,,,,,,
401549709,2023,9,regular,2023-10-28T17:00:00.000Z,False,True,False,True,,6046.0,Meares Stadium,2369,Mars Hill,ii,South Atlantic,49.0,"[7, 28, 14, 0]",,,,2842,UVA Wise,ii,South Atlantic,18.0,"[0, 0, 10, 8]",,,,,,,
401550394,2023,9,regular,2023-10-28T17:00:00.000Z,False,True,False,True,,5864.0,Robert E. Thorn Field,146,Grove City,iii,Presidents',56.0,"[14, 7, 28, 7]",,,,2062,Bethany (WV),iii,Presidents',14.0,"[0, 7, 0, 7]",,,,,,,
401545966,2023,9,regular,2023-10-28T17:05:00.000Z,False,True,False,True,,4439.0,Eiler-Martin Stadium,2188,East Stroudsburg,ii,Pennsylvania State Athletic,41.0,"[7, 7, 13, 14]",,,,2559,Shippensburg,ii,Pennsylvania State Athletic,17.0,"[3, 7, 0, 7]",,,,,,,
401549758,2023,9,regular,2023-10-28T17:30:00.000Z,False,True,False,True,,5863.0,Don Shula Stadium at Wasmer Field,2302,John Carroll,iii,Ohio,42.0,"[7, 21, 7, 7]",,,,332,Muskingum,iii,Ohio,13.0,"[6, 7, 0, 0]",,,,,,,
401544112,2023,9,regular,2023-10-28T17:30:00.000Z,False,True,False,True,,4856.0,Mount Union Stadium,426,Mount Union,iii,Ohio,51.0,"[16, 14, 14, 7]",,,,359,Otterbein,iii,Ohio,14.0,"[0, 0, 0, 14]",,,,,,,
401550251,2023,9,regular,2023-10-28T17:30:00.000Z,False,True,False,True,,5801.0,George Finnie Stadium,188,Baldwin Wallace,iii,Ohio,59.0,"[14, 24, 7, 14]",,,,424,Capital,iii,Ohio,35.0,"[14, 14, 0, 7]",,,,,,,
401553033,2023,9,regular,2023-10-28T17:30:00.000Z,False,True,False,True,,5793.0,Macholtz Stadium,2023,Anderson (IN),iii,Heartland,7.0,"[0, 0, 0, 7]",,,,2074,Bluffton,iii,Heartland,45.0,"[9, 20, 7, 9]",,,,,,,
401553032,2023,9,regular,2023-10-28T17:30:00.000Z,False,True,False,True,,6088.0,Schueler Field,2419,Mount St Joseph,iii,Heartland,55.0,"[13, 14, 21, 7]",,,,2233,Franklin,iii,Heartland,0.0,"[0, 0, 0, 0]",,,,,,,
401550072,2023,9,regular,2023-10-28T17:30:00.000Z,False,True,False,True,,5930.0,Carl W. Burt Memorial Stadium,2362,Manchester,iii,Heartland,27.0,"[21, 0, 0, 6]",,,,190,Defiance College,iii,Heartland,51.0,"[10, 7, 27, 7]",,,,,,,
401540486,2023,9,regular,2023-10-28T17:30:00.000Z,False,True,False,True,,3710.0,Ernest W. Spangler Stadium,2241,Gardner-Webb,fcs,Big South-OVC,38.0,"[14, 17, 0, 7]",,,,2630,UT Martin,fcs,Big South-OVC,34.0,"[6, 14, 7, 7]",,,,,,,
401544995,2023,9,regular,2023-10-28T17:30:00.000Z,False,True,False,True,,5854.0,Hoernemann Stadium,191,Heidelberg,iii,Ohio,49.0,"[7, 21, 14, 7]",,,,2733,Wilmington (OH),iii,Ohio,35.0,"[0, 7, 0, 28]",,,,,,,
401540588,2023,9,regular,2023-10-28T17:30:00.000Z,False,True,False,True,,3597.0,Alumni Memorial Field,2678,VMI,fcs,Southern,23.0,"[7, 10, 0, 6]",0.22112049162387848,,,236,Chattanooga,fcs,Southern,24.0,"[14, 7, 3, 0]",0.7788795083761215,,,6.507379477286863,,,
401547219,2023,9,regular,2023-10-28T18:00:00.000Z,False,True,False,True,,5816.0,Art Keller Field,2106,Carthage,iii,CCIW,30.0,"[0, 12, 10, 8]",,,,32,Carroll (WI),iii,CCIW,27.0,"[14, 7, 6, 0]",,,,,,,
401547038,2023,9,regular,2023-10-28T18:00:00.000Z,False,True,False,True,,6217.0,W.C. Hawkins Stadium,2019,Allen,ii,SIAC,59.0,"[14, 17, 14, 14]",,,,2206,Edward Waters,ii,SIAC,21.0,"[0, 14, 0, 7]",,,,,,,
401549647,2023,9,regular,2023-10-28T18:00:00.000Z,False,True,False,True,,5897.0,Francis Field (MO),143,Washington St. Louis,iii,CCIW,66.0,"[14, 28, 17, 7]",,,,72,Elmhurst,iii,CCIW,0.0,"[0, 0, 0, 0]",,,,,,,
401550320,2023,9,regular,2023-10-28T18:00:00.000Z,False,True,False,True,,5800.0,Jopson Athletic Complex,2079,Bridgewater,iii,Old Dominion,48.0,"[7, 24, 7, 10]",,,,366,Ferrum,iii,Old Dominion,16.0,"[10, 0, 0, 6]",,,,,,,
401550189,2023,9,regular,2023-10-28T18:00:00.000Z,False,True,False,True,,5117.0,Clemens Stadium,2600,Saint John's (MN),iii,Minnesota,62.0,"[35, 14, 10, 3]",,,,375,St. Scholastica,iii,Minnesota,7.0,"[0, 7, 0, 0]",,,,,,,
401550211,2023,9,regular,2023-10-28T18:00:00.000Z,False,True,False,True,,6109.0,Ingalls Field,2891,Ripon,iii,Midwest,3.0,"[3, 0, 0, 0]",,,,2919,Monmouth (IL),iii,Midwest,45.0,"[7, 21, 14, 3]",,,,,,,
401549656,2023,9,regular,2023-10-28T18:00:00.000Z,False,True,False,True,,5915.0,Farwell Field,262,Lake Forest,iii,Midwest,41.0,"[14, 7, 13, 7]",,,,266,Beloit,iii,Midwest,0.0,"[0, 0, 0, 0]",,,,,,,
401540743,2023,9,regular,2023-10-28T18:00:00.000Z,False,True,False,True,,3878.0,Plaster Sports Complex,2586,Southwest Baptist,ii,Great Lakes,20.0,"[7, 7, 3, 3]",,,,2654,Truman State,ii,Great Lakes,17.0,"[7, 3, 0, 7]",,,,,,,
401541098,2023,9,regular,2023-10-28T18:00:00.000Z,False,True,False,True,,6127.0,John P. Papp Stadium,2748,Wooster,iii,North Coast,47.0,"[21, 14, 12, 0]",,,,2274,Hiram,iii,North Coast,14.0,"[0, 7, 0, 7]",,,,,,,
401550204,2023,9,regular,2023-10-28T18:00:00.000Z,False,True,False,True,,5820.0,Amos Alonzo Stagg Field,80,Chicago,iii,Midwest,55.0,"[21, 14, 14, 6]",,,,268,Lawrence,iii,Midwest,12.0,"[0, 0, 0, 12]",,,,,,,
401544942,2023,9,regular,2023-10-28T18:00:00.000Z,False,True,False,True,,5859.0,Tucci Stadium,306,Illinois Wesleyan,iii,CCIW,14.0,"[0, 7, 7, 0]",,,,2042,Augustana (IL),iii,CCIW,44.0,"[21, 10, 6, 7]",,,,,,,
401547192,2023,9,regular,2023-10-28T18:00:00.000Z,False,True,False,True,,6089.0,Scotty Wood Stadium,2422,Muhlenberg,iii,Centennial,28.0,"[0, 14, 0, 14]",,,,118,Johns Hopkins,iii,Centennial,34.0,"[7, 7, 14, 6]",,,,,,,
401547059,2023,9,regular,2023-10-28T18:00:00.000Z,False,True,False,True,,4747.0,Abbott Memorial Alumni Stadium,2657,Tuskegee,ii,SIAC,14.0,"[0, 0, 0, 14]",,,,2805,Clark Atlanta,ii,SIAC,3.0,"[0, 3, 0, 0]",,,,,,,
401547104,2023,9,regular,2023-10-28T18:00:00.000Z,False,True,False,True,,5823.0,Clark Field,2141,Coe,iii,American Rivers,64.0,"[30, 14, 14, 6]",,,,67,Luther,iii,American Rivers,2.0,"[0, 0, 0, 2]",,,,,,,
401550427,2023,9,regular,2023-10-28T18:00:00.000Z,False,True,False,True,,5900.0,Don and Nona Williams Stadium,2744,Wisconsin Stout,iii,Wisconsin,35.0,"[14, 7, 7, 7]",,,,2723,Wisconsin River Falls,iii,Wisconsin,49.0,"[14, 7, 14, 14]",,,,,,,
401545986,2023,9,regular,2023-10-28T18:00:00.000Z,False,True,False,True,,6059.0,Sanchez Family Stadium,2424,New Mexico Highlands,ii,Rocky Mountain,21.0,"[14, 7, 0, 0]",,,,2123,Chadron State,ii,Rocky Mountain,24.0,"[3, 7, 8, 6]",,,,,,,
401540351,2023,9,regular,2023-10-28T18:00:00.000Z,False,True,False,True,,844.0,Stambaugh Stadium,2754,Youngstown State,fcs,MVFC,44.0,"[14, 17, 7, 6]",0.9910565614700317,,,2623,Missouri State,fcs,MVFC,28.0,"[7, 7, 14, 0]",0.008943438529968262,,,4.4123137337206515,,,
401540734,2023,9,regular,2023-10-28T18:00:00.000Z,False,True,False,True,,3609.0,Allgood-Bailey Stadium,2402,Missouri S&T,ii,Great Lakes,57.0,"[12, 21, 17, 7]",,,,2911,William Jewell,ii,Great Lakes,20.0,"[6, 0, 7, 7]",,,,,,,
401545980,2023,9,regular,2023-10-28T18:00:00.000Z,False,True,False,True,,5944.0,Ray Dennison Memorial Field,2237,Fort Lewis,ii,Rocky Mountain,20.0,"[3, 7, 3, 7]",,,,2069,Black Hills State,ii,Rocky Mountain,34.0,"[7, 13, 6, 8]",,,,,,,
401541050,2023,9,regular,2023-10-28T18:00:00.000Z,False,True,False,True,,5857.0,Gordon Wood Stadium,2758,Howard Payne,iii,American Southwest,31.0,"[0, 14, 10, 7]",,,,2639,Texas Lutheran,iii,American Southwest,27.0,"[11, 3, 7, 6]",,,,,,,
401541946,2023,9,regular,2023-10-28T18:00:00.000Z,False,True,False,True,,5890.0,Lewis Field Stadium,2231,Fort Hays,ii,Mid America,34.0,"[10, 7, 3, 14]",,,,2122,Central Oklahoma,ii,Mid America,0.0,"[0, 0, 0, 0]",,,,,,,
401525534,2023,9,regular,2023-10-28T18:00:00.000Z,False,True,False,True,56919.0,3670.0,Carter-Finley Stadium,152,NC State,fbs,ACC,24.0,"[7, 3, 14, 0]",0.7654538750648499,1502.0,1525.0,228,Clemson,fbs,ACC,17.0,"[0, 7, 0, 10]",0.23454612493515015,1721.0,1698.0,3.3489106406329747,,,
401550235,2023,9,regular,2023-10-28T18:00:00.000Z,False,True,False,True,,5841.0,Pete FioRito Stadium at McKinzie Field,101,Eureka,iii,NACC,21.0,"[0, 14, 0, 7]",,,,409,Concordia (WI),iii,NACC,35.0,"[7, 7, 7, 14]",,,,,,,
401541823,2023,9,regular,2023-10-28T18:00:00.000Z,False,True,False,True,,3729.0,"Frank ""Muddy"" Waters Stadium",2273,Hillsdale,ii,Great Midwest Athletic,52.0,"[35, 10, 7, 0]",,,,437,Lake Erie,ii,Great Midwest Athletic,21.0,"[0, 7, 7, 7]",,,,,,,
401541987,2023,9,regular,2023-10-28T18:00:00.000Z,False,True,False,True,,6034.0,Yager Stadium at Moore Bowl,2687,Washburn,ii,Mid America,31.0,"[10, 0, 7, 14]",,,,138,Northwest Missouri State,ii,Mid America,52.0,"[7, 28, 7, 10]",,,,,,,
401544951,2023,9,regular,2023-10-28T18:00:00.000Z,False,True,False,True,,6080.0,Frank M. Lindsay Field,74,Millikin,iii,CCIW,0.0,"[0, 0, 0, 0]",,,,396,Wheaton (IL),iii,CCIW,75.0,"[27, 24, 21, 3]",,,,,,,
401547066,2023,9,regular,2023-10-28T18:00:00.000Z,False,True,False,False,,5945.0,Wildcat Stadium (GA),2232,Fort Valley State,ii,SIAC,37.0,"[21, 3, 13, 0]",,,,2355,Virginia Lynchburg,,,26.0,"[6, 3, 7, 10]",,,,,,,
401545734,2023,9,regular,2023-10-28T18:00:00.000Z,False,True,False,True,,3667.0,Callaghan Stadium,2148,Concord,ii,Mountain East,38.0,"[14, 17, 0, 7]",,,,455,West Virginia Wesleyan,ii,Mountain East,9.0,"[3, 0, 0, 6]",,,,,,,
401550159,2023,9,regular,2023-10-28T18:00:00.000Z,False,True,False,True,,5795.0,Edor Nelson Field,124,Augsburg,iii,Minnesota,10.0,"[0, 3, 0, 7]",,,,2152,Concordia (MN),iii,Minnesota,30.0,"[10, 14, 6, 0]",,,,,,,
401550177,2023,9,regular,2023-10-28T18:00:00.000Z,False,True,False,True,,5813.0,Klein Field at Manitou,133,St. Olaf,iii,Minnesota,40.0,"[7, 10, 7, 10, 6]",,,,2968,Gustavus Adolphus,iii,Minnesota,41.0,"[6, 7, 7, 14, 7]",,,,,,,
401549727,2023,9,regular,2023-10-28T18:00:00.000Z,False,True,False,True,,3889.0,Reinhart Field,2951,SUNY Maritime,iii,NEWMAC,24.0,"[14, 10, 0, 0]",,,,2557,Coast Guard,iii,NEWMAC,21.0,"[7, 0, 14, 0]",,,,,,,
401549703,2023,9,regular,2023-10-28T18:00:00.000Z,False,True,False,True,,5876.0,Bentley University Football Stadium,2060,Bentley,ii,Northeast 10,12.0,"[0, 0, 3, 9]",,,,112334,Franklin Pierce,ii,Northeast 10,10.0,"[0, 3, 7, 0]",,,,,,,
401550045,2023,9,regular,2023-10-28T18:00:00.000Z,False,True,False,True,,6093.0,Holmgren Athletic Complex,75,North Park,iii,CCIW,0.0,"[0, 0, 0, 0]",,,,3071,North Central College,iii,CCIW,56.0,"[14, 21, 14, 7]",,,,,,,
401544924,2023,9,regular,2023-10-28T18:00:00.000Z,False,True,False,True,,5781.0,Irwin Belk Stadium,351,Wingate,ii,South Atlantic,34.0,"[7, 10, 3, 14]",,,,2331,Lenoir Rhyne,ii,South Atlantic,30.0,"[7, 7, 6, 10]",,,,,,,
401549773,2023,9,regular,2023-10-28T18:00:00.000Z,False,True,False,True,,6094.0,Reynolds Field,583,Northwestern (MN),iii,Upper Midwest,21.0,"[14, 0, 7, 0]",,,,446,Martin Luther,iii,Upper Midwest,14.0,"[0, 0, 7, 7]",,,,,,,
401547138,2023,9,regular,2023-10-28T18:00:00.000Z,False,True,False,True,,5996.0,Wilford Moore Stadium,241,McMurry,iii,American Southwest,51.0,[],,,,2045,Austin,iii,American Southwest,13.0,[],,,,,,,
401541020,2023,9,regular,2023-10-28T18:00:00.000Z,False,True,False,True,,4433.0,George P. Miller Stadium,2291,IU Pennsylvania,ii,Pennsylvania State Athletic,15.0,"[9, 6, 0, 0]",,,,367,Gannon,ii,Pennsylvania State Athletic,16.0,"[3, 3, 0, 10]",,,,,,,
401550247,2023,9,regular,2023-10-28T18:00:00.000Z,False,True,False,True,,5913.0,Warrior Field at Raabe Stadium,2741,Wisconsin Lutheran,iii,NACC,24.0,"[7, 0, 7, 10]",,,,2283,Benedictine (IL),iii,NACC,34.0,"[3, 21, 0, 10]",,,,,,,
401550423,2023,9,regular,2023-10-28T18:00:00.000Z,False,True,False,True,,4854.0,Perkins Stadium,2745,Wisconsin Whitewater,iii,Wisconsin,45.0,"[21, 14, 7, 3]",,,,272,Wisconsin Platteville,iii,Wisconsin,23.0,"[0, 10, 6, 7]",,,,,,,
401539984,2023,9,regular,2023-10-28T18:00:00.000Z,False,True,False,True,,3991.0,"William Dick"""" Price Stadium""""",2450,Norfolk State,fcs,MEAC,28.0,"[7, 7, 7, 7]",0.9980149002432389,,,2415,Morgan State,fcs,MEAC,32.0,"[3, 7, 0, 22]",0.0019850997567610884,,,4.450342207,,,
401540665,2023,9,regular,2023-10-28T18:00:00.000Z,False,True,False,True,,3904.0,Rogers Stadium (VA),330,Virginia State,ii,CIAA,75.0,"[20, 27, 14, 14]",,,,2339,Lincoln (PA),ii,CIAA,25.0,"[0, 7, 12, 6]",,,,,,,
401547087,2023,9,regular,2023-10-28T18:00:00.000Z,False,True,False,True,,5809.0,J. Leslie Rollins Stadium,63,Buena Vista,iii,American Rivers,21.0,"[7, 0, 7, 7]",,,,263,Loras,iii,American Rivers,49.0,"[20, 8, 7, 14]",,,,,,,
401549688,2023,9,regular,2023-10-28T18:00:00.000Z,False,True,False,True,,6110.0,Sam Greeley Field,2524,Rockford,iii,NACC,10.0,"[0, 3, 0, 7]",,,,2044,Aurora,iii,NACC,77.0,"[21, 21, 28, 7]",,,,,,,
401550182,2023,9,regular,2023-10-28T18:00:00.000Z,False,True,False,True,,5895.0,Klas Field,162,Hamline,iii,Minnesota,38.0,"[3, 14, 7, 14]",,,,2359,Macalester,iii,Minnesota,27.0,"[8, 9, 10, 0]",,,,,,,
401540691,2023,9,regular,2023-10-28T18:00:00.000Z,False,True,False,True,,6041.0,Irwin Belk Complex,2304,Johnson C. Smith,ii,CIAA,35.0,"[7, 14, 0, 14]",,,,2736,Winston-Salem State,ii,CIAA,31.0,"[0, 14, 10, 7]",,,,,,,
401545997,2023,9,regular,2023-10-28T18:00:00.000Z,False,True,False,True,,5883.0,Marv Kay Stadium at Campbell Field,2146,Colorado School of Mines,ii,Rocky Mountain,42.0,"[0, 14, 14, 14]",,,,2714,Western Colorado,ii,Rocky Mountain,7.0,"[0, 7, 0, 0]",,,,,,,
401540526,2023,9,regular,2023-10-28T18:00:00.000Z,False,True,False,True,,5116.0,O'Shaughnessy Stadium,2900,St. Thomas (MN),fcs,Pioneer,49.0,"[21, 14, 7, 7]",0.9954318404197693,,,2368,Marist,fcs,Pioneer,14.0,"[0, 7, 0, 7]",0.004568159580230713,,,2.1739479912166413,,,
401540303,2023,9,regular,2023-10-28T18:00:00.000Z,False,True,False,True,,3605.0,Alerus Center,155,North Dakota,fcs,MVFC,36.0,"[0, 7, 7, 16, 6]",0.6317030787467957,,,282,Indiana State,fcs,MVFC,33.0,"[0, 7, 3, 20, 3]",0.36829692125320435,,,7.904063146050479,,,
401540419,2023,9,regular,2023-10-28T18:00:00.000Z,False,True,False,True,,3620.0,Armstrong Stadium,2261,Hampton,fcs,Coastal Athletic,26.0,"[3, 9, 14, 0]",,,,2448,North Carolina A&T,fcs,Coastal Athletic,24.0,"[7, 0, 7, 10]",,,,,,,
401545845,2023,9,regular,2023-10-28T18:00:00.000Z,False,True,False,True,,3641.0,Blakeslee Stadium,2364,Minnesota State,ii,Northern Sun,30.0,"[0, 16, 7, 7]",,,,2587,Southwest Minnesota State,ii,Northern Sun,12.0,"[3, 3, 0, 6]",,,,,,,
401540594,2023,9,regular,2023-10-28T18:00:00.000Z,False,True,False,True,,3868.0,Paladin Stadium,231,Furman,fcs,Southern,16.0,"[6, 0, 10, 0]",0.4458875060081482,,,2193,East Tennessee State,fcs,Southern,8.0,"[0, 0, 0, 8]",0.5541124939918518,,,3.366514554263639,,,
401540576,2023,9,regular,2023-10-28T18:00:00.000Z,False,True,False,True,,717.0,Villanova Stadium,222,Villanova,fcs,Coastal Athletic,48.0,"[14, 20, 7, 7]",0.9893319010734558,,,2619,Stony Brook,fcs,Coastal Athletic,13.0,"[7, 0, 0, 6]",0.01066809892654419,,,3.1282198277452555,,,
401550445,2023,9,regular,2023-10-28T18:00:00.000Z,False,True,False,True,,6082.0,Big Cat Stadium,2399,Minnesota Morris,iii,Upper Midwest,56.0,"[21, 28, 0, 7]",,,,509,Crown,iii,Upper Midwest,23.0,"[3, 7, 7, 6]",,,,,,,
401547070,2023,9,regular,2023-10-28T18:00:00.000Z,False,True,False,True,,6056.0,B.T. Harvey Stadium,60,Morehouse,ii,SIAC,21.0,"[7, 0, 0, 14]",,,,2310,Kentucky State,ii,SIAC,23.0,"[0, 17, 6, 0]",,,,,,,
401540443,2023,9,regular,2023-10-28T18:00:00.000Z,False,True,False,True,,1905.0,DakotaDome,233,South Dakota,fcs,MVFC,3.0,"[3, 0, 0, 0]",0.013185090385377407,,,2571,South Dakota State,fcs,MVFC,37.0,"[0, 17, 6, 14]",0.9868149096146226,,,2.694386768650577,,,
401544103,2023,9,regular,2023-10-28T18:00:00.000Z,False,True,False,True,,6098.0,Dial-Roberson Stadium,427,Ohio Northern,iii,Ohio,17.0,"[0, 7, 3, 7]",,,,317,Marietta,iii,Ohio,21.0,"[7, 0, 7, 7]",,,,,,,
401547000,2023,9,regular,2023-10-28T18:00:00.000Z,False,True,False,True,,6061.0,Younts Stadium,2822,North Greenville,ii,Gulf South,34.0,"[14, 14, 3, 3]",,,,2401,Mississippi College,ii,Gulf South,10.0,"[0, 10, 0, 0]",,,,,,,
401549765,2023,9,regular,2023-10-28T18:00:00.000Z,False,True,False,True,,6108.0,Crain Field,2519,Rhodes,iii,Southern Athletic,34.0,"[7, 7, 6, 14]",,,,3,Birmingham-Southern,iii,Southern Athletic,8.0,"[0, 8, 0, 0]",,,,,,,
401547184,2023,9,regular,2023-10-28T18:00:00.000Z,False,True,False,True,,5838.0,Ornelas Stadium,2194,East Texas Baptist,iii,American Southwest,24.0,"[3, 0, 7, 14]",,,,2834,Sul Ross State,iii,American Southwest,10.0,"[3, 0, 7, 0]",,,,,,,
401550093,2023,9,regular,2023-10-28T18:00:00.000Z,False,True,False,True,,6111.0,Cook Stadium,86,Rose Hulman,iii,Heartland,44.0,"[10, 20, 7, 7]",,,,2262,Hanover,iii,Heartland,39.0,"[0, 13, 7, 19]",,,,,,,
401541971,2023,9,regular,2023-10-28T18:00:00.000Z,False,True,False,True,,6055.0,Craig Field at Spratt Memorial Stadium,137,Missouri Western,ii,Mid America,44.0,"[14, 20, 10, 0]",,,,196,Northeastern State,ii,Mid America,0.0,"[0, 0, 0, 0]",,,,,,,
401547097,2023,9,regular,2023-10-28T18:00:00.000Z,False,True,False,True,,6137.0,Walston-Hoover Stadium,2685,Wartburg,iii,American Rivers,24.0,"[7, 10, 0, 7]",,,,2964,Central College,iii,American Rivers,14.0,"[7, 0, 0, 7]",,,,,,,
401545879,2023,9,regular,2023-10-28T18:00:00.000Z,False,True,False,True,,4432.0,Andre Reed Stadium,2315,Kutztown,ii,Pennsylvania State Athletic,17.0,"[0, 14, 3, 0]",,,,210,Millersville,ii,Pennsylvania State Athletic,12.0,"[0, 3, 6, 3]",,,,,,,
401550217,2023,9,regular,2023-10-28T18:00:00.000Z,False,True,False,True,,5908.0,Harley Knosher Bowl,255,Knox,iii,Midwest,21.0,"[14, 0, 7, 0]",,,,2155,Cornell (IA),iii,Midwest,28.0,"[0, 14, 14, 0]",,,,,,,
401547173,2023,9,regular,2023-10-28T18:00:00.000Z,False,True,False,True,,5114.0,Shelton Stadium,2810,Hardin Simmons,iii,American Southwest,24.0,"[0, 3, 14, 7]",,,,2371,Mary Hardin Baylor,iii,American Southwest,14.0,"[7, 0, 0, 7]",,,,,,,
401549679,2023,9,regular,2023-10-28T18:00:00.000Z,False,True,False,True,,5826.0,Concordia Stadium,2151,Concordia Chicago,iii,NACC,7.0,"[0, 0, 0, 7]",,,,2832,St. Norbert,iii,NACC,56.0,"[14, 14, 14, 14]",,,,,,,
401541080,2023,9,regular,2023-10-28T18:00:00.000Z,False,True,False,True,,7079.0,Laird Stadium,2101,Carleton,iii,Minnesota,0.0,"[0, 0, 0, 0]",,,,2802,Bethel (MN),iii,Minnesota,40.0,"[10, 21, 6, 3]",,,,,,,
401541009,2023,9,regular,2023-10-28T18:00:00.000Z,False,True,False,True,,4435.0,Robert B. Redman Stadium,2071,Bloomsburg,ii,Pennsylvania State Athletic,14.0,"[7, 0, 0, 7]",,,,2974,Shepherd,ii,Pennsylvania State Athletic,10.0,"[0, 7, 3, 0]",,,,,,,
401544058,2023,9,regular,2023-10-28T18:00:00.000Z,False,True,False,True,,6126.0,Bob Boozer Field,2781,Brockport,iii,Empire 8,38.0,"[7, 10, 14, 7]",,,,390,Utica,iii,Empire 8,3.0,"[0, 3, 0, 0]",,,,,,,
401544084,2023,9,regular,2023-10-28T18:00:00.000Z,False,True,False,True,,5858.0,England Stadium,2286,Illinois College,iii,Midwest,93.0,"[31, 20, 35, 7]",,,,65,Grinnell,iii,Midwest,0.0,"[0, 0, 0, 0]",,,,,,,
401550059,2023,9,regular,2023-10-28T18:30:00.000Z,False,True,False,True,,5636.0,Wright Stadium,173,Hartwick,iii,Empire 8,7.0,"[0, 0, 7, 0]",,,,2782,SUNY Cortland,iii,Empire 8,73.0,"[35, 17, 7, 14]",,,,,,,
401540613,2023,9,regular,2023-10-28T18:30:00.000Z,False,True,False,True,,3704.0,E. J. Whitmire Stadium,2717,Western Carolina,fcs,Southern,38.0,"[7, 7, 7, 17]",0.41900962591171265,,,2382,Mercer,fcs,Southern,45.0,"[21, 7, 7, 10]",0.5809903740882874,,,11.741792080237637,,,
401541136,2023,9,regular,2023-10-28T18:35:00.000Z,False,True,False,True,,5120.0,J.J. Keller Field at Titan Stadium,271,Wisconsin Oshkosh,iii,Wisconsin,66.0,"[21, 14, 17, 14]",,,,2743,Wisconsin Stevens Point,iii,Wisconsin,28.0,"[0, 14, 14, 0]",,,,,,,
401541765,2023,9,regular,2023-10-28T19:00:00.000Z,False,True,False,True,,5113.0,Ruggles Field at Carpenter-Haygood Stadium,2271,Henderson State,ii,Great American,51.0,"[23, 21, 7, 0]",,,,2823,Northwestern (OK),ii,Great American,0.0,"[0, 0, 0, 0]",,,,,,,
401541976,2023,9,regular,2023-10-28T19:00:00.000Z,False,True,False,True,,5942.0,Francis G. Welch Stadium,2214,Emporia State,ii,Mid America,39.0,"[0, 18, 14, 7]",,,,2438,Nebraska Kearney,ii,Mid America,17.0,"[3, 7, 0, 7]",,,,,,,
401544905,2023,9,regular,2023-10-28T19:00:00.000Z,False,True,False,True,,5866.0,Rex Stadium,2001,Adams State,ii,Rocky Mountain,9.0,"[0, 9, 0, 0]",,,,613,South Dakota Mines,ii,Rocky Mountain,63.0,"[14, 21, 14, 14]",,,,,,,
401540262,2023,9,regular,2023-10-28T19:00:00.000Z,False,True,False,True,,3987.0,Washington-Grizzly Stadium,149,Montana,fcs,Big Sky,40.0,"[0, 14, 12, 14]",1.0,,,2458,Northern Colorado,fcs,Big Sky,0.0,"[0, 0, 0, 0]",0.0,,,2.9958496486621593,,,
401547051,2023,9,regular,2023-10-28T19:00:00.000Z,False,True,False,True,,3952.0,Ted Wright Stadium,2542,Savannah State,ii,SIAC,17.0,"[0, 17, 0, 0]",,,,490,Benedict,ii,SIAC,38.0,"[7, 10, 21, 0]",,,,,,,
401531430,2023,9,regular,2023-10-28T19:00:00.000Z,False,True,False,True,18062.0,3825.0,DATCU Stadium,249,North Texas,fbs,American Athletic,42.0,"[7, 3, 11, 21]",0.11452718824148178,1389.0,1396.0,235,Memphis,fbs,American Athletic,45.0,"[14, 17, 0, 14]",0.8854728117585182,1593.0,1586.0,5.736688018061262,,,
401540496,2023,9,regular,2023-10-28T19:00:00.000Z,False,True,False,True,,3810.0,Nissan Stadium,2634,Tennessee State,fcs,Big South-OVC,43.0,"[16, 24, 3, 0]",0.9830185770988464,,,2815,Lindenwood,fcs,Big South-OVC,20.0,"[7, 0, 0, 13]",0.016981422901153564,,,3.690010789066578,,,
401541758,2023,9,regular,2023-10-28T19:00:00.000Z,False,True,False,True,,3875.0,Paul Laird Field,199,Southeastern Oklahoma State,ii,Great American,0.0,"[0, 0, 0, 0]",,,,2264,Harding,ii,Great American,55.0,"[21, 10, 14, 10]",,,,,,,
401544880,2023,9,regular,2023-10-28T19:00:00.000Z,False,True,False,False,,6067.0,Carnie Smith Stadium,90,Pittsburg State,ii,Mid America,55.0,"[7, 20, 14, 14]",,,,2894,Sioux Falls,ii,Northern Sun,6.0,"[0, 0, 6, 0]",,,,,,,
401540359,2023,9,regular,2023-10-28T19:00:00.000Z,False,True,False,True,,4424.0,Husky Stadium,2277,Houston Christian,fcs,Southland,17.0,"[0, 17, 0, 0]",0.4860069751739502,,,2837,East Texas A&M,fcs,Southland,13.0,"[0, 7, 6, 0]",0.5139930248260498,,,5.93728315284767,,,
401540501,2023,9,regular,2023-10-28T19:00:00.000Z,False,True,False,False,,3779.0,Manning Field at John L. Guidry Stadium,2447,Nicholls,fcs,Southland,31.0,"[7, 14, 7, 3]",0.0693918913602829,,,2546,Southeast Missouri State,fcs,Big South-OVC,35.0,"[3, 10, 22, 0]",0.9306081086397171,,,7.824229063698662,,,
401541936,2023,9,regular,2023-10-28T19:00:00.000Z,False,True,False,True,,6054.0,Fred G. Hughes Stadium,2403,Missouri Southern State,ii,Mid America,21.0,"[0, 0, 7, 14]",,,,2118,Central Missouri,ii,Mid America,42.0,"[21, 7, 7, 7]",,,,,,,
401541040,2023,9,regular,2023-10-28T19:00:00.000Z,False,True,False,True,,3663.0,Burke-Tarr Stadium,2105,Carson Newman,ii,South Atlantic,37.0,"[14, 13, 3, 7]",,,,2213,Emory & Henry,ii,South Atlantic,7.0,"[0, 0, 7, 0]",,,,,,,
401540137,2023,9,regular,2023-10-28T19:00:00.000Z,False,True,False,True,,3740.0,Golden Lion Stadium,2029,Arkansas-Pine Bluff,fcs,SWAC,14.0,"[0, 7, 7, 0]",0.0,,,2296,Jackson State,fcs,SWAC,40.0,"[13, 13, 0, 14]",1.0,,,3.4391755533477153,,,
401549815,2023,9,regular,2023-10-28T19:00:00.000Z,False,True,False,True,,5910.0,Callaway Stadium,548,LaGrange,iii,USA South,20.0,"[7, 7, 0, 6]",,,,2913,Brevard,iii,USA South,30.0,"[3, 24, 3, 0]",,,,,,,
401540145,2023,9,regular,2023-10-28T19:00:00.000Z,False,True,False,True,,3902.0,Eddie Robinson Stadium,2755,Grambling,fcs,SWAC,28.0,"[21, 0, 0, 7]",0.7291588187217712,,,2065,Bethune-Cookman,fcs,SWAC,14.0,"[7, 7, 0, 0]",0.27084118127822876,,,4.3180253774261415,,,
401540772,2023,9,regular,2023-10-28T19:00:00.000Z,False,True,False,True,,3811.0,Lubbers Stadium,125,Grand Valley State,ii,GLIAC,44.0,"[14, 7, 10, 13]",,,,2392,Michigan Tech,ii,GLIAC,13.0,"[0, 10, 3, 0]",,,,,,,
401540782,2023,9,regular,2023-10-28T19:00:00.000Z,False,True,False,True,,6064.0,Crain Family Stadium,319,Oklahoma Baptist,ii,Great American,28.0,"[7, 14, 7, 0]",,,,2028,Arkansas Monticello,ii,Great American,7.0,"[0, 7, 0, 0]",,,,,,,
401540725,2023,9,regular,2023-10-28T19:00:00.000Z,False,True,False,True,,5936.0,Koi Ishto Stadium,2191,East Central,ii,Great American,16.0,"[3, 0, 0, 13]",,,,2033,Arkansas Tech,ii,Great American,18.0,"[0, 15, 3, 0]",,,,,,,
401540609,2023,9,regular,2023-10-28T19:00:00.000Z,False,True,False,False,,4899.0,Fifth Third Stadium,338,Kennesaw State,fcs,FCS Independents,28.0,"[7, 7, 7, 7]",0.8269052505493164,,,124179,Lincoln (CA),,,12.0,"[0, 0, 12, 0]",0.1730947494506836,,,3.07652986830245,,,
401540998,2023,9,regular,2023-10-28T19:00:00.000Z,False,True,False,True,,6060.0,Grace P. Johnson Stadium,2882,UNC Pembroke,ii,Mountain East,49.0,"[0, 21, 7, 21]",,,,2249,Glenville State,ii,Mountain East,0.0,"[0, 0, 0, 0]",,,,,,,
401544074,2023,9,regular,2023-10-28T19:00:00.000Z,False,True,False,True,,5787.0,Docking Stadium,2003,Adrian,iii,Michigan,21.0,"[0, 0, 14, 7]",,,,2790,Albion,iii,Michigan,34.0,"[14, 7, 0, 13]",,,,,,,
401540129,2023,9,regular,2023-10-28T19:00:00.000Z,False,True,False,True,,3771.0,Jack Spinks Stadium,2016,Alcorn State,fcs,SWAC,24.0,"[10, 0, 7, 7]",,,,2400,Mississippi Valley State,fcs,SWAC,3.0,"[0, 3, 0, 0]",,,,,,,
401541793,2023,9,regular,2023-10-28T19:00:00.000Z,False,True,False,True,,5891.0,Wilkins Stadium,2568,Southern Arkansas,ii,Great American,41.0,"[7, 10, 7, 17]",,,,2927,Southwestern Oklahoma State,ii,Great American,10.0,"[0, 0, 3, 7]",,,,,,,
401540620,2023,9,regular,2023-10-28T19:00:00.000Z,False,True,False,True,,3925.0,Seibert Stadium,2535,Samford,fcs,Southern,37.0,"[14, 16, 0, 7]",0.8828089833259583,,,2643,The Citadel,fcs,Southern,7.0,"[0, 0, 7, 0]",0.11719101667404175,,,2.5787093850168956,,,
401545993,2023,9,regular,2023-10-28T19:00:00.000Z,False,True,False,True,,4852.0,Neta and Eddie DeRose ThunderBowl,2570,CSU Pueblo,ii,Rocky Mountain,59.0,"[9, 29, 7, 14]",,,,11,Colorado Mesa,ii,Rocky Mountain,20.0,"[3, 10, 7, 0]",,,,,,,
401540209,2023,9,regular,2023-10-28T19:00:00.000Z,False,True,False,True,,3706.0,Eccles Coliseum,253,Southern Utah,fcs,UAC,52.0,"[7, 21, 14, 10]",0.9937936067581177,,,2000,Abilene Christian,fcs,UAC,14.0,"[7, 7, 0, 0]",0.006206393241882324,,,3.341344130033971,,,
401525873,2023,9,regular,2023-10-28T19:30:00.000Z,False,True,False,True,43528.0,4727.0,McLane Stadium,239,Baylor,fbs,Big 12,18.0,"[0, 6, 6, 6]",0.0,1467.0,1452.0,66,Iowa State,fbs,Big 12,30.0,"[7, 10, 10, 3]",1.0,1595.0,1610.0,3.9588384142666757,,,
401525535,2023,9,regular,2023-10-28T19:30:00.000Z,False,True,False,True,52319.0,3873.0,L&N Federal Credit Union Stadium,97,Louisville,fbs,ACC,23.0,"[14, 3, 6, 0]",0.9961093068122864,1657.0,1717.0,150,Duke,fbs,ACC,0.0,"[0, 0, 0, 0]",0.003890693187713623,1692.0,1632.0,1.9404544378160304,,,
401540317,2023,9,regular,2023-10-28T19:30:00.000Z,False,True,False,True,,2068.0,E. Claiborne Robins Stadium,257,Richmond,fcs,Coastal Athletic,44.0,"[0, 10, 6, 28]",0.9922709465026855,,,2097,Campbell,fcs,Coastal Athletic,13.0,"[7, 0, 6, 0]",0.007729053497314453,,,4.587718629041061,,,
401540366,2023,9,regular,2023-10-28T19:30:00.000Z,False,True,False,True,,3714.0,Fargodome,2449,North Dakota State,fcs,MVFC,38.0,"[21, 7, 7, 3]",0.9889688491821289,,,93,Murray State,fcs,MVFC,6.0,"[0, 3, 3, 0]",0.011031150817871094,,,1.8838746368486405,,,
401520355,2023,9,regular,2023-10-28T19:30:00.000Z,False,True,False,True,86709.0,3834.0,"Memorial Stadium (Lincoln, NE)",158,Nebraska,fbs,Big Ten,31.0,"[0, 14, 7, 10]",0.9091151356697083,1474.0,1512.0,2509,Purdue,fbs,Big Ten,14.0,"[0, 0, 0, 14]",0.09088486433029175,1482.0,1444.0,2.629719871221816,,,
401531898,2023,9,regular,2023-10-28T19:30:00.000Z,False,True,False,True,32601.0,3792.0,Kidd Brewer Stadium,2026,App State,fbs,Sun Belt,48.0,"[7, 7, 14, 20]",0.9759524464607239,1523.0,1513.0,2572,Southern Miss,fbs,Sun Belt,38.0,"[7, 17, 7, 7]",0.024047553539276123,1115.0,1125.0,7.47188412043269,,,
401540111,2023,9,regular,2023-10-28T19:30:00.000Z,False,True,True,True,,3803.0,Legion Field,2011,Alabama State,fcs,SWAC,31.0,"[7, 10, 7, 7]",0.8593878149986267,,,2010,Alabama A&M,fcs,SWAC,16.0,"[7, 7, 0, 2]",0.1406121850013733,,,6.0962164044797165,,,
401520352,2023,9,regular,2023-10-28T19:30:00.000Z,False,True,True,True,76251.0,3712.0,EverBank Stadium,57,Florida,fbs,SEC,20.0,"[7, 0, 0, 13]",0.0,1595.0,1592.0,61,Georgia,fbs,SEC,43.0,"[10, 16, 10, 7]",1.0,2070.0,2073.0,3.2311522185127295,,,
401532432,2023,9,regular,2023-10-28T19:30:00.000Z,False,True,False,True,19854.0,3876.0,Peden Stadium,195,Ohio,fbs,Mid-American,16.0,"[9, 0, 0, 7]",0.24248577654361725,1528.0,1488.0,193,Miami (OH),fbs,Mid-American,30.0,"[0, 13, 10, 7]",0.7575142234563828,1451.0,1491.0,3.8794473933343276,,,
401525538,2023,9,regular,2023-10-28T19:30:00.000Z,False,True,False,True,58503.0,3948.0,Hard Rock Stadium,2390,Miami,fbs,ACC,29.0,"[0, 3, 14, 6, 6]",0.48762184381484985,1584.0,1582.0,258,Virginia,fbs,ACC,26.0,"[7, 3, 10, 3, 3]",0.5123781561851501,1352.0,1354.0,7.355158565792151,,,
401531398,2023,9,regular,2023-10-28T19:30:00.000Z,False,True,False,True,22629.0,3604.0,Alamodome,2636,UTSA,fbs,American Athletic,41.0,"[14, 17, 3, 7]",0.9585493803024292,1621.0,1626.0,151,East Carolina,fbs,American Athletic,27.0,"[17, 3, 0, 7]",0.0414506196975708,1341.0,1336.0,4.206642742650499,,,
401520354,2023,9,regular,2023-10-28T19:30:00.000Z,False,True,False,True,47392.0,3953.0,Huntington Bank Stadium,135,Minnesota,fbs,Big Ten,27.0,"[0, 10, 0, 17]",0.8388880491256714,1579.0,1595.0,127,Michigan State,fbs,Big Ten,12.0,"[6, 0, 0, 6]",0.1611119508743286,1401.0,1385.0,4.544605766614349,,,
401524044,2023,9,regular,2023-10-28T19:30:00.000Z,False,True,False,True,53586.0,587.0,Rice-Eccles Stadium,254,Utah,fbs,Pac-12,6.0,"[3, 3, 0, 0]",0.020436519756913185,1777.0,1702.0,2483,Oregon,fbs,Pac-12,35.0,"[14, 7, 14, 0]",0.9795634802430868,1824.0,1899.0,3.0018297473577715,,,
401520350,2023,9,regular,2023-10-28T19:30:00.000Z,False,True,False,True,88043.0,3785.0,Jordan-Hare Stadium,2,Auburn,fbs,SEC,27.0,"[14, 10, 3, 0]",0.9588845372200012,1555.0,1583.0,344,Mississippi State,fbs,SEC,13.0,"[3, 0, 3, 7]",0.04111546277999878,1549.0,1521.0,2.341343219838762,,,
401525440,2023,9,regular,2023-10-28T19:30:00.000Z,False,True,False,False,77622.0,3855.0,Notre Dame Stadium,87,Notre Dame,fbs,FBS Independents,58.0,"[7, 10, 27, 14]",0.9865642189979553,1892.0,1998.0,221,Pittsburgh,fbs,ACC,7.0,"[0, 0, 0, 7]",0.013435781002044678,1544.0,1438.0,2.5494150209320563,,,
401525877,2023,9,regular,2023-10-28T19:30:00.000Z,False,True,False,True,101670.0,3910.0,DKR-Texas Memorial Stadium,251,Texas,fbs,Big 12,35.0,"[14, 7, 0, 14]",1.0,1897.0,1930.0,252,BYU,fbs,Big 12,6.0,"[0, 3, 3, 0]",0.0,1511.0,1478.0,2.091747843840426,,,
401540153,2023,9,regular,2023-10-28T20:00:00.000Z,False,True,False,True,,3650.0,Bragg Memorial Stadium,50,Florida A&M,fcs,SWAC,45.0,"[14, 7, 10, 14]",0.9875684976577759,,,2504,Prairie View A&M,fcs,SWAC,7.0,"[0, 7, 0, 0]",0.012431502342224121,,,3.4331440311385837,,,
401540379,2023,9,regular,2023-10-28T20:00:00.000Z,False,True,False,True,,3882.0,Provost Umphrey Stadium,2320,Lamar,fcs,Southland,7.0,"[7, 0, 0, 0]",0.023263243958353996,,,2916,Incarnate Word,fcs,Southland,17.0,"[7, 7, 0, 3]",0.976736756041646,,,5.119185829032155,,,
401540715,2023,9,regular,2023-10-28T20:00:00.000Z,False,True,False,True,,3723.0,QU Stadium,2825,Quincy,ii,Great Lakes,34.0,"[14, 17, 0, 3]",,,,2816,McKendree,ii,Great Lakes,41.0,"[14, 7, 14, 6]",,,,,,,
401544093,2023,9,regular,2023-10-28T20:00:00.000Z,False,True,False,True,,5920.0,Griswold Stadium,2333,Lewis & Clark,iii,Northwest,21.0,"[0, 7, 7, 7]",,,,2721,Whitworth,iii,Northwest,63.0,"[21, 14, 14, 14]",,,,,,,
401540449,2023,9,regular,2023-10-28T20:00:00.000Z,False,True,False,True,,3746.0,Hanson Field,2710,Western Illinois,fcs,MVFC,0.0,"[0, 0, 0, 0]",0.0,,,79,Southern Illinois,fcs,MVFC,63.0,"[14, 21, 14, 14]",1.0,,,2.893854512254061,,,
401550334,2023,9,regular,2023-10-28T20:00:00.000Z,False,True,False,True,,5821.0,Fritz B. Burns Stadium,17,Claremont Mudd Scripps,iii,So. Cal.,10.0,"[0, 7, 0, 3]",,,,411,Chapman,iii,So. Cal.,14.0,"[0, 0, 0, 14]",,,,,,,
401540247,2023,9,regular,2023-10-28T20:00:00.000Z,False,True,False,True,,3791.0,Kibbie Dome,70,Idaho,fcs,Big Sky,24.0,"[3, 7, 0, 14]",0.05315034091472626,,,147,Montana State,fcs,Big Sky,21.0,"[0, 0, 14, 7]",0.9468496590852737,,,5.260588703839349,,,
401550065,2023,9,regular,2023-10-28T20:00:00.000Z,False,True,False,True,,5638.0,Dave Wolk Stadium,293,Vermont State Castleton,iii,ECFC,18.0,"[0, 7, 0, 11]",,,,110438,Dean,iii,ECFC,19.0,"[6, 7, 0, 6]",,,,,,,
401550468,2023,9,regular,2023-10-28T20:00:00.000Z,False,True,False,True,,5119.0,Maxwell Field,203,Linfield,iii,Northwest,42.0,"[23, 3, 13, 3]",,,,205,Pacific (OR),iii,Northwest,27.0,"[0, 7, 7, 13]",,,,,,,
401531373,2023,9,regular,2023-10-28T20:00:00.000Z,False,True,False,True,20436.0,3895.0,Rice Stadium,242,Rice,fbs,American Athletic,28.0,"[7, 0, 14, 7]",0.5354203581809998,1300.0,1315.0,2655,Tulane,fbs,American Athletic,30.0,"[10, 17, 0, 3]",0.46457964181900024,1645.0,1630.0,5.242631941560059,,,
401540339,2023,9,regular,2023-10-28T20:00:00.000Z,False,True,False,True,,3750.0,Harvard Stadium,108,Harvard,fcs,Ivy,17.0,"[7, 0, 7, 3]",0.9215033054351807,,,159,Dartmouth,fcs,Ivy,9.0,"[3, 0, 3, 3]",0.07849669456481934,,,3.86851977599007,,,
401540426,2023,9,regular,2023-10-28T20:00:00.000Z,False,True,False,True,,3658.0,Buccaneer Field,2127,Charleston Southern,fcs,Big South-OVC,24.0,"[0, 14, 3, 7]",0.04847818985581398,,,2803,Bryant,fcs,Big South-OVC,47.0,"[7, 17, 7, 16]",0.951521810144186,,,4.484068711931815,,,
401540179,2023,9,regular,2023-10-28T20:00:00.000Z,False,True,False,True,,3742.0,Governors Stadium,2046,Austin Peay,fcs,UAC,49.0,"[17, 22, 7, 3]",0.32387810945510864,,,2453,North Alabama,fcs,UAC,39.0,"[6, 12, 8, 13]",0.6761218905448914,,,3.1438081661778003,,,
401552869,2023,9,regular,2023-10-28T20:00:00.000Z,False,True,False,True,,3612.0,Alumni Memorial Stadium (NC),2940,Livingstone,ii,CIAA,34.0,"[14, 7, 0, 13]",,,,395,St. Augustine's,ii,CIAA,14.0,"[0, 0, 7, 7]",,,,,,,
401540276,2023,9,regular,2023-10-28T20:00:00.000Z,False,True,False,True,,2023.0,Walkup Skydome,2464,Northern Arizona,fcs,Big Sky,38.0,"[3, 14, 7, 14]",0.5088515281677246,,,302,UC Davis,fcs,Big Sky,21.0,"[0, 13, 0, 8]",0.4911484718322754,,,3.8644282817833076,,,
401524041,2023,9,regular,2023-10-28T20:00:00.000Z,False,True,False,True,43716.0,3831.0,California Memorial Stadium,25,California,fbs,Pac-12,49.0,"[14, 14, 8, 13]",0.17024999856948853,1491.0,1502.0,30,USC,fbs,Pac-12,50.0,"[17, 0, 12, 21]",0.8297500014305115,1766.0,1755.0,8.662599298039495,,,
401541869,2023,9,regular,2023-10-28T20:00:00.000Z,False,True,True,True,,6036.0,Blue Wahoos Stadium,110242,West Florida,ii,Gulf South,28.0,"[7, 14, 0, 7]",,,,2673,Valdosta State,ii,Gulf South,31.0,"[0, 21, 0, 10]",,,,,,,
401540241,2023,9,regular,2023-10-28T20:00:00.000Z,False,True,False,True,,4765.0,Hillsboro Stadium,2502,Portland State,fcs,Big Sky,47.0,"[7, 13, 7, 20]",0.9876550436019897,,,331,Eastern Washington,fcs,Big Sky,35.0,"[3, 10, 3, 19]",0.012344956398010254,,,4.487018649879876,,,
401544914,2023,9,regular,2023-10-28T20:00:00.000Z,False,True,False,True,,5122.0,Shuford Stadium,2107,Catawba,ii,South Atlantic,32.0,"[7, 3, 8, 14]",,,,122666,Barton,ii,South Atlantic,27.0,"[14, 7, 0, 6]",,,,,,,
401553006,2023,9,regular,2023-10-28T20:00:00.000Z,False,True,False,True,,6149.0,McCulloch Stadium,2930,Willamette,iii,Northwest,21.0,"[0, 7, 14, 0]",,,,2508,Puget Sound,iii,Northwest,40.0,"[6, 20, 14, 0]",,,,,,,
401540189,2023,9,regular,2023-10-28T21:00:00.000Z,False,True,False,True,,3711.0,Estes Stadium,2110,Central Arkansas,fcs,UAC,23.0,"[0, 7, 3, 13]",0.11549439400787868,,,2627,Tarleton State,fcs,UAC,25.0,"[3, 10, 3, 9]",0.8845056059921214,,,6.6668632033,,,
401540550,2023,9,regular,2023-10-28T21:00:00.000Z,False,True,False,True,,716.0,Torero Stadium,301,San Diego,fcs,Pioneer,17.0,"[7, 0, 7, 3]",0.9215166568756104,,,2413,Morehead State,fcs,Pioneer,11.0,"[0, 3, 0, 8]",0.07848334312438965,,,4.2110774478969315,,,
401547112,2023,9,regular,2023-10-28T21:00:00.000Z,False,True,False,True,,3635.0,Bill Buxton Stadium,2564,Simpson (IA),iii,American Rivers,21.0,"[0, 7, 0, 14]",,,,49,Dubuque,iii,American Rivers,45.0,"[21, 14, 0, 10]",,,,,,,
401531901,2023,9,regular,2023-10-28T21:00:00.000Z,False,True,False,True,14006.0,3817.0,Malone Stadium,2433,UL Monroe,fbs,Sun Belt,24.0,"[3, 6, 7, 8]",0.09583978354930878,1103.0,1080.0,2032,Arkansas State,fbs,Sun Belt,34.0,"[7, 3, 7, 17]",0.9041602164506912,1083.0,1106.0,6.802967107725465,,,
401531902,2023,9,regular,2023-10-28T21:00:00.000Z,False,True,False,True,16709.0,6526.0,Hancock Whitney Stadium,6,South Alabama,fbs,Sun Belt,20.0,"[0, 0, 14, 6]",0.11313515156507492,1716.0,1669.0,309,Louisiana,fbs,Sun Belt,33.0,"[0, 17, 16, 0]",0.8868648484349251,1537.0,1584.0,4.828897809356501,,,
401540171,2023,9,regular,2023-10-28T21:00:00.000Z,False,True,False,True,,3599.0,Ace W. Mumford Stadium,2582,Southern,fcs,SWAC,23.0,"[0, 7, 0, 10, 6]",0.334138423204422,,,2640,Texas Southern,fcs,SWAC,17.0,"[0, 10, 0, 7, 0]",0.665861576795578,,,7.422215252027778,,,
401550198,2023,9,regular,2023-10-28T21:00:00.000Z,False,True,False,True,,6085.0,Sprague Field,2818,Montclair State,iii,New Jersey,14.0,"[0, 7, 0, 7]",,,,2827,Rowan,iii,New Jersey,21.0,"[7, 7, 7, 0]",,,,,,,
401532607,2023,9,regular,2023-10-28T21:30:00.000Z,False,True,False,True,35189.0,3653.0,Albertsons Stadium,68,Boise State,fbs,Mountain West,32.0,"[8, 7, 14, 3]",0.9901928305625916,1533.0,1585.0,2751,Wyoming,fbs,Mountain West,7.0,"[7, 0, 0, 0]",0.009807169437408447,1433.0,1381.0,3.266295447839354,,,
401550385,2023,9,regular,2023-10-28T22:00:00.000Z,False,True,False,True,,6139.0,Cameron Stadium,2686,Washington & Jefferson,iii,Presidents',38.0,"[14, 10, 7, 7]",,,,2963,Case Western Reserve,iii,Presidents',33.0,"[0, 14, 6, 13]",,,,,,,
401540705,2023,9,regular,2023-10-28T22:00:00.000Z,False,True,False,False,,6040.0,Key Stadium,2292,Indianapolis,ii,Great Lakes,35.0,"[21, 0, 7, 7]",,,,389,Upper Iowa,ii,Northern Sun,7.0,"[0, 7, 0, 0]",,,,,,,
401531899,2023,9,regular,2023-10-28T22:00:00.000Z,False,True,False,True,21324.0,3654.0,Brooks Stadium (SC),324,Coastal Carolina,fbs,Sun Belt,34.0,"[10, 17, 0, 7]",0.9912529587745667,1405.0,1491.0,276,Marshall,fbs,Sun Belt,6.0,"[0, 6, 0, 0]",0.00874704122543335,1507.0,1421.0,2.408233730630768,,,
401549808,2023,9,regular,2023-10-28T22:00:00.000Z,False,True,False,True,,5998.0,Monarch Stadium,291,Methodist,iii,USA South,3.0,"[0, 0, 3, 0]",,,,286,North Carolina Wesleyan,iii,USA South,27.0,"[7, 10, 3, 7]",,,,,,,
401531903,2023,9,regular,2023-10-28T23:00:00.000Z,False,True,False,True,22369.0,3644.0,Bobcat Stadium (TX),326,Texas State,fbs,Sun Belt,13.0,"[7, 3, 3, 0]",0.24021270871162415,1376.0,1359.0,2653,Troy,fbs,Sun Belt,31.0,"[0, 7, 7, 17]",0.7597872912883759,1638.0,1655.0,5.868595149100698,,,
401532603,2023,9,regular,2023-10-28T23:00:00.000Z,False,True,False,True,22570.0,5388.0,Canvas Stadium,36,Colorado State,fbs,Mountain West,13.0,"[0, 13, 0, 0]",0.028394559398293495,1270.0,1277.0,2005,Air Force,fbs,Mountain West,30.0,"[7, 6, 10, 7]",0.9716054406017065,1776.0,1769.0,3.491201880345234,,,
401541909,2023,9,regular,2023-10-28T23:00:00.000Z,False,True,False,True,,5917.0,Ratliff Stadium,110243,UT Permian Basin,ii,Lone Star,28.0,"[0, 21, 7, 0]",,,,2848,Western Oregon,ii,Lone Star,16.0,"[3, 0, 0, 13]",,,,,,,
401541831,2023,9,regular,2023-10-28T23:00:00.000Z,False,True,False,True,,5263.0,Steele Stadium,2316,Kentucky Wesleyan,ii,Great Midwest Athletic,13.0,"[0, 7, 6, 0]",,,,2886,Northwood,ii,Great Midwest Athletic,28.0,"[7, 7, 14, 0]",,,,,,,
401520353,2023,9,regular,2023-10-28T23:00:00.000Z,False,True,False,True,61665.0,3683.0,Kroger Field,96,Kentucky,fbs,SEC,27.0,"[0, 17, 7, 3]",0.15966427326202393,1591.0,1600.0,2633,Tennessee,fbs,SEC,33.0,"[10, 13, 3, 7]",0.8403357267379761,1879.0,1870.0,5.810001759674932,,,
401550494,2023,9,regular,2023-10-28T23:00:00.000Z,False,True,False,True,,5850.0,Stoffer Family Stadium,415,George Fox,iii,Northwest,35.0,"[7, 14, 7, 7]",,,,2486,Pacific Lutheran,iii,Northwest,25.0,"[0, 0, 10, 15]",,,,,,,
401524042,2023,9,regular,2023-10-28T23:00:00.000Z,False,True,False,True,24381.0,3940.0,Stanford Stadium,24,Stanford,fbs,Pac-12,33.0,"[0, 13, 13, 7]",0.1460958868265152,1198.0,1230.0,264,Washington,fbs,Pac-12,42.0,"[7, 14, 7, 14]",0.8539041131734848,1884.0,1852.0,7.499317052293975,,,
401540403,2023,9,regular,2023-10-28T23:00:00.000Z,False,True,False,True,,3897.0,Richardson Stadium,2166,Davidson,fcs,Pioneer,45.0,"[14, 17, 7, 7]",0.9164161081669541,,,2506,Presbyterian,fcs,Pioneer,28.0,"[10, 3, 7, 8]",0.08358389183304593,,,3.8402673168,,,
401520357,2023,9,regular,2023-10-28T23:30:00.000Z,False,True,False,True,62914.0,3974.0,Vaught-Hemingway Stadium,145,Ole Miss,fbs,SEC,33.0,"[13, 13, 0, 7]",0.9912412762641907,1689.0,1713.0,238,Vanderbilt,fbs,SEC,7.0,"[0, 0, 7, 0]",0.008758723735809326,1292.0,1268.0,1.9607960570763636,,,
401520360,2023,9,regular,2023-10-28T23:30:00.000Z,False,True,False,True,76453.0,347.0,Camp Randall Stadium,275,Wisconsin,fbs,Big Ten,10.0,"[0, 3, 7, 0]",0.0,1678.0,1682.0,194,Ohio State,fbs,Big Ten,24.0,"[3, 7, 7, 7]",1.0,2081.0,2077.0,5.395785327998721,,,
401524043,2023,9,regular,2023-10-28T23:30:00.000Z,False,True,False,True,71343.0,1056.0,Rose Bowl,26,UCLA,fbs,Pac-12,28.0,"[0, 7, 7, 14]",0.9981035590171814,1718.0,1709.0,38,Colorado,fbs,Pac-12,16.0,"[6, 0, 3, 7]",0.0018964409828186035,1285.0,1294.0,4.797101133410069,,,
401525537,2023,9,regular,2023-10-29T00:00:00.000Z,False,True,False,True,35945.0,721.0,Bobby Dodd Stadium,59,Georgia Tech,fbs,ACC,46.0,"[0, 24, 0, 22]",0.4512089192867279,1328.0,1344.0,153,North Carolina,fbs,ACC,42.0,"[14, 14, 7, 7]",0.5487910807132721,1717.0,1701.0,6.942290983436943,,,
401540987,2023,9,regular,2023-10-29T00:00:00.000Z,False,True,False,True,,6049.0,"Memorial Stadium (Wichita Falls, TX)",2395,Midwestern State,ii,Lone Star,56.0,"[6, 3, 33, 14]",,,,2703,Western New Mexico,ii,Lone Star,7.0,"[0, 0, 0, 7]",,,,,,,
401524040,2023,9,regular,2023-10-29T00:00:00.000Z,False,True,False,True,47284.0,3947.0,Mountain America Stadium,9,Arizona State,fbs,Pac-12,38.0,"[7, 17, 7, 7]",0.9422328472137451,1409.0,1434.0,265,Washington State,fbs,Pac-12,27.0,"[7, 14, 3, 3]",0.05776715278625488,1479.0,1454.0,4.722516249050118,,,
401531900,2023,9,regular,2023-10-29T00:00:00.000Z,False,True,False,True,26239.0,3651.0,Bridgeforth Stadium,256,James Madison,fbs,Sun Belt,30.0,"[7, 7, 16, 0]",0.33925122022628784,1673.0,1670.0,295,Old Dominion,fbs,Sun Belt,27.0,"[3, 7, 14, 3]",0.6607487797737122,1386.0,1389.0,4.761109607236568,,,
401541896,2023,9,regular,2023-10-29T00:00:00.000Z,False,True,False,True,,5884.0,Buffalo Stadium,2704,West Texas,ii,Lone Star,10.0,"[3, 0, 0, 7]",,,,2025,Angelo State,ii,Lone Star,27.0,"[7, 7, 10, 3]",,,,,,,
401541903,2023,9,regular,2023-10-29T00:00:00.000Z,False,True,False,True,,6076.0,Javelina Stadium,2658,Texas A&M-Kingsville,ii,Lone Star,17.0,"[7, 3, 0, 7]",,,,2120,Central Washington,ii,Lone Star,21.0,"[0, 0, 7, 14]",,,,,,,
401540394,2023,9,regular,2023-10-29T00:00:00.000Z,False,True,False,True,,3686.0,Cowboy Stadium,2377,McNeese,fcs,Southland,1.0,[1],,,,2466,Northwestern State,fcs,Southland,0.0,[0],,,,,,,
401540197,2023,9,regular,2023-10-29T00:00:00.000Z,False,True,False,True,,3745.0,Greater Zion Stadium,3101,Utah Tech,fcs,UAC,30.0,"[3, 13, 7, 7]",0.07388065755367279,,,2198,Eastern Kentucky,fcs,UAC,34.0,"[0, 14, 17, 3]",0.9261193424463272,,,8.09412470184522,,,
401525876,2023,9,regular,2023-10-29T00:00:00.000Z,False,True,False,True,53855.0,3646.0,Boone Pickens Stadium,197,Oklahoma State,fbs,Big 12,45.0,"[7, 3, 21, 14]",0.9910727739334106,1540.0,1624.0,2132,Cincinnati,fbs,Big 12,13.0,"[7, 0, 0, 6]",0.008927226066589355,1514.0,1430.0,4.170498542408088,,,
401540255,2023,9,regular,2023-10-29T01:00:00.000Z,False,True,False,True,,3757.0,Hornet Stadium,16,Sacramento State,fcs,Big Sky,51.0,"[14, 10, 20, 7]",0.9907566905021667,,,304,Idaho State,fcs,Big Sky,16.0,"[0, 16, 0, 0]",0.009243309497833252,,,4.546341979411643,,,
401544151,2023,9,regular,2023-10-29T02:00:00.000Z,False,True,False,True,,6106.0,Ted Runner Stadium,29,Redlands,iii,So. Cal.,40.0,"[2, 3, 21, 14]",,,,2318,La Verne,iii,So. Cal.,12.0,"[6, 6, 0, 0]",,,,,,,
401552873,2023,9,regular,2023-10-29T02:00:00.000Z,False,True,False,True,,5811.0,William Rolland Stadium,2094,Cal Lutheran,iii,So. Cal.,24.0,"[21, 3, 0, 0]",,,,2923,Pomona Pitzer,iii,So. Cal.,38.0,"[0, 21, 0, 17]",,,,,,,
401524039,2023,9,regular,2023-10-29T02:30:00.000Z,False,True,False,True,45023.0,3619.0,Arizona Stadium,12,Arizona,fbs,Pac-12,27.0,"[3, 7, 3, 14]",0.3087696135044098,1606.0,1610.0,204,Oregon State,fbs,Pac-12,24.0,"[7, 3, 0, 14]",0.6912303864955902,1790.0,1786.0,5.288712906033592,,,
401532604,2023,9,regular,2023-10-29T02:30:00.000Z,False,True,False,True,13083.0,3816.0,Mackay Stadium,2440,Nevada,fbs,Mountain West,34.0,"[3, 21, 3, 7]",0.9984943866729736,1222.0,1232.0,167,New Mexico,fbs,Mountain West,24.0,"[0, 0, 10, 14]",0.0015056133270263672,1121.0,1111.0,2.920725318179451,,,
401532606,2023,9,regular,2023-10-29T02:30:00.000Z,False,True,False,True,41031.0,3660.0,Valley Children's Stadium,278,Fresno State,fbs,Mountain West,31.0,"[7, 0, 24, 0]",0.648655116558075,1741.0,1734.0,2439,UNLV,fbs,Mountain West,24.0,"[7, 10, 0, 7]",0.35134488344192505,1430.0,1437.0,5.0210426279869935,,,
401532605,2023,9,regular,2023-10-29T03:59:00.000Z,False,True,False,True,11486.0,7220.0,Clarence T.C. Ching Athletics Complex,62,Hawai'i,fbs,Mountain West,0.0,"[0, 0, 0, 0]",0.0,1062.0,1010.0,23,San José State,fbs,Mountain West,35.0,"[7, 14, 7, 7]",1.0,1449.0,1501.0,3.038327866776358,,,
401552482,2023,9,regular,2023-10-30T19:00:00.000Z,False,True,False,True,,5898.0,John Coughlin Memorial Field,402,Worcester State,iii,MSCAC,10.0,"[7, 3, 0, 0]",,,,2843,Western Connecticut State,iii,MSCAC,58.0,"[14, 21, 16, 7]",,,,,,,
401532433,2023,10,regular,2023-10-31T23:00:00.000Z,False,True,False,True,9625.0,3786.0,Kelly/Shorts Stadium,2117,Central Michigan,fbs,Mid-American,37.0,"[7, 17, 13, 0]",0.9576351642608643,1265.0,1280.0,2459,Northern Illinois,fbs,Mid-American,31.0,"[3, 0, 14, 14]",0.04236483573913574,1413.0,1398.0,3.6892343389221964,,,
401532434,2023,10,regular,2023-10-31T23:30:00.000Z,False,True,False,True,14939.0,3739.0,Glass Bowl,2649,Toledo,fbs,Mid-American,31.0,"[14, 10, 7, 0]",0.980144202709198,1491.0,1520.0,2084,Buffalo,fbs,Mid-American,13.0,"[7, 0, 6, 0]",0.019855797290802002,1371.0,1342.0,2.9335967615384324,,,
401532435,2023,10,regular,2023-11-01T23:00:00.000Z,False,True,False,True,6091.0,3700.0,Doyt L. Perry Stadium,189,Bowling Green,fbs,Mid-American,24.0,"[7, 7, 0, 10]",0.9200595021247864,1281.0,1281.0,2050,Ball State,fbs,Mid-American,21.0,"[0, 7, 7, 7]",0.07994049787521362,1167.0,1167.0,5.227514999516665,,,
401532436,2023,10,regular,2023-11-01T23:30:00.000Z,False,True,False,True,8113.0,3768.0,InfoCision Stadium,2006,Akron,fbs,Mid-American,31.0,"[7, 3, 0, 21]",0.6813141703605652,1051.0,1055.0,2309,Kent State,fbs,Mid-American,27.0,"[6, 14, 7, 0]",0.3186858296394348,1101.0,1097.0,5.51724056212313,,,
401525879,2023,10,regular,2023-11-02T23:00:00.000Z,False,True,False,True,51185.0,3784.0,Jones AT&T Stadium,2641,Texas Tech,fbs,Big 12,35.0,"[7, 13, 8, 7]",0.514336109161377,1597.0,1608.0,2628,TCU,fbs,Big 12,28.0,"[7, 0, 14, 7]",0.48566389083862305,1616.0,1605.0,4.955180624815,,,
401545769,2023,10,regular,2023-11-02T23:00:00.000Z,False,True,False,True,,5121.0,University of Charleston Stadium,2128,Charleston (WV),ii,Mountain East,42.0,"[14, 7, 14, 7]",,,,2699,West Liberty,ii,Mountain East,17.0,"[7, 3, 0, 7]",,,,,,,
401531904,2023,10,regular,2023-11-02T23:30:00.000Z,False,True,False,True,28212.0,3975.0,Veterans Memorial Stadium (AL),2653,Troy,fbs,Sun Belt,28.0,"[0, 14, 0, 14]",0.9830871820449829,1655.0,1697.0,6,South Alabama,fbs,Sun Belt,10.0,"[7, 0, 0, 3]",0.01691281795501709,1669.0,1627.0,3.813690799650204,,,
401525539,2023,10,regular,2023-11-02T23:30:00.000Z,False,True,False,True,18277.0,3982.0,Wallace Wade Stadium,150,Duke,fbs,ACC,24.0,"[0, 14, 0, 10]",0.07054603099822998,1632.0,1631.0,154,Wake Forest,fbs,ACC,21.0,"[7, 7, 7, 0]",0.92945396900177,1486.0,1487.0,6.724009670331564,,,
401540146,2023,10,regular,2023-11-02T23:30:00.000Z,False,True,False,True,,3850.0,Municipal Stadium,2065,Bethune-Cookman,fcs,SWAC,20.0,"[7, 10, 3, 0]",0.8629807829856873,,,2400,Mississippi Valley State,fcs,SWAC,7.0,"[0, 0, 7, 0]",0.13701921701431274,,,3.678269380767151,,,
401540340,2023,10,regular,2023-11-03T23:00:00.000Z,False,True,False,True,,3826.0,Memorial Field,159,Dartmouth,fcs,Ivy,23.0,"[10, 0, 10, 3]",0.7480258941650391,,,163,Princeton,fcs,Ivy,21.0,"[0, 14, 7, 0]",0.25197410583496094,,,5.795891028462837,,,
401525540,2023,10,regular,2023-11-03T23:30:00.000Z,False,True,False,True,42523.0,1964.0,JMA Wireless Dome,183,Syracuse,fbs,ACC,10.0,"[7, 0, 0, 3]",0.3514254093170166,1379.0,1364.0,103,Boston College,fbs,ACC,17.0,"[3, 7, 0, 7]",0.6485745906829834,1356.0,1371.0,6.157693527192026,,,
401532609,2023,10,regular,2023-11-04T00:00:00.000Z,False,True,False,True,27905.0,3984.0,War Memorial Stadium,2751,Wyoming,fbs,Mountain West,24.0,"[3, 7, 14, 0]",0.9952024221420288,1381.0,1389.0,36,Colorado State,fbs,Mountain West,15.0,"[0, 7, 0, 8]",0.004797577857971191,1277.0,1269.0,3.867884856826337,,,
401540296,2023,10,regular,2023-11-04T16:00:00.000Z,False,True,False,True,,3656.0,Brown Stadium,225,Brown,fcs,Ivy,17.0,"[10, 0, 7, 0]",0.0,,,43,Yale,fcs,Ivy,36.0,"[6, 10, 20, 0]",1.0,,,5.901091060842015,,,
401525884,2023,10,regular,2023-11-04T16:00:00.000Z,False,True,False,True,102846.0,3910.0,DKR-Texas Memorial Stadium,251,Texas,fbs,Big 12,33.0,"[10, 7, 10, 3, 3]",0.5287690758705139,1930.0,1932.0,2306,Kansas State,fbs,Big 12,30.0,"[0, 7, 7, 16, 0]",0.4712309241294861,1971.0,1969.0,6.899353353570967,,,
401520377,2023,10,regular,2023-11-04T16:00:00.000Z,False,True,False,False,101915.0,3853.0,Neyland Stadium,2633,Tennessee,fbs,SEC,59.0,"[14, 21, 21, 3]",0.9658122658729553,1870.0,1948.0,41,UConn,fbs,FBS Independents,3.0,"[3, 0, 0, 0]",0.03418773412704468,1187.0,1109.0,2.618328726468474,,,
401525441,2023,10,regular,2023-11-04T16:00:00.000Z,False,True,False,False,81500.0,3836.0,"Memorial Stadium (Clemson, SC)",228,Clemson,fbs,ACC,31.0,"[10, 14, 7, 0]",0.8562451004981995,1698.0,1730.0,87,Notre Dame,fbs,FBS Independents,23.0,"[3, 6, 14, 0]",0.14375489950180054,1998.0,1966.0,3.6635212943136795,,,
401552883,2023,10,regular,2023-11-04T16:00:00.000Z,False,True,False,True,,6144.0,"Alumni Field (Westfield, MA)",2909,Westfield State,iii,MSCAC,30.0,"[14, 3, 0, 13]",,,,402,Worcester State,iii,MSCAC,12.0,"[0, 6, 0, 6]",,,,,,,
401551935,2023,10,regular,2023-11-04T16:00:00.000Z,False,True,False,False,,5902.0,Knox Stadium,246,Juniata,iii,Landmark Conference,35.0,"[7, 7, 7, 14]",,,,122774,Keystone,iii,Landmark Conference,42.0,"[14, 21, 7, 0]",,,,,,,
401540518,2023,10,regular,2023-11-04T16:00:00.000Z,False,True,False,True,,36.0,Leonidoff Field,2368,Marist,fcs,Pioneer,3.0,"[0, 0, 3, 0]",0.5282781720161438,,,2181,Drake,fcs,Pioneer,10.0,"[0, 7, 0, 3]",0.4717218279838562,,,4.971487345161285,,,
401552477,2023,10,regular,2023-11-04T16:00:00.000Z,False,True,False,True,,5845.0,Elliot Field Athletic Complex,114,Fitchburg State,iii,MSCAC,0.0,"[0, 0, 0, 0]",,,,2843,Western Connecticut State,iii,MSCAC,54.0,"[27, 6, 7, 14]",,,,,,,
401540071,2023,10,regular,2023-11-04T16:00:00.000Z,False,True,False,True,,3741.0,Goodman Stadium,2329,Lehigh,fcs,Patriot,24.0,"[14, 7, 3, 0]",0.16373659670352936,,,107,Holy Cross,fcs,Patriot,28.0,"[0, 21, 7, 0]",0.8362634032964706,,,5.36523081564236,,,
401550872,2023,10,regular,2023-11-04T16:00:00.000Z,False,True,False,True,,5824.0,Lions Stadium,2442,The College of New Jersey,iii,New Jersey,31.0,"[7, 7, 10, 7]",,,,2970,William Paterson,iii,New Jersey,14.0,"[0, 7, 7, 0]",,,,,,,
401545880,2023,10,regular,2023-11-04T16:00:00.000Z,False,True,False,True,,4427.0,John A. Farrell Stadium,223,West Chester,ii,Pennsylvania State Athletic,17.0,"[0, 3, 7, 7]",,,,2315,Kutztown,ii,Pennsylvania State Athletic,27.0,"[3, 10, 0, 14]",,,,,,,
401544897,2023,10,regular,2023-11-04T16:00:00.000Z,False,True,False,True,,4437.0,"Memorial Stadium (Clarion, PA)",2134,Clarion,ii,Pennsylvania State Athletic,27.0,"[14, 0, 0, 13]",,,,2291,IU Pennsylvania,ii,Pennsylvania State Athletic,39.0,"[7, 13, 6, 13]",,,,,,,
401550105,2023,10,regular,2023-11-04T16:00:00.000Z,False,True,False,True,,5925.0,David Person Field,2354,Lycoming,iii,Landmark Conference,31.0,"[10, 0, 7, 14]",,,,323,Moravian,iii,Landmark Conference,20.0,"[0, 14, 6, 0]",,,,,,,
401520374,2023,10,regular,2023-11-04T16:00:00.000Z,False,True,False,True,65680.0,3974.0,Vaught-Hemingway Stadium,145,Ole Miss,fbs,SEC,38.0,"[7, 13, 11, 7]",0.7903981914576,1713.0,1714.0,245,Texas A&M,fbs,SEC,35.0,"[0, 14, 7, 14]",0.20960180854239996,1744.0,1743.0,8.5472397955,,,
401552472,2023,10,regular,2023-11-04T16:00:00.000Z,False,True,False,True,,3819.0,Bowditch Field,2967,Framingham State,iii,MSCAC,7.0,"[0, 7, 0, 0]",,,,18,Bridgewater State,iii,MSCAC,21.0,"[7, 7, 7, 0]",,,,,,,
401525545,2023,10,regular,2023-11-04T16:00:00.000Z,False,True,False,False,47667.0,3787.0,Kenan Stadium,153,North Carolina,fbs,ACC,59.0,"[7, 21, 17, 14]",0.9904429912567139,1701.0,1701.0,2097,Campbell,fcs,Coastal Athletic,7.0,"[7, 0, 0, 0]",0.009557008743286133,,,4.182926461044446,,,
401541041,2023,10,regular,2023-11-04T16:00:00.000Z,False,True,False,True,,6033.0,Carl Smith Stadium,2842,UVA Wise,ii,South Atlantic,7.0,"[0, 0, 0, 7]",,,,2105,Carson Newman,ii,South Atlantic,52.0,"[28, 10, 7, 7]",,,,,,,
401550060,2023,10,regular,2023-11-04T16:00:00.000Z,False,True,False,True,,5125.0,Stadium Red Field,2782,SUNY Cortland,iii,Empire 8,41.0,"[14, 10, 14, 3]",,,,2781,Brockport,iii,Empire 8,17.0,"[3, 0, 7, 7]",,,,,,,
401545970,2023,10,regular,2023-11-04T16:00:00.000Z,False,True,False,True,,4440.0,Sox Harrison Stadium,2205,Edinboro,ii,Pennsylvania State Athletic,18.0,"[10, 0, 0, 8]",,,,215,Slippery Rock,ii,Pennsylvania State Athletic,56.0,"[7, 21, 14, 14]",,,,,,,
401545789,2023,10,regular,2023-11-04T16:00:00.000Z,False,True,False,True,,5876.0,Bentley University Football Stadium,2060,Bentley,ii,Northeast 10,31.0,"[7, 17, 0, 7]",,,,2038,Assumption,ii,Northeast 10,6.0,"[0, 0, 3, 3]",,,,,,,
401545774,2023,10,regular,2023-11-04T16:00:00.000Z,False,True,False,True,,6212.0,Bishop Schmitt Field,112335,Wheeling,ii,Mountain East,29.0,"[0, 15, 14, 0]",,,,2707,West Virginia State,ii,Mountain East,22.0,"[7, 7, 0, 8]",,,,,,,
401546994,2023,10,regular,2023-11-04T16:00:00.000Z,False,True,False,True,,5934.0,Farmers Insurance Athletic Complex,110254,Davenport,ii,GLIAC,10.0,"[0, 10, 0, 0]",,,,2222,Ferris State,ii,GLIAC,28.0,"[0, 7, 14, 7]",,,,,,,
401544067,2023,10,regular,2023-11-04T16:00:00.000Z,False,True,False,True,,3621.0,Arnold Field (PA),388,Lebanon Valley,iii,Mid Atlantic,21.0,"[7, 7, 0, 7]",,,,2221,FDU Florham,iii,Mid Atlantic,28.0,"[14, 7, 0, 7]",,,,,,,
401550270,2023,10,regular,2023-11-04T16:00:00.000Z,False,True,False,True,,5855.0,Charles A. Henry Field,2274,Hiram,iii,North Coast,13.0,"[0, 0, 0, 13]",,,,89,Wabash,iii,North Coast,52.0,"[14, 28, 3, 7]",,,,,,,
401541824,2023,10,regular,2023-11-04T16:00:00.000Z,False,True,False,True,,3718.0,Tom Benson Hall of Fame Stadium,2682,Walsh,ii,Great Midwest Athletic,3.0,"[0, 3, 0, 0]",,,,2273,Hillsdale,ii,Great Midwest Athletic,28.0,"[7, 14, 0, 7]",,,,,,,
401541010,2023,10,regular,2023-11-04T16:00:00.000Z,False,True,False,True,,4431.0,Chryst Field at Biemesderfer Stadium,210,Millersville,ii,Pennsylvania State Athletic,31.0,"[7, 17, 7, 0]",,,,2071,Bloomsburg,ii,Pennsylvania State Athletic,34.0,"[7, 9, 10, 8]",,,,,,,
401545798,2023,10,regular,2023-11-04T16:00:00.000Z,False,True,False,True,,6074.0,Grappone Stadium,2830,Saint Anselm,ii,Northeast 10,24.0,"[0, 17, 7, 0]",,,,112334,Franklin Pierce,ii,Northeast 10,17.0,"[0, 3, 7, 7]",,,,,,,
401520363,2023,10,regular,2023-11-04T16:00:00.000Z,False,True,False,True,89782.0,3634.0,Ben Hill Griffin Stadium,57,Florida,fbs,SEC,36.0,"[14, 3, 6, 10, 3]",0.5725294351577759,1592.0,1588.0,8,Arkansas,fbs,SEC,39.0,"[14, 3, 3, 13, 6]",0.4274705648422241,1596.0,1600.0,9.99688203941452,,,
401520365,2023,10,regular,2023-11-04T16:00:00.000Z,False,True,False,True,45466.0,3830.0,"Memorial Stadium (Bloomington, IN)",84,Indiana,fbs,Big Ten,20.0,"[7, 10, 0, 3]",0.7875823378562927,1317.0,1344.0,275,Wisconsin,fbs,Big Ten,14.0,"[0, 7, 7, 0]",0.21241766214370728,1682.0,1655.0,4.2867130614180144,,,
401541109,2023,10,regular,2023-11-04T16:00:00.000Z,False,True,False,True,,6095.0,Sabine Field at Haynes Family Stadium,2467,Norwich,iii,NEWMAC,7.0,"[0, 0, 7, 0]",,,,81,Springfield,iii,NEWMAC,58.0,"[3, 13, 28, 14]",,,,,,,
401541021,2023,10,regular,2023-11-04T16:00:00.000Z,False,True,False,True,,4441.0,McConnell Family Stadium,367,Gannon,ii,Pennsylvania State Athletic,17.0,"[0, 3, 7, 7]",,,,2858,California (PA),ii,Pennsylvania State Athletic,34.0,"[7, 7, 14, 6]",,,,,,,
401545895,2023,10,regular,2023-11-04T16:00:00.000Z,False,True,False,True,,5133.0,Ram Stadium (WV),2974,Shepherd,ii,Pennsylvania State Athletic,44.0,"[0, 21, 10, 13]",,,,2188,East Stroudsburg,ii,Pennsylvania State Athletic,17.0,"[0, 7, 7, 3]",,,,,,,
401520375,2023,10,regular,2023-11-04T16:00:00.000Z,False,True,False,True,53703.0,6577.0,SHI Stadium,164,Rutgers,fbs,Big Ten,16.0,"[0, 9, 0, 7]",0.027359269559383392,1465.0,1477.0,194,Ohio State,fbs,Big Ten,35.0,"[7, 0, 14, 14]",0.9726407304406166,2077.0,2065.0,4.8566941015646865,,,
401550369,2023,10,regular,2023-11-04T16:00:00.000Z,False,True,False,True,,6092.0,Bishop Stadium,286,North Carolina Wesleyan,iii,USA South,14.0,"[0, 7, 0, 7]",,,,2373,Maryville (TN),iii,USA South,49.0,"[14, 0, 14, 21]",,,,,,,
401553023,2023,10,regular,2023-11-04T16:00:00.000Z,False,True,False,False,,3920.0,Schmidt Stadium,398,Wilkes,iii,Landmark Conference,35.0,"[7, 7, 7, 14]",,,,2108,Catholic,iii,Landmark Conference,40.0,"[7, 17, 0, 16]",,,,,,,
401540009,2023,10,regular,2023-11-04T16:00:00.000Z,False,True,False,True,,3668.0,Campus Field,2529,Sacred Heart,fcs,NEC,31.0,"[7, 10, 0, 14]",0.5890694260597229,,,2115,Central Connecticut,fcs,NEC,24.0,"[3, 7, 7, 7]",0.4109305739402771,,,5.621312655394742,,,
401550066,2023,10,regular,2023-11-04T16:00:00.000Z,False,True,False,True,,3877.0,Pioneer Stadium,3162,Alfred State,iii,ECFC,44.0,"[3, 14, 20, 7]",,,,293,Vermont State Castleton,iii,ECFC,8.0,"[0, 0, 8, 0]",,,,,,,
401552548,2023,10,regular,2023-11-04T16:00:00.000Z,False,True,False,False,,5868.0,Ronald J. Abdow Field,2022,American International,ii,Northeast 10,41.0,"[7, 13, 6, 15]",,,,126086,Post,ii,Independent DII,17.0,"[7, 3, 0, 7]",,,,,,,
401540017,2023,10,regular,2023-11-04T16:00:00.000Z,False,True,False,True,,3979.0,Wagner College Stadium,2681,Wagner,fcs,NEC,26.0,"[0, 6, 14, 6]",0.05266871303319931,,,2184,Duquesne,fcs,NEC,34.0,"[0, 14, 0, 20]",0.9473312869668007,,,7.236105814829633,,,
401540557,2023,10,regular,2023-11-04T16:00:00.000Z,False,True,False,True,,3627.0,Bailey Memorial Stadium,2506,Presbyterian,fcs,Pioneer,13.0,"[7, 6, 0, 0]",0.0,,,301,San Diego,fcs,Pioneer,23.0,"[0, 7, 0, 16]",1.0,,,5.514398289186828,,,
401550128,2023,10,regular,2023-11-04T16:00:00.000Z,False,True,False,True,,3690.0,Charles L. Currier Memorial Field,2972,Plymouth State,iii,MSCAC,31.0,"[3, 14, 7, 7]",,,,110,Mass Maritime,iii,MSCAC,21.0,"[7, 0, 7, 7]",,,,,,,
401540024,2023,10,regular,2023-11-04T16:00:00.000Z,False,True,False,True,,3694.0,DeGol Field,2598,Saint Francis,fcs,NEC,28.0,"[7, 7, 7, 7]",0.6350389122962952,,,2341,Long Island University,fcs,NEC,29.0,"[3, 7, 7, 12]",0.36496108770370483,,,6.662998139194463,,,
401553859,2023,10,regular,2023-11-04T16:00:00.000Z,False,True,False,True,,3851.0,Mustang Stadium,471,Stevenson,iii,Mid Atlantic,8.0,"[0, 3, 3, 2]",,,,247,King's,iii,Mid Atlantic,16.0,"[0, 3, 7, 6]",,,,,,,
401550083,2023,10,regular,2023-11-04T16:00:00.000Z,False,True,False,True,,3709.0,Hempstead Stadium,452,Endicott,iii,Commonwealth Coast,48.0,"[0, 27, 14, 7]",,,,40,Curry,iii,Commonwealth Coast,6.0,"[6, 0, 0, 0]",,,,,,,
401520369,2023,10,regular,2023-11-04T16:00:00.000Z,False,True,False,True,63134.0,3936.0,Spartan Stadium,127,Michigan State,fbs,Big Ten,20.0,"[3, 7, 3, 7]",0.9470713138580322,1385.0,1388.0,158,Nebraska,fbs,Big Ten,17.0,"[0, 10, 0, 7]",0.05292868614196777,1512.0,1509.0,4.724383776388183,,,
401520376,2023,10,regular,2023-11-04T16:00:00.000Z,False,True,False,False,75348.0,3994.0,Williams-Brice Stadium,2579,South Carolina,fbs,SEC,38.0,"[14, 7, 7, 10]",0.9917386174201965,1493.0,1511.0,55,Jacksonville State,fbs,Conference USA,28.0,"[7, 7, 14, 0]",0.008261382579803467,1508.0,1490.0,6.954698275016566,,,
401552465,2023,10,regular,2023-11-04T16:00:00.000Z,False,True,False,True,,5848.0,Hotchkiss Field,417,Gallaudet,iii,ECFC,38.0,"[7, 17, 7, 7]",,,,110438,Dean,iii,ECFC,16.0,"[3, 0, 13, 0]",,,,,,,
401550308,2023,10,regular,2023-11-04T16:30:00.000Z,False,True,False,True,,5894.0,Steuben Field,348,Hamilton,iii,NESCAC,7.0,"[0, 7, 0, 0]",,,,2394,Middlebury,iii,NESCAC,41.0,"[10, 10, 14, 7]",,,,,,,
401540075,2023,10,regular,2023-11-04T16:30:00.000Z,False,True,False,True,,3721.0,Fisher Field,322,Lafayette,fcs,Patriot,34.0,"[10, 7, 7, 7, 3]",0.2741852104663849,,,2142,Colgate,fcs,Patriot,37.0,"[0, 0, 21, 10, 6]",0.7258147895336151,,,6.951515040049023,,,
401540343,2023,10,regular,2023-11-04T16:30:00.000Z,False,True,False,True,,3802.0,Lawrence A. Wien Stadium,171,Columbia,fcs,Ivy,24.0,"[0, 7, 3, 14]",0.0005879532545804977,,,108,Harvard,fcs,Ivy,38.0,"[17, 7, 0, 14]",0.9994120467454195,,,2.6863939233239966,,,
401550405,2023,10,regular,2023-11-04T17:00:00.000Z,False,True,False,True,,4423.0,Young-Wise Memorial Stadium,418,Hendrix,iii,Southern Athletic,29.0,"[8, 7, 0, 14]",,,,2121,Centre,iii,Southern Athletic,47.0,"[7, 14, 13, 13]",,,,,,,
401553014,2023,10,regular,2023-11-04T17:00:00.000Z,False,True,False,True,,5791.0,Turf Field,111674,Alvernia,iii,Mid Atlantic,28.0,"[7, 0, 7, 14]",,,,2015,Albright,iii,Mid Atlantic,16.0,"[7, 3, 6, 0]",,,,,,,
401540328,2023,10,regular,2023-11-04T17:00:00.000Z,False,True,False,True,,3695.0,Delaware Stadium,48,Delaware,fcs,CAA,27.0,"[7, 6, 7, 7]",0.5497772097587585,,,2210,Elon,fcs,Coastal Athletic,33.0,"[10, 10, 7, 6]",0.45022279024124146,,,6.518664261201895,,,
401540404,2023,10,regular,2023-11-04T17:00:00.000Z,False,True,False,True,,4416.0,Spec Martin Municipal Stadium,56,Stetson,fcs,Pioneer,41.0,"[7, 13, 7, 14]",0.1315464824438095,,,2166,Davidson,fcs,Pioneer,61.0,"[14, 23, 14, 10]",0.8684535175561905,,,4.692247127951475,,,
401540533,2023,10,regular,2023-11-04T17:00:00.000Z,False,True,False,True,,3688.0,Wildcat Stadium,160,New Hampshire,fcs,Coastal Athletic,33.0,"[10, 10, 7, 6]",0.014599313028156757,,,222,Villanova,fcs,Coastal Athletic,45.0,"[3, 21, 14, 7]",0.9854006869718432,,,8.03740560199264,,,
401547030,2023,10,regular,2023-11-04T17:00:00.000Z,False,True,False,True,,6078.0,Pioneer Field (TN),2839,Tusculum,ii,South Atlantic,29.0,"[0, 0, 7, 7, 7, 8]",,,,2369,Mars Hill,ii,South Atlantic,27.0,"[7, 0, 7, 0, 7, 6]",,,,,,,
401550378,2023,10,regular,2023-11-04T17:00:00.000Z,False,True,False,True,,6146.0,Memorial Field (PA),2849,Westminster (PA),iii,Presidents',7.0,"[0, 0, 0, 7]",,,,2102,Carnegie Mellon,iii,Presidents',21.0,"[0, 7, 14, 0]",,,,,,,
401540773,2023,10,regular,2023-11-04T17:00:00.000Z,False,True,False,True,,3600.0,Tom Adams Field,131,Wayne State (MI),ii,GLIAC,10.0,"[0, 0, 3, 7]",,,,125,Grand Valley State,ii,GLIAC,66.0,"[21, 14, 14, 17]",,,,,,,
401540595,2023,10,regular,2023-11-04T17:00:00.000Z,False,True,False,True,,5400.0,William B. Greene Jr. Stadium,2193,East Tennessee State,fcs,Southern,24.0,"[0, 10, 14, 0]",0.9957189559936523,,,2678,VMI,fcs,Southern,31.0,"[0, 7, 7, 17]",0.004281044006347656,,,5.023115755030778,,,
401525451,2023,10,regular,2023-11-04T17:00:00.000Z,False,True,False,False,7143.0,3647.0,Elliott T. Bowers Stadium,2534,Sam Houston,fbs,Conference USA,24.0,"[0, 7, 7, 10]",0.4202825427055359,1307.0,1307.0,338,Kennesaw State,fcs,FCS Independents,21.0,"[14, 7, 0, 0]",0.5797174572944641,,,4.619920780295011,,,
401544075,2023,10,regular,2023-11-04T17:00:00.000Z,False,True,False,True,,5787.0,Docking Stadium,2003,Adrian,iii,Michigan,24.0,"[14, 0, 0, 10]",,,,2800,Alma,iii,Michigan,45.0,"[14, 14, 10, 7]",,,,,,,
401549720,2023,10,regular,2023-11-04T17:00:00.000Z,False,True,False,True,,5806.0,Whittier Field,340,Bowdoin,iii,NESCAC,23.0,"[0, 16, 7, 0]",,,,7,Amherst,iii,NESCAC,27.0,"[7, 6, 14, 0]",,,,,,,
401545750,2023,10,regular,2023-11-04T17:00:00.000Z,False,True,False,True,,3642.0,Bobcat Stadium (MD),341,Frostburg State,ii,Mountain East,10.0,"[7, 0, 0, 3]",,,,2249,Glenville State,ii,Mountain East,13.0,"[0, 6, 0, 7]",,,,,,,
401540692,2023,10,regular,2023-11-04T17:00:00.000Z,False,True,False,True,,6041.0,Irwin Belk Complex,2304,Johnson C. Smith,ii,CIAA,38.0,"[7, 10, 7, 14]",,,,2940,Livingstone,ii,CIAA,17.0,"[7, 3, 7, 0]",,,,,,,
401541977,2023,10,regular,2023-11-04T17:00:00.000Z,False,True,False,False,,6057.0,Ron & Carol Cope Stadium at Foster Field,2438,Nebraska Kearney,ii,Mid America,38.0,"[14, 14, 10, 0]",,,,2876,Lincoln (MO),ii,Independent DII,6.0,"[3, 3, 0, 0]",,,,,,,
401540505,2023,10,regular,2023-11-04T17:00:00.000Z,False,True,False,True,,5389.0,Kessler Stadium,2405,Monmouth,fcs,Coastal Athletic,56.0,"[7, 28, 7, 14]",0.9877501130104065,,,2619,Stony Brook,fcs,Coastal Athletic,17.0,"[0, 3, 7, 7]",0.012249886989593506,,,2.3364248745582437,,,
401544925,2023,10,regular,2023-11-04T17:00:00.000Z,False,True,False,True,,3926.0,Setzler Field,2444,Newberry,ii,South Atlantic,17.0,"[7, 3, 7, 0]",,,,351,Wingate,ii,South Atlantic,21.0,"[7, 7, 0, 7]",,,,,,,
401553971,2023,10,regular,2023-11-04T17:00:00.000Z,False,True,False,False,,3747.0,Hantz Stadium,2886,Northwood,ii,Great Midwest Athletic,24.0,"[0, 0, 10, 14]",,,,2646,Thomas More,,,20.0,"[13, 7, 0, 0]",,,,,,,
401545857,2023,10,regular,2023-11-04T17:00:00.000Z,False,True,False,True,,3638.0,MDU Resources Community Bowl,559,University of Mary,ii,Northern Sun,32.0,"[7, 7, 3, 15]",,,,2587,Southwest Minnesota State,ii,Northern Sun,28.0,"[7, 14, 7, 0]",,,,,,,
401549750,2023,10,regular,2023-11-04T17:00:00.000Z,False,True,False,True,,3879.0,TowneBank Stadium,3112,Christopher Newport,iii,New Jersey,14.0,"[0, 7, 0, 7]",,,,2818,Montclair State,iii,New Jersey,19.0,"[0, 7, 6, 6]",,,,,,,
401540054,2023,10,regular,2023-11-04T17:00:00.000Z,False,True,False,True,,150.0,Jack Coffey Field,2230,Fordham,fcs,Patriot,27.0,"[3, 14, 7, 3]",0.24954752624034882,,,2083,Bucknell,fcs,Patriot,21.0,"[3, 7, 3, 8]",0.7504524737596512,,,6.162264815934318,,,
401552025,2023,10,regular,2023-11-04T17:00:00.000Z,False,True,False,True,,6133.0,Ellis Oval at Zimman Field,112,Tufts,iii,NESCAC,38.0,"[14, 10, 7, 7]",,,,33,Colby,iii,NESCAC,0.0,"[0, 0, 0, 0]",,,,,,,
401552452,2023,10,regular,2023-11-04T17:00:00.000Z,False,True,False,True,,5851.0,Shirk Field at Musselman Stadium,2248,Gettysburg,iii,Centennial,35.0,"[0, 7, 21, 7]",,,,2667,Ursinus,iii,Centennial,48.0,"[7, 28, 7, 6]",,,,,,,
401550353,2023,10,regular,2023-11-04T17:00:00.000Z,False,True,False,True,,3823.0,Hardee-McGee Field,2553,Sewanee,iii,Southern Athletic,6.0,"[3, 3, 0, 0]",,,,386,Trinity (TX),iii,Southern Athletic,44.0,"[16, 14, 7, 7]",,,,,,,
401551496,2023,10,regular,2023-11-04T17:00:00.000Z,False,True,False,True,,6066.0,Pace Stadium,2487,Pace,ii,Northeast 10,14.0,"[0, 7, 7, 0]",,,,2441,New Haven,ii,Northeast 10,17.0,"[3, 7, 0, 7]",,,,,,,
401547202,2023,10,regular,2023-11-04T17:00:00.000Z,False,True,False,True,,6135.0,Blue Storm Stadium,111675,New England,iii,Commonwealth Coast,27.0,"[7, 7, 0, 13]",,,,2280,Husson,iii,Commonwealth Coast,30.0,"[6, 15, 9, 0]",,,,,,,
401550458,2023,10,regular,2023-11-04T17:00:00.000Z,False,True,False,True,,6094.0,Reynolds Field,583,Northwestern (MN),iii,Upper Midwest,36.0,"[17, 7, 0, 12]",,,,433,Westminster (MO),iii,Upper Midwest,18.0,"[6, 0, 0, 12]",,,,,,,
401540331,2023,10,regular,2023-11-04T17:00:00.000Z,False,True,False,True,,3730.0,Franklin Field,219,Pennsylvania,fcs,Ivy,23.0,"[10, 6, 7, 0]",0.6640877723693848,,,172,Cornell,fcs,Ivy,8.0,"[0, 0, 8, 0]",0.33591222763061523,,,2.425695573063872,,,
401554821,2023,10,regular,2023-11-04T17:00:00.000Z,False,True,False,True,,6083.0,Mangelsdorf Field,2969,Misericordia,iii,Mid Atlantic,6.0,"[0, 6, 0, 0]",,,,2808,Delaware Valley,iii,Mid Atlantic,28.0,"[7, 7, 7, 7]",,,,,,,
401547075,2023,10,regular,2023-11-04T17:00:00.000Z,False,True,False,True,,6042.0,Alumni Stadium (KY),2310,Kentucky State,ii,SIAC,10.0,[],,,,2119,Central State,ii,SIAC,20.0,[],,,,,,,
401550199,2023,10,regular,2023-11-04T17:00:00.000Z,False,True,False,True,,5905.0,Kean Alumni Stadium,2871,Kean,iii,New Jersey,6.0,"[0, 6, 0, 0]",,,,2827,Rowan,iii,New Jersey,16.0,"[10, 6, 0, 0]",,,,,,,
401541889,2023,10,regular,2023-11-04T17:00:00.000Z,False,True,False,False,,5941.0,Roebuck Stadium,2207,Elizabeth City State,ii,CIAA,38.0,"[14, 7, 14, 3]",,,,124180,Bluefield State,ii,Independent DII,20.0,"[7, 0, 13, 0]",,,,,,,
401546991,2023,10,regular,2023-11-04T17:00:00.000Z,False,True,True,True,,7504.0,Liberty North High School,2911,William Jewell,ii,Great Lakes,3.0,"[0, 0, 3, 0]",,,,2586,Southwest Baptist,ii,Great Lakes,71.0,"[7, 34, 20, 10]",,,,,,,
401541099,2023,10,regular,2023-11-04T17:00:00.000Z,False,True,False,True,,6127.0,John P. Papp Stadium,2748,Wooster,iii,North Coast,36.0,"[17, 17, 0, 2]",,,,391,Oberlin,iii,North Coast,0.0,"[0, 0, 0, 0]",,,,,,,
401550152,2023,10,regular,2023-11-04T17:00:00.000Z,False,True,False,True,,3755.0,Ray and Sue Smith Stadium,2812,Hope,iii,Michigan,38.0,"[3, 21, 7, 7]",,,,2651,Trine,iii,Michigan,28.0,"[14, 7, 0, 7]",,,,,,,
401539975,2023,10,regular,2023-11-04T17:00:00.000Z,False,True,False,True,,3762.0,Hughes Stadium,2415,Morgan State,fcs,MEAC,24.0,"[10, 0, 7, 7]",0.967971682548523,,,2169,Delaware State,fcs,MEAC,17.0,"[0, 0, 14, 3]",0.03202831745147705,,,3.438885743576633,,,
401545825,2023,10,regular,2023-11-04T17:00:00.000Z,False,True,False,True,,6051.0,James S. Malosky Stadium,134,Minnesota Duluth,ii,Northern Sun,44.0,"[24, 14, 3, 3]",,,,3066,Concordia St. Paul,ii,Northern Sun,32.0,"[0, 11, 8, 13]",,,,,,,
401541862,2023,10,regular,2023-11-04T17:00:00.000Z,False,True,False,True,,6061.0,Younts Stadium,2822,North Greenville,ii,Gulf South,27.0,"[10, 7, 0, 10]",,,,2560,Shorter,ii,Gulf South,17.0,"[0, 0, 10, 7]",,,,,,,
401541031,2023,10,regular,2023-11-04T17:00:00.000Z,False,True,False,True,,4429.0,Seth Grove Stadium,2559,Shippensburg,ii,Pennsylvania State Athletic,7.0,"[0, 7, 0, 0]",,,,209,Lock Haven,ii,Pennsylvania State Athletic,21.0,"[0, 21, 0, 0]",,,,,,,
401549586,2023,10,regular,2023-11-04T17:00:00.000Z,False,True,False,True,,5856.0,Boswell Field at David J. Urick Stadium,174,Hobart,iii,Liberty League,31.0,"[0, 10, 7, 14]",,,,2528,Rensselaer,iii,Liberty League,21.0,"[7, 7, 7, 0]",,,,,,,
401541061,2023,10,regular,2023-11-04T17:00:00.000Z,False,True,False,True,,6087.0,Drake Field (NY),3110,SUNY Morrisville,iii,Empire 8,30.0,"[0, 7, 14, 9]",,,,374,St. John Fisher,iii,Empire 8,15.0,"[3, 0, 0, 12]",,,,,,,
401544123,2023,10,regular,2023-11-04T17:00:00.000Z,False,True,False,True,,3677.0,Chuck Noll Field,2614,Saint Vincent,iii,Presidents',27.0,"[0, 6, 7, 14]",,,,2644,Thiel,iii,Presidents',30.0,"[14, 2, 7, 7]",,,,,,,
401550365,2023,10,regular,2023-11-04T17:00:00.000Z,False,True,False,True,,6117.0,Knight Stadium,2896,Southern Virginia,iii,USA South,7.0,"[0, 0, 0, 7]",,,,2056,Belhaven,iii,USA South,61.0,"[26, 14, 14, 7]",,,,,,,
401540999,2023,10,regular,2023-11-04T17:00:00.000Z,False,False,False,True,,4421.0,Multi-Sport Performance Stadium,2017,Alderson-Broaddus,ii,Mountain East,0.0,[],,,,2882,UNC Pembroke,ii,Mountain East,0.0,[],,,,,,,
401540546,2023,10,regular,2023-11-04T17:00:00.000Z,False,True,False,True,,3603.0,Aggie Stadium,2448,North Carolina A&T,fcs,Coastal Athletic,32.0,"[0, 10, 7, 15]",0.17861302196979523,,,119,Towson,fcs,Coastal Athletic,42.0,"[14, 7, 7, 14]",0.8213869780302048,,,4.6384032882586315,,,
401540427,2023,10,regular,2023-11-04T17:00:00.000Z,False,True,False,True,,3661.0,Bulldog Stadium,2803,Bryant,fcs,Big South-OVC,44.0,"[0, 10, 21, 7, 6]",0.7929437756538391,,,2241,Gardner-Webb,fcs,Big South-OVC,45.0,"[14, 10, 0, 14, 7]",0.2070562243461609,,,6.838439047608053,,,
401540666,2023,10,regular,2023-11-04T17:00:00.000Z,False,True,False,True,,6032.0,Hovey Field,2676,Virginia Union,ii,CIAA,30.0,"[7, 16, 7, 0]",,,,330,Virginia State,ii,CIAA,20.0,"[0, 13, 7, 0]",,,,,,,
401540658,2023,10,regular,2023-11-04T17:00:00.000Z,False,True,False,True,,3808.0,Lincoln University Stadium,2339,Lincoln (PA),ii,CIAA,39.0,"[7, 13, 6, 13]",,,,2075,Bowie State,ii,CIAA,46.0,"[7, 19, 7, 13]",,,,,,,
401552016,2023,10,regular,2023-11-04T17:00:00.000Z,False,True,False,True,,6151.0,Farley-Lamb Field,2731,Williams,iii,NESCAC,22.0,"[8, 14, 0, 0]",,,,336,Wesleyan (CT),iii,NESCAC,30.0,"[0, 8, 0, 22]",,,,,,,
401545765,2023,10,regular,2023-11-04T17:00:00.000Z,False,True,False,True,,3667.0,Callaghan Stadium,2148,Concord,ii,Mountain East,14.0,"[0, 14, 0, 0]",,,,587,Notre Dame College,ii,Mountain East,24.0,"[3, 7, 14, 0]",,,,,,,
401558750,2023,10,regular,2023-11-04T17:00:00.000Z,False,True,False,True,,4855.0,Leslie C. Quick Jr. Stadium,2725,Widener,iii,Mid Atlantic,42.0,"[14, 7, 14, 7]",,,,127954,Eastern,iii,Mid Atlantic,10.0,"[0, 10, 0, 0]",,,,,,,
401541809,2023,10,regular,2023-11-04T17:00:00.000Z,False,True,False,True,,3770.0,Jack Miller Stadium,308,Ashland,ii,Great Midwest Athletic,37.0,"[7, 7, 10, 0, 3, 6, 2, 2]",,,,2224,Findlay,ii,Great Midwest Athletic,35.0,"[0, 14, 10, 0, 3, 6, 2, 0]",,,,,,,
401545741,2023,10,regular,2023-11-04T17:00:00.000Z,False,True,False,True,,5784.0,Cebe Ross Field,455,West Virginia Wesleyan,ii,Mountain East,20.0,"[0, 6, 0, 14]",,,,2986,Fairmont State,ii,Mountain East,55.0,"[14, 7, 28, 6]",,,,,,,
401549809,2023,10,regular,2023-11-04T17:00:00.000Z,False,True,False,True,,5998.0,Monarch Stadium,291,Methodist,iii,USA South,38.0,"[14, 10, 7, 7]",,,,548,LaGrange,iii,USA South,27.0,"[10, 7, 10, 0]",,,,,,,
401540697,2023,10,regular,2023-11-04T17:00:00.000Z,False,True,False,True,,6068.0,George Williams Athletic Complex,395,St. Augustine's,ii,CIAA,14.0,"[0, 7, 0, 7]",,,,2551,Shaw,ii,CIAA,21.0,"[7, 0, 0, 14]",,,,,,,
401540978,2023,10,regular,2023-11-04T17:00:00.000Z,False,True,False,True,,3870.0,Panther Stadium (OH),2477,Ohio Dominican,ii,Great Midwest Athletic,10.0,"[3, 0, 0, 7]",,,,2838,Tiffin,ii,Great Midwest Athletic,44.0,"[14, 27, 3, 0]",,,,,,,
401549613,2023,10,regular,2023-11-04T17:00:00.000Z,False,True,False,True,,6113.0,Leckonby Stadium,2779,St. Lawrence,iii,Liberty League,14.0,"[7, 0, 0, 7]",,,,175,Ithaca,iii,Liberty League,51.0,"[6, 10, 14, 21]",,,,,,,
401540420,2023,10,regular,2023-11-04T17:00:00.000Z,False,True,False,True,,3607.0,Alfond Stadium,311,Maine,fcs,Coastal Athletic,35.0,"[7, 21, 7, 0]",0.08474258333444595,,,2261,Hampton,fcs,Coastal Athletic,42.0,"[7, 7, 14, 14]",0.915257416665554,,,6.276096802074083,,,
401550389,2023,10,regular,2023-11-04T17:00:00.000Z,False,True,False,True,,5849.0,Reeves Field (PA),2242,Geneva,iii,Presidents',7.0,"[7, 0, 0, 0]",,,,2686,Washington & Jefferson,iii,Presidents',45.0,"[7, 14, 10, 14]",,,,,,,
401540304,2023,10,regular,2023-11-04T17:00:00.000Z,False,True,False,True,,3829.0,Memorial Stadium,282,Indiana State,fcs,MVFC,7.0,"[7, 0, 0, 0]",0.02111484296619892,,,2754,Youngstown State,fcs,MVFC,19.0,"[7, 0, 6, 6]",0.9788851570338011,,,5.21827206949505,,,
401550399,2023,10,regular,2023-11-04T17:00:00.000Z,False,True,False,True,,5803.0,Bison Stadium,2062,Bethany (WV),iii,Presidents',26.0,"[0, 9, 17, 0]",,,,2845,Waynesburg,iii,Presidents',35.0,"[7, 7, 7, 14]",,,,,,,
401544969,2023,10,regular,2023-11-04T17:00:00.000Z,False,True,False,True,,6100.0,Cutler Field,354,Olivet,iii,Michigan,7.0,"[0, 7, 0, 0]",,,,2790,Albion,iii,Michigan,35.0,"[14, 6, 0, 15]",,,,,,,
401551515,2023,10,regular,2023-11-04T17:00:00.000Z,False,True,False,True,,6143.0,Golden Bear Stadium,2702,Western New England,iii,Commonwealth Coast,69.0,"[20, 28, 14, 7]",,,,2884,Nichols,iii,Commonwealth Coast,28.0,"[0, 14, 7, 7]",,,,,,,
401541128,2023,10,regular,2023-11-04T17:00:00.000Z,False,True,False,False,,5853.0,Francis Field (IL),2257,Greenville,iii,Upper Midwest,23.0,"[6, 10, 0, 7]",,,,126,Kalamazoo,iii,Michigan,33.0,"[7, 7, 13, 6]",,,,,,,
401540792,2023,10,regular,2023-11-04T17:00:00.000Z,False,True,False,False,,3927.0,Sherman Field,2392,Michigan Tech,ii,GLIAC,37.0,"[7, 13, 3, 14]",,,,568,Minot State,ii,Northern Sun,3.0,"[0, 0, 0, 3]",,,,,,,
401540617,2023,10,regular,2023-11-04T17:00:00.000Z,False,True,False,True,,4419.0,Bob Ford Field,399,UAlbany,fcs,Coastal Athletic,24.0,"[7, 10, 0, 7]",0.8175616264343262,,,2729,William & Mary,fcs,Coastal Athletic,8.0,"[0, 0, 0, 8]",0.18243837356567383,,,2.300658036253181,,,
401547019,2023,10,regular,2023-11-04T17:00:00.000Z,False,True,False,True,,5840.0,Fred Selfe Stadium at Nicewonder Field,2213,Emory & Henry,ii,South Atlantic,56.0,"[28, 14, 7, 7]",,,,101784,Erskine,ii,South Atlantic,14.0,"[7, 0, 0, 7]",,,,,,,
401547193,2023,10,regular,2023-11-04T17:00:00.000Z,False,True,False,True,,5835.0,Biddle Field,2175,Dickinson,iii,Centennial,23.0,"[6, 3, 14, 0]",,,,118,Johns Hopkins,iii,Centennial,34.0,"[3, 3, 14, 14]",,,,,,,
401549578,2023,10,regular,2023-11-04T17:00:00.000Z,False,True,False,True,,5810.0,Coyer Field,2085,Buffalo State,iii,Liberty League,17.0,"[3, 7, 7, 0]",,,,237,Union,iii,Liberty League,43.0,"[14, 16, 7, 6]",,,,,,,
401540800,2023,10,regular,2023-11-04T17:00:00.000Z,False,True,False,True,,3885.0,Harvey Randall Wickes Memorial Stadium,129,Saginaw Valley State,ii,GLIAC,62.0,"[17, 21, 14, 10]",,,,128,Northern Michigan,ii,GLIAC,17.0,"[0, 7, 0, 10]",,,,,,,
401550300,2023,10,regular,2023-11-04T17:00:00.000Z,False,True,False,True,,6131.0,Jessee/Miller Field,2977,Trinity (CT),iii,NESCAC,52.0,"[17, 14, 7, 14]",,,,121,Bates,iii,NESCAC,7.0,"[0, 0, 0, 7]",,,,,,,
401549636,2023,10,regular,2023-11-04T17:00:00.000Z,False,True,False,True,,6089.0,Scotty Wood Stadium,2422,Muhlenberg,iii,Centennial,48.0,"[14, 7, 0, 14, 7, 6]",,,,2234,Franklin & Marshall,iii,Centennial,45.0,"[7, 7, 14, 7, 7, 3]",,,,,,,
401550340,2023,10,regular,2023-11-04T17:00:00.000Z,False,True,False,True,,5896.0,Lewis C. Everett Stadium,297,Hampden Sydney,iii,Old Dominion,26.0,"[0, 10, 6, 3, 7]",,,,2828,Shenandoah,iii,Old Dominion,25.0,"[3, 0, 0, 16, 6]",,,,,,,
401540744,2023,10,regular,2023-11-04T17:00:00.000Z,False,True,False,False,,6077.0,Stokes Stadium,2654,Truman State,ii,Great Lakes,14.0,"[7, 0, 7, 0]",,,,389,Upper Iowa,ii,Northern Sun,7.0,"[0, 7, 0, 0]",,,,,,,
401550259,2023,10,regular,2023-11-04T17:00:00.000Z,False,True,False,True,,5906.0,McBride Field,352,Kenyon,iii,North Coast,15.0,"[9, 0, 0, 6]",,,,2171,Denison,iii,North Coast,38.0,"[0, 10, 14, 14]",,,,,,,
401549800,2023,10,regular,2023-11-04T17:00:00.000Z,False,True,False,True,,5807.0,Brevard Memorial Stadium,2913,Brevard,iii,USA South,27.0,"[14, 10, 3, 0]",,,,2938,Huntingdon,iii,USA South,31.0,"[0, 10, 7, 14]",,,,,,,
401550293,2023,10,regular,2023-11-04T17:30:00.000Z,False,True,False,True,,6098.0,Dial-Roberson Stadium,427,Ohio Northern,iii,Ohio,49.0,"[7, 28, 14, 0]",,,,359,Otterbein,iii,Ohio,6.0,"[0, 0, 0, 6]",,,,,,,
401540589,2023,10,regular,2023-11-04T17:30:00.000Z,False,True,False,True,,3720.0,Finley Stadium,236,Chattanooga,fcs,Southern,14.0,"[0, 7, 0, 7]",0.3670300841331482,,,231,Furman,fcs,Southern,17.0,"[0, 3, 0, 14]",0.6329699158668518,,,6.596993445374398,,,
401544104,2023,10,regular,2023-11-04T17:30:00.000Z,False,True,False,True,,5812.0,Bernlohr Stadium,424,Capital,iii,Ohio,14.0,"[0, 0, 0, 14]",,,,317,Marietta,iii,Ohio,45.0,"[7, 28, 3, 7]",,,,,,,
401544113,2023,10,regular,2023-11-04T17:30:00.000Z,False,True,False,True,,5863.0,Don Shula Stadium at Wasmer Field,2302,John Carroll,iii,Ohio,14.0,"[7, 0, 7, 0]",,,,426,Mount Union,iii,Ohio,49.0,"[7, 21, 7, 14]",,,,,,,
401553035,2023,10,regular,2023-11-04T17:30:00.000Z,False,True,False,True,,3614.0,Alumni Stadium (IN),2262,Hanover,iii,Heartland,69.0,"[21, 21, 20, 7]",,,,2023,Anderson (IN),iii,Heartland,0.0,"[0, 0, 0, 0]",,,,,,,
401553034,2023,10,regular,2023-11-04T17:30:00.000Z,False,True,False,True,,5805.0,Alumni Field (OH),2074,Bluffton,iii,Heartland,27.0,"[6, 7, 0, 14]",,,,2419,Mount St Joseph,iii,Heartland,49.0,"[14, 14, 14, 7]",,,,,,,
401550073,2023,10,regular,2023-11-04T17:30:00.000Z,False,True,False,True,,5832.0,Justin F. Coressel Stadium,190,Defiance College,iii,Heartland,54.0,"[13, 7, 20, 14]",,,,86,Rose Hulman,iii,Heartland,78.0,"[22, 14, 28, 14]",,,,,,,
401550077,2023,10,regular,2023-11-04T17:30:00.000Z,False,True,False,True,,3716.0,"Stewart """"Red"""" Faught Stadium",2233,Franklin,iii,Heartland,36.0,"[17, 0, 14, 5]",,,,2362,Manchester,iii,Heartland,0.0,"[0, 0, 0, 0]",,,,,,,
401544996,2023,10,regular,2023-11-04T17:30:00.000Z,False,True,False,True,,6090.0,Sherman Field at McConagha Stadium,332,Muskingum,iii,Ohio,64.0,"[14, 14, 14, 22]",,,,2733,Wilmington (OH),iii,Ohio,63.0,"[7, 21, 14, 21]",,,,,,,
401550252,2023,10,regular,2023-11-04T17:30:00.000Z,False,True,False,True,,5801.0,George Finnie Stadium,188,Baldwin Wallace,iii,Ohio,24.0,"[14, 0, 0, 10]",,,,191,Heidelberg,iii,Ohio,21.0,"[14, 7, 0, 0]",,,,,,,
401547139,2023,10,regular,2023-11-04T18:00:00.000Z,False,True,False,True,,5798.0,Jerry E. Apple Stadium,2045,Austin,iii,American Southwest,19.0,"[3, 7, 9, 0]",,,,2810,Hardin Simmons,iii,American Southwest,59.0,"[14, 24, 14, 7]",,,,,,,
401550224,2023,10,regular,2023-11-04T18:00:00.000Z,False,True,False,True,,5797.0,Vago Field,2044,Aurora,iii,NACC,70.0,"[7, 28, 14, 21]",,,,6353,Lakeland,iii,NACC,14.0,"[0, 0, 7, 7]",,,,,,,
401558979,2023,10,regular,2023-11-04T18:00:00.000Z,False,True,False,False,,6115.0,Toppa Field,2776,Salve Regina,iii,Commonwealth Coast,49.0,"[21, 28, 0, 0]",,,,2951,SUNY Maritime,iii,NEWMAC,0.0,"[0, 0, 0, 0]",,,,,,,
401524049,2023,10,regular,2023-11-04T18:00:00.000Z,False,True,False,True,52104.0,587.0,Rice-Eccles Stadium,254,Utah,fbs,Pac-12,55.0,"[14, 10, 10, 21]",0.9937424659729004,1702.0,1823.0,9,Arizona State,fbs,Pac-12,3.0,"[3, 0, 0, 0]",0.006257534027099609,1434.0,1313.0,1.9700732356187507,,,
401547146,2023,10,regular,2023-11-04T18:00:00.000Z,False,True,False,True,,6123.0,Jackson Field,2834,Sul Ross State,iii,American Southwest,47.0,"[7, 14, 10, 16]",,,,2758,Howard Payne,iii,American Southwest,42.0,"[6, 15, 7, 14]",,,,,,,
401547046,2023,10,regular,2023-11-04T18:00:00.000Z,False,True,True,True,,3650.0,Bragg Memorial Stadium,2232,Fort Valley State,ii,SIAC,7.0,"[0, 7, 0, 0]",,,,2013,Albany State,ii,SIAC,13.0,"[0, 0, 0, 13]",,,,,,33rd Fountain City Classic,
401541118,2023,10,regular,2023-11-04T18:00:00.000Z,False,True,False,True,,5843.0,W.B. Adams Stadium,366,Ferrum,iii,Old Dominion,16.0,"[0, 0, 8, 8]",,,,2516,Randolph Macon,iii,Old Dominion,49.0,"[14, 14, 14, 7]",,,,,,,
401541972,2023,10,regular,2023-11-04T18:00:00.000Z,False,True,False,True,,6055.0,Craig Field at Spratt Memorial Stadium,137,Missouri Western,ii,Mid America,31.0,"[7, 3, 14, 7]",,,,90,Pittsburg State,ii,Mid America,30.0,"[10, 7, 0, 13]",,,,,,,
401540683,2023,10,regular,2023-11-04T18:00:00.000Z,False,True,False,True,,3813.0,"Luther ""Nick"" Jeralds Stadium",2220,Fayetteville State,ii,CIAA,40.0,"[7, 13, 7, 7, 6]",,,,2736,Winston-Salem State,ii,CIAA,34.0,"[24, 0, 3, 7, 0]",,,,,,,
401547052,2023,10,regular,2023-11-04T18:00:00.000Z,False,True,False,True,,5875.0,Charlie W. Johnson Stadium,490,Benedict,ii,SIAC,37.0,"[21, 7, 3, 6]",,,,2019,Allen,ii,SIAC,9.0,"[7, 0, 2, 0]",,,,,,,
401547224,2023,10,regular,2023-11-04T18:00:00.000Z,False,True,False,True,,980.0,Benedetti-Wehrli Stadium,3071,North Central College,iii,CCIW,83.0,"[28, 27, 14, 14]",,,,306,Illinois Wesleyan,iii,CCIW,26.0,"[6, 0, 14, 6]",,,,,,,
401549782,2023,10,regular,2023-11-04T18:00:00.000Z,False,True,False,True,,5916.0,Carson Park,2738,Wisconsin Eau Claire,iii,Wisconsin,13.0,"[6, 0, 7, 0]",,,,2744,Wisconsin Stout,iii,Wisconsin,38.0,"[7, 14, 0, 17]",,,,,,,
401541917,2023,10,regular,2023-11-04T18:00:00.000Z,False,True,False,True,,5938.0,Al Whitehead Field at Greyhound Stadium,2201,Eastern New Mexico,ii,Lone Star,35.0,"[0, 7, 14, 14]",,,,2704,West Texas,ii,Lone Star,27.0,"[10, 3, 0, 14]",,,,,,,
401541081,2023,10,regular,2023-11-04T18:00:00.000Z,False,True,False,True,,5893.0,Hollingsworth Field,2968,Gustavus Adolphus,iii,Minnesota,38.0,"[0, 24, 14, 0]",,,,2101,Carleton,iii,Minnesota,20.0,"[6, 7, 0, 7]",,,,,,,
401540735,2023,10,regular,2023-11-04T18:00:00.000Z,False,True,False,True,,3723.0,QU Stadium,2825,Quincy,ii,Great Lakes,14.0,"[0, 7, 0, 7]",,,,2402,Missouri S&T,ii,Great Lakes,21.0,"[7, 7, 0, 7]",,,,,,,
401540614,2023,10,regular,2023-11-04T18:00:00.000Z,False,True,False,True,,3782.0,Johnson Hagood Stadium,2643,The Citadel,fcs,Southern,16.0,"[3, 7, 0, 6]",0.0015382550191134214,,,2382,Mercer,fcs,Southern,38.0,"[7, 7, 10, 14]",0.9984617449808866,,,3.7383766199062523,,,
401549774,2023,10,regular,2023-11-04T18:00:00.000Z,False,True,False,True,,3843.0,MLC Bowl,446,Martin Luther,iii,Upper Midwest,27.0,"[14, 7, 3, 3]",,,,2399,Minnesota Morris,iii,Upper Midwest,30.0,"[6, 17, 0, 7]",,,,,,,
401544085,2023,10,regular,2023-11-04T18:00:00.000Z,False,True,False,True,,5861.0,Rosenbloom Field,65,Grinnell,iii,Midwest,14.0,"[0, 14, 0, 0]",,,,80,Chicago,iii,Midwest,48.0,"[7, 14, 20, 7]",,,,,,,
401540444,2023,10,regular,2023-11-04T18:00:00.000Z,False,True,False,True,,3913.0,Saluki Stadium,79,Southern Illinois,fcs,MVFC,7.0,"[0, 0, 0, 7]",,,,233,South Dakota,fcs,MVFC,14.0,"[7, 0, 0, 7]",,,,0.6357238292,,,
401550372,2023,10,regular,2023-11-04T18:00:00.000Z,False,True,False,True,,3671.0,Case Field,2963,Case Western Reserve,iii,Presidents',42.0,"[14, 14, 14, 0]",,,,2018,Allegheny,iii,Presidents',14.0,"[0, 7, 0, 7]",,,,,,,
401547119,2023,10,regular,2023-11-04T18:00:00.000Z,False,True,False,True,,5921.0,Rock Bowl,263,Loras,iii,American Rivers,82.0,"[27, 29, 20, 6]",,,,2564,Simpson (IA),iii,American Rivers,16.0,"[14, 0, 0, 2]",,,,,,,
401531392,2023,10,regular,2023-11-04T18:00:00.000Z,False,True,False,True,13049.0,3806.0,Lincoln Financial Field,218,Temple,fbs,American Athletic,32.0,"[10, 7, 0, 15]",0.9087318778038025,948.0,1018.0,2426,Navy,fbs,American Athletic,18.0,"[0, 0, 8, 10]",0.09126812219619751,1376.0,1306.0,3.407601644066624,,,
401544952,2023,10,regular,2023-11-04T18:00:00.000Z,False,True,False,True,,5815.0,Schneider Stadium,32,Carroll (WI),iii,CCIW,41.0,"[7, 14, 7, 13]",,,,74,Millikin,iii,CCIW,0.0,"[0, 0, 0, 0]",,,,,,,
401541910,2023,10,regular,2023-11-04T18:00:00.000Z,False,True,False,True,,3633.0,Ben Altamirano Field,2703,Western New Mexico,ii,Lone Star,3.0,"[0, 0, 0, 3]",,,,110243,UT Permian Basin,ii,Lone Star,56.0,"[7, 28, 7, 14]",,,,,,,
401541937,2023,10,regular,2023-11-04T18:00:00.000Z,False,True,False,True,,4724.0,Audrey J. Walton Stadium at Vernon Kennedy Field,2118,Central Missouri,ii,Mid America,47.0,"[14, 10, 9, 14]",,,,2231,Fort Hays,ii,Mid America,28.0,"[21, 7, 0, 0]",,,,,,,
401550054,2023,10,regular,2023-11-04T18:00:00.000Z,False,True,False,True,,5788.0,Merrill Field at Yunevich Stadium,365,Alfred,iii,Empire 8,42.0,"[14, 0, 21, 7]",,,,173,Hartwick,iii,Empire 8,6.0,"[0, 0, 0, 6]",,,,,,,
401550183,2023,10,regular,2023-11-04T18:00:00.000Z,False,True,False,True,,6122.0,Public Schools Stadium,375,St. Scholastica,iii,Minnesota,26.0,"[0, 13, 7, 6]",,,,162,Hamline,iii,Minnesota,33.0,"[13, 7, 10, 3]",,,,,,,
401547060,2023,10,regular,2023-11-04T18:00:00.000Z,False,True,False,True,,5881.0,CAU Panther Stadium,2805,Clark Atlanta,ii,SIAC,21.0,"[0, 6, 8, 7]",,,,60,Morehouse,ii,SIAC,35.0,"[14, 7, 7, 7]",,,,,,,
401547088,2023,10,regular,2023-11-04T18:00:00.000Z,False,True,False,True,,5817.0,Ron and Joyce Schipper Stadium,2964,Central College,iii,American Rivers,56.0,"[21, 14, 0, 21]",,,,63,Buena Vista,iii,American Rivers,22.0,"[0, 6, 3, 13]",,,,,,,
401549657,2023,10,regular,2023-11-04T18:00:00.000Z,False,True,False,True,,3945.0,Strong Stadium,266,Beloit,iii,Midwest,17.0,"[0, 3, 0, 14]",,,,2891,Ripon,iii,Midwest,52.0,"[21, 14, 14, 3]",,,,,,,
401544888,2023,10,regular,2023-11-04T18:00:00.000Z,False,True,False,True,,6070.0,Bob Young Field,2894,Sioux Falls,ii,Northern Sun,20.0,"[3, 0, 7, 10]",,,,2844,Wayne State (NE),ii,Northern Sun,28.0,"[7, 14, 0, 7]",,,,,,,
401547128,2023,10,regular,2023-11-04T18:00:00.000Z,False,True,True,True,,6091.0,Abel Stadium,6845,Nebraska Wesleyan,iii,American Rivers,0.0,"[0, 0, 0, 0]",,,,2685,Wartburg,iii,American Rivers,45.0,"[21, 14, 10, 0]",,,,,,,
401550190,2023,10,regular,2023-11-04T18:00:00.000Z,False,True,False,True,,5813.0,Klein Field at Manitou,133,St. Olaf,iii,Minnesota,10.0,"[0, 7, 0, 3]",,,,2600,Saint John's (MN),iii,Minnesota,49.0,"[21, 7, 14, 7]",,,,,,,
401541870,2023,10,regular,2023-11-04T18:00:00.000Z,False,True,False,True,,3957.0,Tiger Stadium (AL),2695,West Alabama,ii,Gulf South,14.0,"[7, 0, 7, 0]",,,,2673,Valdosta State,ii,Gulf South,20.0,"[14, 0, 6, 0]",,,,,,,
401545818,2023,10,regular,2023-11-04T18:00:00.000Z,False,True,False,True,,5874.0,Chet Anderson Stadium,132,Bemidji State,ii,Northern Sun,27.0,"[0, 7, 14, 6]",,,,2817,Minnesota St Moorhead,ii,Northern Sun,14.0,"[7, 0, 7, 0]",,,,,,,
401549680,2023,10,regular,2023-11-04T18:00:00.000Z,False,True,False,True,,5913.0,Warrior Field at Raabe Stadium,2741,Wisconsin Lutheran,iii,NACC,28.0,"[14, 0, 7, 7]",,,,2151,Concordia Chicago,iii,NACC,21.0,"[0, 7, 7, 7]",,,,,,,
401549689,2023,10,regular,2023-11-04T18:00:00.000Z,False,True,False,True,,5827.0,Tomasini Stadium,409,Concordia (WI),iii,NACC,66.0,"[21, 24, 7, 14]",,,,2524,Rockford,iii,NACC,21.0,"[0, 7, 7, 7]",,,,,,,
401547012,2023,10,regular,2023-11-04T18:00:00.000Z,False,True,False,True,,6553.0,Helen and Leonard Moretz Stadium,2331,Lenoir Rhyne,ii,South Atlantic,28.0,"[14, 7, 7, 0]",,,,2107,Catawba,ii,South Atlantic,7.0,"[0, 0, 7, 0]",,,,,,,
401550205,2023,10,regular,2023-11-04T18:00:00.000Z,False,True,False,True,,5908.0,Harley Knosher Bowl,255,Knox,iii,Midwest,48.0,"[13, 14, 14, 7]",,,,268,Lawrence,iii,Midwest,28.0,"[14, 7, 0, 7]",,,,,,,
401550238,2023,10,regular,2023-11-04T18:00:00.000Z,False,True,False,True,,6284.0,Village of Lisle-Benedictine University Sports Complex,2283,Benedictine (IL),iii,NACC,41.0,"[0, 21, 20, 0]",,,,101,Eureka,iii,NACC,21.0,"[0, 14, 7, 0]",,,,,,,
401549671,2023,10,regular,2023-11-04T18:00:00.000Z,False,True,False,True,,6084.0,April Zorn Memorial Stadium,2919,Monmouth (IL),iii,Midwest,16.0,"[7, 9, 0, 0]",,,,262,Lake Forest,iii,Midwest,14.0,"[0, 0, 7, 7]",,,,,,,
401549665,2023,10,regular,2023-11-04T18:00:00.000Z,False,True,False,True,,5828.0,Van Metre Field at Ash Park,2155,Cornell (IA),iii,Midwest,34.0,"[7, 13, 14, 0]",,,,2286,Illinois College,iii,Midwest,76.0,"[35, 24, 7, 10]",,,,,,,
401546003,2023,10,regular,2023-11-04T18:00:00.000Z,False,True,False,True,,3860.0,O'Harra Stadium,613,South Dakota Mines,ii,Rocky Mountain,28.0,"[7, 7, 7, 7]",,,,2570,CSU Pueblo,ii,Rocky Mountain,35.0,"[14, 14, 7, 0]",,,,,,,
401541137,2023,10,regular,2023-11-04T18:00:00.000Z,False,True,False,True,,5911.0,Ralph E. Davis Pioneer Stadium,272,Wisconsin Platteville,iii,Wisconsin,22.0,"[13, 3, 6, 0]",,,,271,Wisconsin Oshkosh,iii,Wisconsin,7.0,"[0, 0, 7, 0]",,,,,,,
401550430,2023,10,regular,2023-11-04T18:00:00.000Z,False,True,False,True,,5903.0,Community Stadium at Goerke Park,2743,Wisconsin Stevens Point,iii,Wisconsin,0.0,"[0, 0, 0, 0]",,,,2745,Wisconsin Whitewater,iii,Wisconsin,48.0,"[14, 17, 10, 7]",,,,,,,
401541051,2023,10,regular,2023-11-04T18:00:00.000Z,False,True,False,True,,6125.0,Bulldog Stadium (TX),2639,Texas Lutheran,iii,American Southwest,33.0,"[7, 6, 13, 7]",,,,241,McMurry,iii,American Southwest,36.0,"[3, 6, 7, 20]",,,,,,,
401547105,2023,10,regular,2023-11-04T18:00:00.000Z,False,True,False,True,,5836.0,Chalmers Field,49,Dubuque,iii,American Rivers,20.0,"[3, 0, 7, 7, 3]",,,,2141,Coe,iii,American Rivers,23.0,"[7, 3, 0, 7, 6]",,,,,,,
401550160,2023,10,regular,2023-11-04T18:00:00.000Z,False,True,False,True,,5928.0,Macalester Stadium,2359,Macalester,iii,Minnesota,34.0,"[14, 7, 0, 13]",,,,124,Augsburg,iii,Minnesota,42.0,"[14, 21, 0, 7]",,,,,,,
401545998,2023,10,regular,2023-11-04T18:00:00.000Z,False,True,False,True,,5883.0,Marv Kay Stadium at Campbell Field,2146,Colorado School of Mines,ii,Rocky Mountain,77.0,"[28, 14, 14, 21]",,,,2424,New Mexico Highlands,ii,Rocky Mountain,3.0,"[0, 0, 3, 0]",,,,,,,
401541964,2023,10,regular,2023-11-04T18:00:00.000Z,False,True,False,True,,5942.0,Francis G. Welch Stadium,2214,Emporia State,ii,Mid America,63.0,"[21, 21, 14, 7]",,,,2403,Missouri Southern State,ii,Mid America,28.0,"[7, 0, 14, 7]",,,,,,,
401540112,2023,10,regular,2023-11-04T18:00:00.000Z,False,True,False,True,,3809.0,Louis Crews Stadium,2010,Alabama A&M,fcs,SWAC,28.0,"[14, 7, 0, 7]",0.0,,,50,Florida A&M,fcs,SWAC,42.0,"[17, 7, 11, 7]",1.0,,,5.528263256331187,,,
401540367,2023,10,regular,2023-11-04T18:00:00.000Z,False,True,False,True,,3909.0,Roy Stewart Stadium,93,Murray State,fcs,MVFC,31.0,"[0, 10, 7, 14]",0.0019034945871680975,,,155,North Dakota,fcs,MVFC,45.0,"[10, 14, 7, 14]",0.9980965054128319,,,3.808069069961948,,,
401540460,2023,10,regular,2023-11-04T18:00:00.000Z,False,True,False,True,,3655.0,Brown Field,2674,Valparaiso,fcs,Pioneer,21.0,"[7, 7, 0, 7]",0.9813052415847778,,,2168,Dayton,fcs,Pioneer,7.0,"[0, 0, 7, 0]",0.018694758415222168,,,2.721228571484512,,,
401540498,2023,10,regular,2023-11-04T18:00:00.000Z,False,True,False,True,,7003.0,Houck Field,2546,Southeast Missouri State,fcs,Big South-OVC,20.0,"[3, 14, 3, 0]",0.17726288735866547,,,2523,Robert Morris,fcs,Big South,21.0,"[14, 0, 7, 0]",0.8227371126413345,,,6.239390601292127,,,
401550321,2023,10,regular,2023-11-04T18:00:00.000Z,False,True,False,True,,6138.0,Wilson Field,2688,Washington and Lee,iii,Old Dominion,31.0,"[17, 7, 7, 0]",,,,2079,Bridgewater,iii,Old Dominion,21.0,"[0, 7, 0, 14]",,,,,,,
401540551,2023,10,regular,2023-11-04T18:00:00.000Z,False,True,False,True,,3774.0,Jayne Stadium,2413,Morehead State,fcs,Pioneer,7.0,"[7, 0, 0, 0]",0.0031905854120850563,,,2086,Butler,fcs,Pioneer,49.0,"[21, 14, 7, 7]",0.9968094145879149,,,2.25050299788637,,,
401545846,2023,10,regular,2023-11-04T18:00:00.000Z,False,True,False,True,,5780.0,Altra Federal Credit Union Stadium,2851,Winona State,ii,Northern Sun,42.0,"[7, 0, 14, 21]",,,,2364,Minnesota State,ii,Northern Sun,49.0,"[14, 14, 14, 7]",,,,,,,
401549648,2023,10,regular,2023-11-04T18:00:00.000Z,False,True,False,True,,5115.0,McCully Stadium,396,Wheaton (IL),iii,CCIW,36.0,"[0, 14, 7, 15]",,,,143,Washington St. Louis,iii,CCIW,35.0,"[7, 6, 7, 15]",,,,,,,
401544943,2023,10,regular,2023-11-04T18:00:00.000Z,False,True,False,True,,5816.0,Art Keller Field,2106,Carthage,iii,CCIW,13.0,"[0, 0, 7, 6]",,,,2042,Augustana (IL),iii,CCIW,16.0,"[0, 3, 6, 7]",,,,,,,
401540807,2023,10,regular,2023-11-04T18:00:00.000Z,False,True,False,True,,3967.0,UNI-Dome,2460,Northern Iowa,fcs,MVFC,50.0,"[21, 12, 14, 3]",0.9778378009796143,,,2710,Western Illinois,fcs,MVFC,6.0,"[0, 0, 0, 6]",0.022162199020385742,,,2.3825538379834237,,,
401550229,2023,10,regular,2023-11-04T18:00:00.000Z,False,True,False,False,,3922.0,Kenneth R. Gill Stadium,2700,McDaniel,iii,Centennial,20.0,"[0, 7, 7, 6]",,,,2532,Salisbury,iii,New Jersey,59.0,"[17, 14, 21, 7]",,,,,,,
401550433,2023,10,regular,2023-11-04T18:00:00.000Z,False,True,False,True,,6081.0,Harper Davis Field,2398,Millsaps,iii,Southern Athletic,13.0,"[10, 0, 0, 3]",,,,2588,Southwestern U,iii,Southern Athletic,42.0,"[0, 35, 7, 0]",,,,,,,
401547124,2023,10,regular,2023-11-04T18:00:00.000Z,False,True,False,False,,5923.0,Legacy Field in Carlson Stadium,67,Luther,iii,American Rivers,21.0,"[0, 7, 0, 14]",,,,101161,Lyon,,,28.0,"[7, 7, 14, 0]",,,,,,,
401550419,2023,10,regular,2023-11-04T18:00:00.000Z,False,True,False,True,,5901.0,David Smith Stadium at Ramer Field,2723,Wisconsin River Falls,iii,Wisconsin,28.0,"[7, 0, 13, 8]",,,,2740,Wisconsin La Crosse,iii,Wisconsin,31.0,"[14, 10, 7, 0]",,,,,,,
401541780,2023,10,regular,2023-11-04T18:00:00.000Z,False,True,False,True,,6065.0,Cliff Harris Stadium,2888,Ouachita Baptist,ii,Great American,55.0,"[14, 17, 14, 10]",,,,319,Oklahoma Baptist,ii,Great American,14.0,"[7, 0, 0, 7]",,,,,,,
401547005,2023,10,regular,2023-11-04T18:00:00.000Z,False,True,False,True,,4428.0,Saxon Stadium,2385,Mercyhurst,ii,Pennsylvania State Athletic,0.0,"[0, 0, 0, 0]",,,,611,Seton Hill,ii,Pennsylvania State Athletic,14.0,"[7, 7, 0, 0]",,,,,,,
401550166,2023,10,regular,2023-11-04T18:00:00.000Z,False,True,False,True,,5804.0,Royal Stadium,2802,Bethel (MN),iii,Minnesota,31.0,"[7, 10, 7, 7]",,,,2152,Concordia (MN),iii,Minnesota,14.0,"[7, 0, 0, 7]",,,,,,,
401525542,2023,10,regular,2023-11-04T18:00:00.000Z,False,True,False,True,42606.0,3923.0,Scott Stadium,258,Virginia,fbs,ACC,17.0,"[7, 3, 0, 7]",0.005608134903013706,1354.0,1275.0,59,Georgia Tech,fbs,ACC,45.0,"[3, 21, 7, 14]",0.9943918650969863,1344.0,1423.0,4.96258566057852,,,
401547174,2023,10,regular,2023-11-04T18:00:00.000Z,False,True,False,True,,4463.0,Crusader Stadium,2371,Mary Hardin Baylor,iii,American Southwest,21.0,"[0, 12, 6, 3]",,,,2194,East Texas Baptist,iii,American Southwest,12.0,"[10, 2, 0, 0]",,,,,,,
401550047,2023,10,regular,2023-11-04T18:00:00.000Z,False,True,False,True,,5839.0,Langhorst Field,72,Elmhurst,iii,CCIW,8.0,"[0, 0, 8, 0]",,,,75,North Park,iii,CCIW,31.0,"[0, 24, 7, 0]",,,,,,,
401540536,2023,10,regular,2023-11-04T18:30:00.000Z,False,True,False,True,,3962.0,Tucker Stadium,2635,Tennessee Tech,fcs,Big South-OVC,41.0,"[7, 7, 17, 7, 3]",0.4334031939506531,,,2630,UT Martin,fcs,Big South-OVC,44.0,"[0, 21, 0, 17, 6]",0.5665968060493469,,,8.517732498908968,,,
401520361,2023,10,regular,2023-11-04T18:30:00.000Z,False,True,True,False,52401.0,3937.0,Sports Authority Field at Mile High,2005,Air Force,fbs,Mountain West,3.0,"[0, 3, 0, 0]",0.2183316946029663,1769.0,1663.0,349,Army,fbs,FBS Independents,23.0,"[17, 6, 0, 0]",0.7816683053970337,1255.0,1361.0,2.924990107062735,,,
401540248,2023,10,regular,2023-11-04T19:00:00.000Z,False,True,False,True,,3856.0,Nottingham Field,2458,Northern Colorado,fcs,Big Sky,13.0,"[0, 7, 0, 6]",0.2126714140176773,,,70,Idaho,fcs,Big Sky,27.0,"[3, 7, 7, 10]",0.7873285859823227,,,4.243294373145313,,,
401553854,2023,10,regular,2023-11-04T19:00:00.000Z,False,True,False,True,,3643.0,Bobcat Stadium,147,Montana State,fcs,Big Sky,45.0,"[14, 14, 10, 7]",1.0,,,2464,Northern Arizona,fcs,Big Sky,21.0,"[0, 7, 0, 14]",0.0,,,2.7578146198226317,,,
401540481,2023,10,regular,2023-11-04T19:00:00.000Z,False,True,False,True,,3749.0,Hunter Stadium,2815,Lindenwood,fcs,Big South-OVC,10.0,"[0, 3, 0, 7]",0.10793615877628326,,,2197,Eastern Illinois,fcs,Big South-OVC,16.0,"[16, 0, 0, 0]",0.8920638412237167,,,3.861857674678537,,,
401541880,2023,10,regular,2023-11-04T19:00:00.000Z,False,True,False,True,,6053.0,Robinson-Hale Stadium,2401,Mississippi College,ii,Gulf South,14.0,"[7, 0, 0, 7]",,,,110242,West Florida,ii,Gulf South,42.0,"[0, 14, 21, 7]",,,,,,,
401531383,2023,10,regular,2023-11-04T19:00:00.000Z,False,True,False,True,20676.0,7221.0,Protective Stadium,5,UAB,fbs,American Athletic,45.0,"[7, 21, 7, 10]",0.9052034616470337,1365.0,1367.0,2226,Florida Atlantic,fbs,American Athletic,42.0,"[0, 14, 14, 14]",0.09479653835296631,1448.0,1446.0,6.263614011207163,,,
401540130,2023,10,regular,2023-11-04T19:00:00.000Z,False,True,False,True,,3771.0,Jack Spinks Stadium,2016,Alcorn State,fcs,SWAC,44.0,"[24, 10, 7, 3]",0.9931344985961914,,,2582,Southern,fcs,SWAC,21.0,"[7, 7, 0, 7]",0.006865501403808594,,,3.24492423119064,,,
401540210,2023,10,regular,2023-11-04T19:00:00.000Z,False,True,False,False,,3706.0,Eccles Coliseum,253,Southern Utah,fcs,UAC,35.0,"[0, 7, 21, 7]",0.8259868025779724,,,124179,Lincoln (CA),,,6.0,"[0, 6, 0, 0]",0.1740131974220276,,,3.7821277092067556,,,
401540706,2023,10,regular,2023-11-04T19:00:00.000Z,False,True,False,True,,6040.0,Key Stadium,2292,Indianapolis,ii,Great Lakes,16.0,"[3, 0, 7, 6]",,,,2816,McKendree,ii,Great Lakes,21.0,"[7, 14, 0, 0]",,,,,,,
401531399,2023,10,regular,2023-11-04T19:00:00.000Z,False,True,False,True,17354.0,3825.0,DATCU Stadium,249,North Texas,fbs,American Athletic,29.0,"[0, 13, 0, 16]",0.08266671746969223,1396.0,1398.0,2636,UTSA,fbs,American Athletic,37.0,"[10, 17, 3, 7]",0.9173332825303078,1626.0,1624.0,4.711082384013757,,,
401531908,2023,10,regular,2023-11-04T19:00:00.000Z,False,True,False,True,15881.0,3625.0,Centennial Bank Stadium,2032,Arkansas State,fbs,Sun Belt,37.0,"[14, 6, 7, 10]",0.9957225322723389,1106.0,1210.0,309,Louisiana,fbs,Sun Belt,17.0,"[7, 3, 7, 0]",0.004277467727661133,1584.0,1480.0,3.411981091034405,,,
401540386,2023,10,regular,2023-11-04T19:00:00.000Z,False,True,False,True,,5237.0,Dana J. Dykhouse Stadium,2571,South Dakota State,fcs,MVFC,33.0,"[7, 13, 7, 6]",0.9814343452453613,,,2449,North Dakota State,fcs,MVFC,16.0,"[6, 3, 0, 7]",0.018565654754638672,,,3.033757114832077,,,
401540162,2023,10,regular,2023-11-04T19:00:00.000Z,False,True,False,True,,3976.0,Mississippi Veterans Memorial Stadium,2296,Jackson State,fcs,SWAC,21.0,"[7, 14, 0, 0]",,,,2640,Texas Southern,fcs,SWAC,19.0,"[0, 7, 6, 6]",,,,,,,
401541982,2023,10,regular,2023-11-04T19:00:00.000Z,False,True,False,True,,6062.0,Gable Field at Doc Wadley Stadium,196,Northeastern State,ii,Mid America,0.0,"[0, 0, 0, 0]",,,,138,Northwest Missouri State,ii,Mid America,52.0,"[10, 21, 7, 14]",,,,,,,
401545807,2023,10,regular,2023-11-04T19:00:00.000Z,False,True,False,True,,3951.0,Swisher Field,425,Northern State,ii,Northern Sun,21.0,"[0, 0, 7, 14]",,,,2043,Augustana (SD),ii,Northern Sun,31.0,"[14, 3, 0, 14]",,,,,,,
401541766,2023,10,regular,2023-11-04T19:00:00.000Z,False,True,False,True,,6073.0,Milam Stadium,2927,Southwestern Oklahoma State,ii,Great American,0.0,"[0, 0, 0, 0]",,,,2271,Henderson State,ii,Great American,56.0,"[21, 14, 14, 7]",,,,,,,
401544906,2023,10,regular,2023-11-04T19:00:00.000Z,False,True,False,True,,5877.0,Lyle Hare Stadium,2069,Black Hills State,ii,Rocky Mountain,35.0,"[14, 7, 7, 7]",,,,2001,Adams State,ii,Rocky Mountain,28.0,"[7, 7, 7, 7]",,,,,,,
401540360,2023,10,regular,2023-11-04T19:00:00.000Z,False,True,False,True,,3963.0,Harry Turpin Stadium,2466,Northwestern State,fcs,Southland,0.0,[0],,,,2277,Houston Christian,fcs,Southland,1.0,[1],,,,,,,
401550314,2023,10,regular,2023-11-04T19:00:00.000Z,False,True,False,True,,5892.0,Armfield Athletic Center,2258,Guilford,iii,Old Dominion,13.0,"[13, 0, 0, 0]",,,,2047,Averett,iii,Old Dominion,34.0,"[14, 7, 3, 10]",,,,,,,
401531425,2023,10,regular,2023-11-04T19:00:00.000Z,False,True,False,True,30223.0,3805.0,Simmons Bank Liberty Stadium,235,Memphis,fbs,American Athletic,59.0,"[21, 14, 10, 14]",0.8836769461631775,1586.0,1576.0,58,South Florida,fbs,American Athletic,50.0,"[7, 21, 14, 8]",0.11632305383682251,1183.0,1193.0,6.589302203734734,,,
401540626,2023,10,regular,2023-11-04T19:00:00.000Z,False,True,False,True,,3737.0,Gibbs Stadium,2747,Wofford,fcs,Southern,25.0,"[8, 7, 7, 3]",0.15794715285301208,,,2717,Western Carolina,fcs,Southern,28.0,"[0, 18, 7, 3]",0.8420528471469879,,,6.590194216156346,,,
401540107,2023,10,regular,2023-11-04T19:00:00.000Z,False,True,False,True,,3878.0,Plaster Sports Complex,2623,Missouri State,fcs,MVFC,35.0,"[7, 7, 7, 14]",0.0,,,2287,Illinois State,fcs,MVFC,36.0,"[14, 3, 3, 16]",1.0,,,8.27334997362872,,,
401540224,2023,10,regular,2023-11-04T19:00:00.000Z,False,True,False,True,,5440.0,Wildcat Stadium (TX),2000,Abilene Christian,fcs,UAC,24.0,"[7, 7, 3, 7]",0.9917778968811035,,,3101,Utah Tech,fcs,UAC,7.0,"[0, 7, 0, 0]",0.008222103118896484,,,3.5257742765911773,,,
401541773,2023,10,regular,2023-11-04T19:00:00.000Z,False,True,False,True,,4763.0,Ranger Field,2823,Northwestern (OK),ii,Great American,14.0,"[0, 0, 7, 7]",,,,2568,Southern Arkansas,ii,Great American,42.0,"[14, 21, 0, 7]",,,,,,,
401540783,2023,10,regular,2023-11-04T19:00:00.000Z,False,True,False,True,,5871.0,Convoy Leslie Cotton Boll Stadium,2028,Arkansas Monticello,ii,Great American,14.0,[],,,,200,Southern Nazarene,ii,Great American,41.0,[],,,,,,,
401540138,2023,10,regular,2023-11-04T19:00:00.000Z,False,True,False,True,,5238.0,Panther Stadium,2504,Prairie View A&M,fcs,SWAC,38.0,"[14, 10, 7, 7]",0.9930102825164795,,,2029,Arkansas-Pine Bluff,fcs,SWAC,14.0,"[0, 0, 7, 7]",0.006989717483520508,,,1.9743951523124321,,,
401545987,2023,10,regular,2023-11-04T19:00:00.000Z,False,True,False,True,,5882.0,Ralph Stocker Stadium,11,Colorado Mesa,ii,Rocky Mountain,38.0,"[7, 10, 21, 0]",,,,2123,Chadron State,ii,Rocky Mountain,22.0,"[0, 0, 14, 8]",,,,,,,
401544934,2023,10,regular,2023-11-04T19:00:00.000Z,False,True,False,True,,6044.0,Lane Field,2323,Lane College,ii,SIAC,27.0,"[0, 7, 14, 0, 6]",,,,2542,Savannah State,ii,SIAC,21.0,"[0, 0, 0, 21, 0]",,,,,,,
401546008,2023,10,regular,2023-11-04T19:00:00.000Z,False,True,False,True,,5782.0,Mountaineer Bowl,2714,Western Colorado,ii,Rocky Mountain,57.0,"[12, 14, 14, 17]",,,,2237,Fort Lewis,ii,Rocky Mountain,3.0,"[3, 0, 0, 0]",,,,,,,
401541947,2023,10,regular,2023-11-04T19:00:00.000Z,False,True,False,True,,5878.0,Wantland Stadium,2122,Central Oklahoma,ii,Mid America,41.0,"[3, 17, 7, 14]",,,,2687,Washburn,ii,Mid America,7.0,"[7, 0, 0, 0]",,,,,,,
401539991,2023,10,regular,2023-11-04T19:30:00.000Z,False,True,False,True,,3862.0,O'Kelly-Riddick Stadium,2428,North Carolina Central,fcs,MEAC,38.0,"[14, 14, 0, 10]",0.968446671962738,,,2450,Norfolk State,fcs,MEAC,24.0,"[3, 7, 14, 0]",0.03155332803726196,,,4.336919183809586,,,
401520373,2023,10,regular,2023-11-04T19:30:00.000Z,False,True,True,True,,4250.0,Wrigley Field,77,Northwestern,fbs,Big Ten,7.0,"[0, 0, 0, 7]",0.6489949226379395,1367.0,1379.0,2294,Iowa,fbs,Big Ten,10.0,"[0, 0, 7, 3]",0.35100507736206055,1660.0,1648.0,4.3099167131976115,,,
401520367,2023,10,regular,2023-11-04T19:30:00.000Z,False,True,False,True,51802.0,3665.0,SECU Stadium,120,Maryland,fbs,Big Ten,15.0,"[0, 7, 0, 8]",0.006653451360762119,1661.0,1597.0,213,Penn State,fbs,Big Ten,51.0,"[14, 7, 3, 27]",0.9933465486392379,1975.0,2039.0,3.7661766254496154,,,
401525543,2023,10,regular,2023-11-04T19:30:00.000Z,False,True,False,True,49945.0,3873.0,L&N Federal Credit Union Stadium,97,Louisville,fbs,ACC,34.0,"[7, 7, 13, 7]",0.9955888986587524,1717.0,1779.0,259,Virginia Tech,fbs,ACC,3.0,"[0, 3, 0, 0]",0.004411101341247559,1538.0,1476.0,1.8210180575860344,,,
401531906,2023,10,regular,2023-11-04T19:30:00.000Z,False,True,False,True,15320.0,4246.0,Center Parc Stadium,2247,Georgia State,fbs,Sun Belt,14.0,"[7, 0, 7, 0]",0.017584683373570442,1491.0,1436.0,256,James Madison,fbs,Sun Belt,42.0,"[7, 7, 14, 14]",0.9824153166264296,1670.0,1725.0,4.3701446791848575,,,
401525880,2023,10,regular,2023-11-04T19:30:00.000Z,False,True,False,True,41180.0,4727.0,McLane Stadium,239,Baylor,fbs,Big 12,24.0,"[0, 0, 7, 10, 7]",0.5680710077285767,1452.0,1452.0,248,Houston,fbs,Big 12,25.0,"[0, 7, 3, 7, 8]",0.43192899227142334,1482.0,1482.0,5.229716800900417,,,
401531374,2023,10,regular,2023-11-04T19:30:00.000Z,False,True,False,True,33765.0,3699.0,Dowdy-Ficklen Stadium,151,East Carolina,fbs,American Athletic,10.0,"[10, 0, 0, 0]",0.028518568724393845,1336.0,1348.0,2655,Tulane,fbs,American Athletic,13.0,"[0, 10, 0, 3]",0.9714814312756062,1630.0,1618.0,3.617686073396929,,,
401520364,2023,10,regular,2023-11-04T19:30:00.000Z,False,True,False,True,92746.0,3917.0,Sanford Stadium,61,Georgia,fbs,SEC,30.0,"[3, 7, 14, 6]",0.7125607132911682,2073.0,2060.0,142,Missouri,fbs,SEC,21.0,"[7, 3, 3, 8]",0.2874392867088318,1630.0,1643.0,6.313168714767845,,,
401534856,2023,10,regular,2023-11-04T19:30:00.000Z,False,True,False,True,,3864.0,Oliver C. Dawson Stadium,2569,South Carolina State,fcs,MEAC,27.0,"[7, 3, 17, 0]",,,,47,Howard,fcs,MEAC,24.0,"[7, 0, 7, 10]",,,,,,,
401525883,2023,10,regular,2023-11-04T19:30:00.000Z,False,True,False,True,54105.0,3646.0,Boone Pickens Stadium,197,Oklahoma State,fbs,Big 12,27.0,"[7, 10, 0, 10]",0.8915454149246216,1624.0,1629.0,201,Oklahoma,fbs,Big 12,24.0,"[7, 7, 7, 3]",0.10845458507537842,1911.0,1906.0,6.691184870230753,,,
401525881,2023,10,regular,2023-11-04T19:30:00.000Z,False,True,False,True,38193.0,3854.0,Nippert Stadium,2132,Cincinnati,fbs,Big 12,26.0,"[3, 7, 7, 9]",0.08286045491695404,1430.0,1431.0,2116,UCF,fbs,Big 12,28.0,"[7, 7, 7, 7]",0.917139545083046,1508.0,1507.0,7.591670445701816,,,
401520400,2023,10,regular,2023-11-04T19:30:00.000Z,False,True,False,False,14672.0,3985.0,Warren McGuirk Alumni Stadium,113,Massachusetts,fbs,FBS Independents,31.0,"[7, 7, 3, 14]",0.9939826130867004,958.0,958.0,2771,Merrimack,fcs,NEC,21.0,"[7, 0, 0, 14]",0.0060173869132995605,,,3.5061604880604023,,,
401531907,2023,10,regular,2023-11-04T19:30:00.000Z,False,True,False,True,17982.0,3918.0,S.B. Ballard Stadium,295,Old Dominion,fbs,Sun Belt,24.0,"[7, 0, 14, 3]",0.8057516813278198,1389.0,1389.0,324,Coastal Carolina,fbs,Sun Belt,28.0,"[0, 6, 7, 15]",0.19424831867218018,1491.0,1491.0,6.325881299317668,,,
401525541,2023,10,regular,2023-11-04T19:30:00.000Z,False,True,False,True,57557.0,3752.0,Acrisure Stadium,221,Pittsburgh,fbs,ACC,7.0,"[0, 7, 0, 0]",0.16028881072998047,1438.0,1448.0,52,Florida State,fbs,ACC,24.0,"[0, 10, 14, 0]",0.8397111892700195,1976.0,1966.0,5.007838411039518,,,
401520370,2023,10,regular,2023-11-04T19:30:00.000Z,False,True,False,True,42906.0,3953.0,Huntington Bank Stadium,135,Minnesota,fbs,Big Ten,26.0,"[7, 10, 3, 6]",0.7289379835128784,1595.0,1589.0,356,Illinois,fbs,Big Ten,27.0,"[14, 0, 7, 6]",0.2710620164871216,1503.0,1509.0,6.773785613588294,,,
401541759,2023,10,regular,2023-11-04T20:00:00.000Z,False,True,False,True,,5885.0,First Security Stadium,2264,Harding,ii,Great American,48.0,"[7, 14, 21, 6]",,,,2191,East Central,ii,Great American,7.0,"[0, 0, 0, 7]",,,,,,,
401544094,2023,10,regular,2023-11-04T20:00:00.000Z,False,True,False,True,,6148.0,The Pine Bowl,2721,Whitworth,iii,Northwest,24.0,"[7, 3, 0, 14]",,,,415,George Fox,iii,Northwest,13.0,"[3, 3, 0, 7]",,,,,,,
401540380,2023,10,regular,2023-11-04T20:00:00.000Z,False,True,False,True,,3882.0,Provost Umphrey Stadium,2320,Lamar,fcs,Southland,41.0,"[7, 14, 7, 13]",1.0,,,2837,East Texas A&M,fcs,Southland,21.0,"[0, 7, 0, 14]",0.0,,,3.2314319425073696,,,
401531909,2023,10,regular,2023-11-04T20:00:00.000Z,False,True,False,True,20193.0,3815.0,M. M. Roberts Stadium,2572,Southern Miss,fbs,Sun Belt,24.0,"[17, 0, 0, 7]",1.0,1125.0,1158.0,2433,UL Monroe,fbs,Sun Belt,7.0,"[0, 0, 7, 0]",0.0,1080.0,1047.0,2.735718318524202,,,
401540476,2023,10,regular,2023-11-04T20:00:00.000Z,False,True,False,True,,3658.0,Buccaneer Field,2127,Charleston Southern,fcs,Big South-OVC,35.0,"[14, 7, 0, 14]",0.705224871635437,,,2634,Tennessee State,fcs,Big South-OVC,21.0,"[0, 7, 7, 7]",0.294775128364563,,,4.978127987259212,,,
401532610,2023,10,regular,2023-11-04T20:00:00.000Z,False,True,False,True,15540.0,3816.0,Mackay Stadium,2440,Nevada,fbs,Mountain West,14.0,"[0, 0, 14, 0]",0.22796601057052612,1232.0,1180.0,62,Hawai'i,fbs,Mountain West,27.0,"[0, 17, 7, 3]",0.7720339894294739,1010.0,1062.0,4.123071933693508,,,
401540395,2023,10,regular,2023-11-04T20:00:00.000Z,False,True,False,True,,3944.0,Strawberry Stadium,2545,SE Louisiana,fcs,Southland,38.0,"[14, 7, 7, 10]",0.8978278040885925,,,2377,McNeese,fcs,Southland,24.0,"[7, 0, 17, 0]",0.10217219591140747,,,4.038549803358736,,,
401544202,2023,10,regular,2023-11-04T20:00:00.000Z,False,True,False,True,,3734.0,Gayle and Tom Benson Stadium,2916,Incarnate Word,fcs,Southland,32.0,"[10, 3, 6, 13]",0.020883016288280487,,,2447,Nicholls,fcs,Southland,45.0,"[0, 24, 14, 7]",0.9791169837117195,,,4.469305227494199,,,
401520379,2023,10,regular,2023-11-04T20:00:00.000Z,False,True,False,True,28500.0,3973.0,FirstBank Stadium,238,Vanderbilt,fbs,SEC,15.0,"[0, 7, 8, 0]",0.07734522223472595,1268.0,1261.0,2,Auburn,fbs,SEC,31.0,"[14, 3, 14, 0]",0.922654777765274,1583.0,1590.0,3.8254653180020886,,,
401550285,2023,10,regular,2023-11-04T20:00:00.000Z,False,True,False,True,,6099.0,Selby Stadium,2980,Ohio Wesleyan,iii,North Coast,28.0,"[14, 0, 7, 7]",,,,2746,Wittenberg,iii,North Coast,36.0,"[3, 7, 12, 14]",,,,,,,
401540232,2023,10,regular,2023-11-04T20:00:00.000Z,False,True,False,True,,3906.0,Roos Field,331,Eastern Washington,fcs,Big Sky,48.0,"[14, 31, 3, 0]",0.9957490563392639,,,13,Cal Poly,fcs,Big Sky,13.0,"[2, 7, 2, 2]",0.004250943660736084,,,2.77204169980466,,,
401531343,2023,10,regular,2023-11-04T20:00:00.000Z,False,True,False,True,20151.0,3674.0,Chapman Stadium,202,Tulsa,fbs,American Athletic,26.0,"[14, 3, 0, 9, 0]",0.5486639738082886,1097.0,1089.0,2429,Charlotte,fbs,American Athletic,33.0,"[0, 10, 5, 11, 7]",0.4513360261917114,1161.0,1169.0,7.001303134229341,,,
401550469,2023,10,regular,2023-11-04T20:00:00.000Z,False,True,False,True,,6102.0,Sparks Stadium,2486,Pacific Lutheran,iii,Northwest,19.0,"[0, 0, 0, 19]",,,,203,Linfield,iii,Northwest,42.0,"[0, 28, 7, 7]",,,,,,,
401541904,2023,10,regular,2023-11-04T20:05:00.000Z,False,True,False,True,,5783.0,McArthur Field,2848,Western Oregon,ii,Lone Star,27.0,"[7, 0, 7, 13]",,,,2658,Texas A&M-Kingsville,ii,Lone Star,34.0,"[0, 20, 0, 14]",,,,,,,
401547077,2023,10,regular,2023-11-04T21:00:00.000Z,False,True,False,True,,6027.0,Albert J. H. Sloan - Alumni Stadium,2396,Miles,ii,SIAC,35.0,[],,,,2657,Tuskegee,ii,SIAC,10.0,[],,,,,,,
401531910,2023,10,regular,2023-11-04T21:00:00.000Z,False,True,False,True,18204.0,3644.0,Bobcat Stadium (TX),326,Texas State,fbs,Sun Belt,45.0,"[7, 24, 14, 0]",0.987151026725769,1359.0,1424.0,290,Georgia Southern,fbs,Sun Belt,24.0,"[10, 0, 7, 7]",0.012848973274230957,1497.0,1432.0,3.523616815325734,,,
401540726,2023,10,regular,2023-11-04T21:00:00.000Z,False,True,False,True,,5870.0,Thone Stadium at Buerkle Field,2033,Arkansas Tech,ii,Great American,14.0,"[0, 7, 7, 0]",,,,199,Southeastern Oklahoma State,ii,Great American,7.0,"[0, 7, 0, 0]",,,,,,,
401540180,2023,10,regular,2023-11-04T21:00:00.000Z,False,True,False,True,,3908.0,Roy Kidd Stadium,2198,Eastern Kentucky,fcs,UAC,30.0,"[6, 0, 0, 21, 3]",0.245443620913053,,,2046,Austin Peay,fcs,UAC,33.0,"[10, 0, 0, 17, 6]",0.754556379086947,,,5.44878181,,,
401540190,2023,10,regular,2023-11-04T21:00:00.000Z,False,True,False,True,,4133.0,Braly Municipal Stadium,2453,North Alabama,fcs,UAC,14.0,"[0, 0, 8, 6]",0.04088696837425232,,,2110,Central Arkansas,fcs,UAC,27.0,"[14, 7, 3, 3]",0.9591130316257477,,,3.290182023685939,,,
401540121,2023,10,regular,2023-11-04T21:00:00.000Z,False,True,True,True,,3797.0,Ladd Peebles Stadium,2011,Alabama State,fcs,SWAC,17.0,"[7, 7, 0, 3]",0.970633864402771,,,2755,Grambling,fcs,SWAC,6.0,"[0, 0, 0, 6]",0.029366135597229004,,,2.307008055514619,,,
401524047,2023,10,regular,2023-11-04T21:30:00.000Z,False,True,False,True,54046.0,3626.0,Autzen Stadium,2483,Oregon,fbs,Pac-12,63.0,"[14, 21, 7, 21]",0.9920057654380798,1899.0,1976.0,25,California,fbs,Pac-12,19.0,"[10, 3, 6, 0]",0.007994234561920166,1502.0,1425.0,3.439449319763697,,,
401544142,2023,10,regular,2023-11-04T21:30:00.000Z,False,True,False,True,,3871.0,General Charles C. Krulak Stadium,3,Birmingham-Southern,iii,Southern Athletic,6.0,"[0, 0, 0, 6]",,,,2757,Berry,iii,Southern Athletic,53.0,"[21, 15, 14, 3]",,,,,,,
401547039,2023,10,regular,2023-11-04T22:00:00.000Z,False,True,False,False,,3705.0,Earl Kitchings Stadium,2206,Edward Waters,ii,SIAC,41.0,"[13, 7, 7, 14]",,,,2355,Virginia Lynchburg,,,17.0,"[10, 7, 0, 0]",,,,,,,
401532611,2023,10,regular,2023-11-04T22:00:00.000Z,False,True,False,True,12353.0,3971.0,University Stadium (NM),167,New Mexico,fbs,Mountain West,14.0,"[0, 7, 0, 7]",0.020533625036478043,1111.0,1029.0,2439,UNLV,fbs,Mountain West,56.0,"[14, 21, 14, 7]",0.979466374963522,1437.0,1519.0,2.7567852365806402,,,
401541853,2023,10,regular,2023-11-04T22:00:00.000Z,False,True,False,True,,5888.0,University Stadium (GA),2698,West Georgia,ii,Gulf South,13.0,"[7, 0, 6, 0]",,,,2170,Delta State,ii,Gulf South,47.0,"[0, 17, 9, 21]",,,,,,,
401531905,2023,10,regular,2023-11-04T22:00:00.000Z,False,True,False,True,34057.0,3792.0,Kidd Brewer Stadium,2026,App State,fbs,Sun Belt,31.0,"[0, 21, 7, 3]",1.0,1513.0,1556.0,276,Marshall,fbs,Sun Belt,9.0,"[0, 3, 6, 0]",0.0,1421.0,1378.0,3.209142999248104,,,
401549728,2023,10,regular,2023-11-04T22:00:00.000Z,False,True,False,True,,5899.0,"Alumni Stadium (Worcester, MA)",2749,WPI,iii,NEWMAC,21.0,"[0, 0, 14, 7]",,,,2557,Coast Guard,iii,NEWMAC,28.0,"[7, 14, 7, 0]",,,,,,,
401520372,2023,10,regular,2023-11-04T22:00:00.000Z,False,True,False,True,,3601.0,Aggie Memorial Stadium,166,New Mexico State,fbs,Conference USA,13.0,"[0, 10, 3, 0]",0.8887372612953186,1357.0,1361.0,2393,Middle Tennessee,fbs,Conference USA,7.0,"[0, 7, 0, 0]",0.1112627387046814,1293.0,1289.0,4.776073837181447,,,
401520366,2023,10,regular,2023-11-04T22:00:00.000Z,False,True,False,True,21647.0,3992.0,Williams Stadium (VA),2335,Liberty,fbs,Conference USA,56.0,"[14, 14, 14, 14]",1.0,1625.0,1650.0,2348,Louisiana Tech,fbs,Conference USA,30.0,"[3, 7, 14, 6]",0.0,1244.0,1219.0,2.5997424383270844,,,
401544915,2023,10,regular,2023-11-04T22:00:00.000Z,False,True,False,True,,7075.0,Electric Supply Company Field,122666,Barton,ii,South Atlantic,28.0,"[7, 7, 7, 7]",,,,2336,Limestone,ii,South Atlantic,33.0,"[14, 12, 7, 0]",,,,,,,
401540256,2023,10,regular,2023-11-04T22:00:00.000Z,False,True,False,True,,1930.0,Holt Arena,304,Idaho State,fcs,Big Sky,21.0,"[0, 0, 7, 14]",0.20251385867595673,,,2692,Weber State,fcs,Big Sky,33.0,"[0, 21, 0, 12]",0.7974861413240433,,,4.2359906657602275,,,
401541832,2023,10,regular,2023-11-04T22:30:00.000Z,False,True,False,True,,3769.0,Jack Britt Memorial Stadium,437,Lake Erie,ii,Great Midwest Athletic,37.0,"[6, 9, 7, 15, 0]",,,,2316,Kentucky Wesleyan,ii,Great Midwest Athletic,43.0,"[14, 6, 0, 17, 6]",,,,,,,
401540988,2023,10,regular,2023-11-04T23:00:00.000Z,False,True,False,True,,5869.0,LeGrand Stadium at 1st Community Credit Union Field,2025,Angelo State,ii,Lone Star,27.0,"[0, 17, 7, 3]",,,,2395,Midwestern State,ii,Lone Star,12.0,"[0, 0, 0, 12]",,,,,,,
401540284,2023,10,regular,2023-11-04T23:00:00.000Z,False,True,False,True,,3602.0,Aggie Stadium,302,UC Davis,fcs,Big Sky,37.0,"[7, 10, 0, 20]",0.9946054220199585,,,2502,Portland State,fcs,Big Sky,23.0,"[0, 7, 10, 6]",0.005394577980041504,,,4.231453996010671,,,
401525885,2023,10,regular,2023-11-04T23:00:00.000Z,False,True,False,True,50266.0,3842.0,Milan Puskar Stadium,277,West Virginia,fbs,Big 12,37.0,"[14, 13, 10, 0]",0.9907785058021545,1499.0,1577.0,252,BYU,fbs,Big 12,7.0,"[0, 0, 0, 7]",0.009221494197845459,1478.0,1400.0,2.057332432676787,,,
401532612,2023,10,regular,2023-11-04T23:00:00.000Z,False,True,False,True,23096.0,7311.0,Snapdragon Stadium,21,San Diego State,fbs,Mountain West,24.0,"[0, 7, 0, 10, 7, 0]",0.12053629010915756,1333.0,1321.0,328,Utah State,fbs,Mountain West,32.0,"[0, 3, 7, 7, 7, 8]",0.8794637098908424,1376.0,1388.0,6.119040303145772,,,
401540217,2023,10,regular,2023-11-04T23:00:00.000Z,False,True,False,True,,3827.0,"Memorial Stadium (Stephenville, TX)",2627,Tarleton State,fcs,UAC,59.0,"[28, 14, 10, 7]",0.9914065003395081,,,2617,Stephen F. Austin,fcs,UAC,17.0,"[10, 0, 0, 7]",0.008593499660491943,,,4.048469789732994,,,
401553007,2023,10,regular,2023-11-04T23:00:00.000Z,False,True,False,True,,6153.0,Hanson Stadium,205,Pacific (OR),iii,Northwest,64.0,"[28, 27, 9, 0]",,,,2930,Willamette,iii,Northwest,6.0,"[0, 0, 0, 6]",,,,,,,
401525882,2023,10,regular,2023-11-04T23:00:00.000Z,False,True,False,True,61500.0,3772.0,Jack Trice Stadium,66,Iowa State,fbs,Big 12,21.0,"[0, 3, 8, 10]",0.08622489869594574,1610.0,1594.0,2305,Kansas,fbs,Big 12,28.0,"[7, 7, 7, 7]",0.9137751013040543,1569.0,1585.0,4.542126043378558,,,
401531440,2023,10,regular,2023-11-04T23:30:00.000Z,False,True,False,True,21632.0,3895.0,Rice Stadium,242,Rice,fbs,American Athletic,31.0,"[7, 14, 7, 3]",0.20509982109069824,1315.0,1336.0,2567,SMU,fbs,American Athletic,36.0,"[14, 10, 9, 3]",0.7949001789093018,1775.0,1754.0,7.594252123016877,,,
401524048,2023,10,regular,2023-11-04T23:30:00.000Z,False,True,False,True,72243.0,477.0,Los Angeles Memorial Coliseum,30,USC,fbs,Pac-12,42.0,"[14, 14, 14, 0]",0.16711260378360748,1755.0,1743.0,264,Washington,fbs,Pac-12,52.0,"[7, 28, 7, 10]",0.8328873962163925,1852.0,1864.0,7.3183352903561705,,,
401520371,2023,10,regular,2023-11-04T23:30:00.000Z,False,True,False,True,52329.0,3693.0,Davis Wade Stadium,344,Mississippi State,fbs,SEC,3.0,"[0, 3, 0, 0]",0.0,1521.0,1476.0,96,Kentucky,fbs,SEC,24.0,"[7, 14, 3, 0]",1.0,1600.0,1645.0,3.1871900528112276,,,
401520368,2023,10,regular,2023-11-04T23:30:00.000Z,False,True,False,True,110245.0,3558.0,Michigan Stadium,130,Michigan,fbs,Big Ten,41.0,"[17, 3, 7, 14]",0.9668740630149841,2184.0,2180.0,2509,Purdue,fbs,Big Ten,13.0,"[0, 6, 0, 7]",0.03312593698501587,1444.0,1448.0,1.9840633555723588,,,
401520362,2023,10,regular,2023-11-04T23:45:00.000Z,False,True,False,True,100077.0,3657.0,Bryant-Denny Stadium,333,Alabama,fbs,SEC,42.0,"[14, 7, 14, 7]",1.0,1989.0,2014.0,99,LSU,fbs,SEC,28.0,"[7, 14, 7, 0]",0.0,1952.0,1927.0,6.143252103893256,,,
401525544,2023,10,regular,2023-11-05T00:00:00.000Z,False,True,False,True,56919.0,3670.0,Carter-Finley Stadium,152,NC State,fbs,ACC,20.0,"[7, 3, 0, 10]",1.0,1525.0,1558.0,2390,Miami,fbs,ACC,6.0,"[3, 3, 0, 0]",0.0,1582.0,1549.0,4.368949533211535,,,
401540263,2023,10,regular,2023-11-05T00:00:00.000Z,False,True,False,True,,3987.0,Washington-Grizzly Stadium,149,Montana,fcs,Big Sky,34.0,"[7, 14, 0, 13]",0.97690749168396,,,16,Sacramento State,fcs,Big Sky,7.0,"[7, 0, 0, 0]",0.02309250831604004,,,3.365584525906924,,,
401550879,2023,10,regular,2023-11-05T01:00:00.000Z,False,True,False,True,,5920.0,Griswold Stadium,2333,Lewis & Clark,iii,Northwest,66.0,"[0, 38, 21, 7]",,,,2508,Puget Sound,iii,Northwest,24.0,"[0, 12, 6, 6]",,,,,,,
401524050,2023,10,regular,2023-11-05T01:00:00.000Z,False,True,False,True,24385.0,3820.0,Gesa Field,265,Washington State,fbs,Pac-12,7.0,"[0, 7, 0, 0]",0.3706154525279999,1454.0,1435.0,24,Stanford,fbs,Pac-12,10.0,"[0, 0, 7, 3]",0.6293845474720001,1230.0,1249.0,4.889886678089942,,,
401520378,2023,10,regular,2023-11-05T01:00:00.000Z,False,True,False,True,11111.0,3946.0,Sun Bowl,2638,UTEP,fbs,Conference USA,13.0,"[0, 3, 0, 10]",0.16056902706623077,1171.0,1181.0,98,Western Kentucky,fbs,Conference USA,21.0,"[0, 0, 14, 7]",0.8394309729337692,1505.0,1495.0,4.857349767025422,,,
401550345,2023,10,regular,2023-11-05T02:00:00.000Z,False,True,False,True,,5811.0,William Rolland Stadium,2094,Cal Lutheran,iii,So. Cal.,13.0,"[3, 0, 10, 0]",,,,17,Claremont Mudd Scripps,iii,So. Cal.,30.0,"[0, 17, 0, 13]",,,,,,,
401532608,2023,10,regular,2023-11-05T02:00:00.000Z,False,True,False,True,41031.0,3660.0,Valley Children's Stadium,278,Fresno State,fbs,Mountain West,37.0,"[10, 10, 7, 10]",0.7793428301811218,1734.0,1735.0,68,Boise State,fbs,Mountain West,30.0,"[3, 7, 7, 13]",0.22065716981887817,1585.0,1584.0,4.187074307255116,,,
401544152,2023,10,regular,2023-11-05T02:00:00.000Z,False,True,False,True,,6103.0,Merritt Field,2923,Pomona Pitzer,iii,So. Cal.,20.0,"[0, 20, 0, 0]",,,,29,Redlands,iii,So. Cal.,7.0,"[0, 0, 7, 0]",,,,,,,
401550335,2023,10,regular,2023-11-05T02:00:00.000Z,False,True,False,True,,5819.0,Ernie Chapman Stadium,411,Chapman,iii,So. Cal.,37.0,"[10, 3, 10, 14]",,,,2318,La Verne,iii,So. Cal.,7.0,"[0, 0, 0, 7]",,,,,,,
401524046,2023,10,regular,2023-11-05T02:00:00.000Z,False,True,False,True,52725.0,3726.0,Folsom Field,38,Colorado,fbs,Pac-12,19.0,"[0, 3, 2, 14]",0.056057874113321304,1294.0,1315.0,204,Oregon State,fbs,Pac-12,26.0,"[7, 7, 6, 6]",0.9439421258866787,1786.0,1765.0,4.452344156090917,,,
401524045,2023,10,regular,2023-11-05T02:30:00.000Z,False,True,False,True,44956.0,3619.0,Arizona Stadium,12,Arizona,fbs,Pac-12,27.0,"[7, 7, 3, 10]",0.9650680422782898,1610.0,1657.0,26,UCLA,fbs,Pac-12,10.0,"[0, 7, 3, 0]",0.034931957721710205,1709.0,1662.0,3.3314668783642407,,,
401532438,2023,11,regular,2023-11-08T00:00:00.000Z,False,True,False,True,,3980.0,Waldo Stadium,2711,Western Michigan,fbs,Mid-American,38.0,"[7, 14, 0, 17]",0.8646374344825745,1319.0,1333.0,2117,Central Michigan,fbs,Mid-American,28.0,"[0, 7, 21, 0]",0.13536256551742554,1280.0,1266.0,5.171963566202661,,,
401532437,2023,11,regular,2023-11-08T00:00:00.000Z,False,True,False,True,6282.0,3764.0,Huskie Stadium,2459,Northern Illinois,fbs,Mid-American,17.0,"[0, 10, 0, 7]",0.0,1398.0,1379.0,2050,Ball State,fbs,Mid-American,20.0,"[7, 3, 0, 10]",1.0,1167.0,1186.0,5.463023553271267,,,
401532439,2023,11,regular,2023-11-08T00:30:00.000Z,False,True,False,True,11444.0,3965.0,UB Stadium,2084,Buffalo,fbs,Mid-American,10.0,"[0, 3, 0, 7]",0.049405891448259354,1342.0,1334.0,195,Ohio,fbs,Mid-American,20.0,"[0, 0, 10, 10]",0.9505941085517406,1488.0,1496.0,4.048918575740601,,,
401532442,2023,11,regular,2023-11-09T00:00:00.000Z,False,True,False,True,6065.0,3696.0,Dix Stadium,2309,Kent State,fbs,Mid-American,19.0,"[3, 3, 7, 6]",0.06605875492095947,1097.0,1036.0,189,Bowling Green,fbs,Mid-American,49.0,"[14, 14, 0, 21]",0.9339412450790405,1281.0,1342.0,3.1330556080301535,,,
401532441,2023,11,regular,2023-11-09T00:00:00.000Z,False,True,False,True,7233.0,3996.0,Yager Stadium,193,Miami (OH),fbs,Mid-American,19.0,"[7, 3, 6, 3]",0.9106321930885315,1491.0,1494.0,2006,Akron,fbs,Mid-American,0.0,"[0, 0, 0, 0]",0.0893678069114685,1055.0,1052.0,2.2631528724027787,,,
401532440,2023,11,regular,2023-11-09T00:30:00.000Z,False,True,False,True,17842.0,3739.0,Glass Bowl,2649,Toledo,fbs,Mid-American,49.0,"[21, 14, 7, 7]",0.9841310381889343,1520.0,1561.0,2199,Eastern Michigan,fbs,Mid-American,23.0,"[0, 3, 6, 14]",0.015868961811065674,1292.0,1251.0,1.8786987494787846,,,
401525546,2023,11,regular,2023-11-10T00:30:00.000Z,False,True,False,True,44628.0,3873.0,L&N Federal Credit Union Stadium,97,Louisville,fbs,ACC,31.0,"[7, 7, 0, 17]",0.9132112860679626,1779.0,1763.0,258,Virginia,fbs,ACC,24.0,"[0, 0, 21, 3]",0.08678871393203735,1275.0,1291.0,5.570448545257203,,,
401531911,2023,11,regular,2023-11-10T00:30:00.000Z,False,True,False,True,15137.0,3666.0,Cajun Field,309,Louisiana,fbs,Sun Belt,31.0,"[7, 7, 0, 14, 3]",0.2956649959087372,1480.0,1454.0,2572,Southern Miss,fbs,Sun Belt,34.0,"[0, 14, 7, 7, 6]",0.7043350040912628,1158.0,1184.0,8.736100191456806,,,
401549751,2023,11,regular,2023-11-10T23:00:00.000Z,False,True,False,True,,5824.0,Lions Stadium,2442,The College of New Jersey,iii,New Jersey,21.0,"[7, 7, 7, 0]",,,,3112,Christopher Newport,iii,New Jersey,27.0,"[13, 0, 6, 8]",,,,,,,
401550200,2023,11,regular,2023-11-11T00:00:00.000Z,False,True,False,True,,6112.0,Richard Wackar Stadium,2827,Rowan,iii,New Jersey,24.0,"[7, 0, 3, 14]",,,,2970,William Paterson,iii,New Jersey,14.0,"[7, 7, 0, 0]",,,,,,,
401552434,2023,11,regular,2023-11-11T00:00:00.000Z,False,True,False,True,,6114.0,Sea Gull Stadium,2532,Salisbury,iii,New Jersey,31.0,"[7, 7, 7, 10]",,,,2871,Kean,iii,New Jersey,28.0,"[7, 7, 0, 14]",,,,,,,
401540139,2023,11,regular,2023-11-11T02:00:00.000Z,False,True,False,True,,3740.0,Golden Lion Stadium,2029,Arkansas-Pine Bluff,fcs,SWAC,14.0,"[7, 0, 7, 0]",,,,2755,Grambling,fcs,SWAC,43.0,"[7, 8, 14, 14]",,,,,,,
401531437,2023,11,regular,2023-11-11T02:00:00.000Z,False,True,False,True,22043.0,3735.0,Gerald J. Ford Stadium,2567,SMU,fbs,American Athletic,45.0,"[14, 3, 14, 14]",0.9950094819068909,1754.0,1776.0,249,North Texas,fbs,American Athletic,21.0,"[7, 7, 0, 7]",0.004990518093109131,1398.0,1376.0,3.7325970383727856,,,
401532618,2023,11,regular,2023-11-11T03:45:00.000Z,False,True,False,True,25568.0,6501.0,Allegiant Stadium,2439,UNLV,fbs,Mountain West,34.0,"[21, 0, 7, 6]",0.990018367767334,1519.0,1552.0,2751,Wyoming,fbs,Mountain West,14.0,"[0, 14, 0, 0]",0.009981632232666016,1389.0,1356.0,3.1777386915888757,,,
401545790,2023,11,regular,2023-11-11T17:00:00.000Z,False,True,False,True,,3848.0,Multi-Sport Stadium,2038,Assumption,ii,Northeast 10,14.0,"[7, 7, 0, 0]",,,,2583,Southern Connecticut State,ii,Northeast 10,20.0,"[14, 0, 0, 6]",,,,,,,
401520386,2023,11,regular,2023-11-11T17:00:00.000Z,False,True,False,True,61936.0,3683.0,Kroger Field,96,Kentucky,fbs,SEC,21.0,"[7, 0, 7, 7]",0.005407422780990601,1645.0,1612.0,333,Alabama,fbs,SEC,49.0,"[21, 7, 7, 14]",0.9945925772190094,2014.0,2047.0,4.108274634232548,,,
401520383,2023,11,regular,2023-11-11T17:00:00.000Z,False,True,False,True,53157.0,3832.0,"Memorial Stadium (Champaign, IL)",356,Illinois,fbs,Big Ten,48.0,"[9, 17, 7, 9, 6]",0.9028742909431458,1509.0,1508.0,84,Indiana,fbs,Big Ten,45.0,"[7, 20, 0, 15, 3]",0.09712570905685425,1344.0,1345.0,7.894234430473022,,,
401520392,2023,11,regular,2023-11-11T17:00:00.000Z,False,True,False,True,86830.0,3834.0,"Memorial Stadium (Lincoln, NE)",158,Nebraska,fbs,Big Ten,10.0,"[0, 0, 10, 0]",0.05547361448407173,1509.0,1510.0,120,Maryland,fbs,Big Ten,13.0,"[0, 7, 0, 6]",0.9445263855159283,1597.0,1596.0,5.342774659668509,,,
401545874,2023,11,regular,2023-11-11T17:00:00.000Z,False,True,False,True,,4427.0,John A. Farrell Stadium,223,West Chester,ii,Pennsylvania State Athletic,34.0,"[10, 7, 10, 7]",,,,2134,Clarion,ii,Pennsylvania State Athletic,7.0,"[0, 0, 7, 0]",,,,,,,
401551923,2023,11,regular,2023-11-11T17:00:00.000Z,False,True,False,True,,5831.0,Dale Lippert Field,110438,Dean,iii,ECFC,3.0,"[3, 0, 0, 0]",,,,3162,Alfred State,iii,ECFC,55.0,"[6, 28, 14, 7]",,,,,,,
401549579,2023,11,regular,2023-11-11T17:00:00.000Z,False,True,False,True,,6134.0,Frank Bailey Field,237,Union,iii,Liberty League,13.0,"[3, 7, 3, 0]",,,,2528,Rensselaer,iii,Liberty League,7.0,"[0, 0, 0, 7]",,,,,,,
401550055,2023,11,regular,2023-11-11T17:00:00.000Z,False,True,False,True,,6126.0,Bob Boozer Field,2781,Brockport,iii,Empire 8,35.0,"[0, 7, 7, 21]",,,,365,Alfred,iii,Empire 8,14.0,"[0, 7, 0, 7]",,,,,,,
401550129,2023,11,regular,2023-11-11T17:00:00.000Z,False,True,False,True,,5940.0,Clean Harbors Stadium,110,Mass Maritime,iii,MSCAC,6.0,"[0, 0, 0, 6]",,,,18,Bridgewater State,iii,MSCAC,48.0,"[13, 14, 14, 7]",,,,,,,
401545775,2023,11,regular,2023-11-11T17:00:00.000Z,False,True,False,True,,5785.0,Dickerson Stadium,2707,West Virginia State,ii,Mountain East,20.0,"[7, 0, 0, 13]",,,,2128,Charleston (WV),ii,Mountain East,52.0,"[7, 7, 21, 17]",,,,,,,
401549729,2023,11,regular,2023-11-11T17:00:00.000Z,False,True,False,True,,5822.0,Cadet Memorial Field,2557,Coast Guard,iii,NEWMAC,27.0,"[6, 7, 0, 14]",,,,2383,Merchant Marine,iii,NEWMAC,39.0,"[13, 0, 13, 13]",,,,,,,
401545881,2023,11,regular,2023-11-11T17:00:00.000Z,False,True,False,True,,4432.0,Andre Reed Stadium,2315,Kutztown,ii,Pennsylvania State Athletic,31.0,"[7, 10, 7, 7]",,,,215,Slippery Rock,ii,Pennsylvania State Athletic,7.0,"[0, 0, 0, 7]",,,,,,,
401520394,2023,11,regular,2023-11-11T17:00:00.000Z,False,True,False,True,110856.0,3632.0,Beaver Stadium,213,Penn State,fbs,Big Ten,15.0,"[3, 6, 0, 6]",0.04380204528570175,2039.0,2032.0,130,Michigan,fbs,Big Ten,24.0,"[0, 14, 3, 7]",0.9561979547142982,2180.0,2187.0,3.9989478945946364,,,
401540453,2023,11,regular,2023-11-11T17:00:00.000Z,False,True,False,True,,844.0,Stambaugh Stadium,2754,Youngstown State,fcs,MVFC,0.0,"[0, 0, 0, 0]",0.003187775844708085,,,2571,South Dakota State,fcs,MVFC,34.0,"[3, 17, 7, 7]",0.9968122241552919,,,3.009619963000166,,,
401550116,2023,11,regular,2023-11-11T17:00:00.000Z,False,True,False,True,,5127.0,Gene L. Shirk Stadium,2015,Albright,iii,Mid Atlantic,9.0,"[3, 0, 0, 6]",,,,388,Lebanon Valley,iii,Mid Atlantic,47.0,"[14, 7, 19, 7]",,,,,,,
401550084,2023,11,regular,2023-11-11T17:00:00.000Z,False,True,False,True,,5830.0,Walter M. Katz Field,40,Curry,iii,Commonwealth Coast,27.0,"[7, 6, 7, 7]",,,,2702,Western New England,iii,Commonwealth Coast,48.0,"[20, 7, 7, 14]",,,,,,,
401547212,2023,11,regular,2023-11-11T17:00:00.000Z,False,True,False,True,,3709.0,Hempstead Stadium,452,Endicott,iii,Commonwealth Coast,41.0,"[13, 14, 7, 7]",,,,111675,New England,iii,Commonwealth Coast,14.0,"[0, 0, 0, 14]",,,,,,,
401552478,2023,11,regular,2023-11-11T17:00:00.000Z,False,True,False,True,,5845.0,Elliot Field Athletic Complex,114,Fitchburg State,iii,MSCAC,0.0,"[0, 0, 0, 0]",,,,2909,Westfield State,iii,MSCAC,49.0,"[21, 14, 7, 7]",,,,,,,
401545890,2023,11,regular,2023-11-11T17:00:00.000Z,False,True,False,True,,4431.0,Chryst Field at Biemesderfer Stadium,210,Millersville,ii,Pennsylvania State Athletic,10.0,"[0, 10, 0, 0]",,,,611,Seton Hill,ii,Pennsylvania State Athletic,30.0,"[6, 10, 14, 0]",,,,,,,
401544198,2023,11,regular,2023-11-11T17:00:00.000Z,False,True,False,True,,3881.0,Princeton University Stadium,163,Princeton,fcs,Ivy,28.0,"[7, 0, 7, 14, 0, 0]",0.5936295986175537,,,43,Yale,fcs,Ivy,36.0,"[7, 0, 7, 14, 0, 8]",0.4063704013824463,,,8.623980768783232,,,
401558743,2023,11,regular,2023-11-11T17:00:00.000Z,False,True,False,True,,5833.0,Robert A. Lipinski Field at James Work Memorial Stadium,2808,Delaware Valley,iii,Mid Atlantic,23.0,"[0, 14, 2, 7]",,,,2725,Widener,iii,Mid Atlantic,6.0,"[0, 0, 6, 0]",,,,,,,
401540108,2023,11,regular,2023-11-11T17:00:00.000Z,False,True,False,True,,3744.0,Hancock Stadium,2287,Illinois State,fcs,MVFC,44.0,"[14, 6, 17, 7]",,,,93,Murray State,fcs,MVFC,7.0,"[7, 0, 0, 0]",,,,,,,
401550023,2023,11,regular,2023-11-11T17:00:00.000Z,False,True,False,False,,6095.0,Sabine Field at Haynes Family Stadium,2467,Norwich,iii,NEWMAC,0.0,"[0, 0, 0, 0]",,,,2776,Salve Regina,iii,Commonwealth Coast,38.0,"[16, 15, 7, 0]",,,,,,,
401540018,2023,11,regular,2023-11-11T17:00:00.000Z,False,True,False,True,,3623.0,Arthur J. Rooney Athletic Field,2184,Duquesne,fcs,NEC,28.0,"[7, 14, 0, 7]",0.41364434361457825,,,284,Stonehill,fcs,NEC,33.0,"[20, 0, 7, 6]",0.5863556563854218,,,7.772445664280148,,,
401520396,2023,11,regular,2023-11-11T17:00:00.000Z,False,True,False,True,75682.0,3994.0,Williams-Brice Stadium,2579,South Carolina,fbs,SEC,47.0,"[6, 7, 14, 20]",0.9773297905921936,1511.0,1597.0,238,Vanderbilt,fbs,SEC,6.0,"[0, 0, 0, 6]",0.022670209407806396,1261.0,1175.0,2.6174784115141896,,,
401549694,2023,11,regular,2023-11-11T17:00:00.000Z,False,True,False,False,,6030.0,Harms-Eischeid Stadium,389,Upper Iowa,ii,Northern Sun,28.0,"[0, 7, 14, 7]",,,,2825,Quincy,ii,Great Lakes,38.0,"[0, 17, 21, 0]",,,,,,,
401520381,2023,11,regular,2023-11-11T17:00:00.000Z,False,True,False,False,30602.0,3841.0,Michie Stadium,349,Army,fbs,FBS Independents,17.0,"[7, 7, 0, 3]",0.6721500158309937,1350.0,1350.0,107,Holy Cross,fcs,Patriot,14.0,"[0, 0, 0, 14]",0.32784998416900635,,,3.1003437849363435,,,
401541837,2023,11,regular,2023-11-11T17:00:00.000Z,False,True,False,True,,3718.0,Tom Benson Hall of Fame Stadium,2682,Walsh,ii,Great Midwest Athletic,24.0,"[7, 7, 7, 3]",,,,2886,Northwood,ii,Great Midwest Athletic,31.0,"[14, 3, 14, 0]",,,,,,,
401549614,2023,11,regular,2023-11-11T17:00:00.000Z,False,True,False,False,,5862.0,Butterfield Stadium,175,Ithaca,iii,Liberty League,28.0,"[6, 0, 7, 15]",,,,2782,SUNY Cortland,iii,Empire 8,38.0,"[7, 7, 14, 10]",,,,,,,
401531344,2023,11,regular,2023-11-11T17:00:00.000Z,False,True,False,True,20126.0,4729.0,Yulman Stadium,2655,Tulane,fbs,American Athletic,24.0,"[14, 0, 7, 3]",0.5788732171058655,1618.0,1611.0,202,Tulsa,fbs,American Athletic,22.0,"[0, 10, 3, 9]",0.4211267828941345,1089.0,1096.0,4.237033740512774,,,
401552022,2023,11,regular,2023-11-11T17:00:00.000Z,False,True,False,True,,6141.0,Corwin Stadium,336,Wesleyan (CT),iii,NESCAC,6.0,"[0, 6, 0, 0]",,,,2977,Trinity (CT),iii,NESCAC,58.0,"[7, 23, 21, 7]",,,,,,,
401547203,2023,11,regular,2023-11-11T17:00:00.000Z,False,True,False,True,,5637.0,Vendetti Field,2884,Nichols,iii,Commonwealth Coast,31.0,"[0, 7, 16, 8]",,,,2280,Husson,iii,Commonwealth Coast,61.0,"[14, 14, 20, 13]",,,,,,,
401549816,2023,11,regular,2023-11-11T17:00:00.000Z,False,True,False,True,,5802.0,Belhaven Bowl Stadium,2056,Belhaven,iii,USA South,46.0,"[15, 14, 3, 14]",,,,2913,Brevard,iii,USA South,19.0,"[0, 13, 6, 0]",,,,,,,
401545742,2023,11,regular,2023-11-11T17:00:00.000Z,False,True,False,True,,5943.0,Duvall-Rosier Field,2986,Fairmont State,ii,Mountain East,20.0,"[7, 0, 0, 13]",,,,341,Frostburg State,ii,Mountain East,50.0,"[3, 13, 17, 17]",,,,,,,
401525548,2023,11,regular,2023-11-11T17:00:00.000Z,False,True,False,True,81426.0,3836.0,"Memorial Stadium (Clemson, SC)",228,Clemson,fbs,ACC,42.0,"[0, 21, 7, 14]",0.9229243993759155,1730.0,1749.0,59,Georgia Tech,fbs,ACC,21.0,"[7, 0, 0, 14]",0.07707560062408447,1423.0,1404.0,3.0738041925651287,,,
401525547,2023,11,regular,2023-11-11T17:00:00.000Z,False,True,False,True,33665.0,3615.0,"Alumni Stadium (Chestnut Hill, MA)",103,Boston College,fbs,ACC,22.0,"[7, 0, 8, 7]",0.012009033001959324,1371.0,1313.0,259,Virginia Tech,fbs,ACC,48.0,"[10, 21, 7, 10]",0.9879909669980407,1476.0,1534.0,2.8430771308949176,,,
401531393,2023,11,regular,2023-11-11T17:00:00.000Z,False,True,False,True,30938.0,3886.0,Raymond James Stadium,58,South Florida,fbs,American Athletic,27.0,"[17, 3, 7, 0]",0.9388741850852966,1193.0,1191.0,218,Temple,fbs,American Athletic,23.0,"[0, 10, 0, 13]",0.06112581491470337,1018.0,1020.0,3.999189192194168,,,
401549710,2023,11,regular,2023-11-11T17:00:00.000Z,False,True,False,True,,6033.0,Carl Smith Stadium,2842,UVA Wise,ii,South Atlantic,0.0,"[0, 0, 0, 0]",,,,351,Wingate,ii,South Atlantic,27.0,"[7, 3, 14, 3]",,,,,,,
401525888,2023,11,regular,2023-11-11T17:00:00.000Z,False,True,False,True,47233.0,3833.0,Memorial Stadium,2305,Kansas,fbs,Big 12,13.0,"[0, 0, 0, 13]",0.28769558668136597,1585.0,1582.0,2641,Texas Tech,fbs,Big 12,16.0,"[10, 0, 3, 3]",0.712304413318634,1608.0,1611.0,5.553524640808363,,,
401549793,2023,11,regular,2023-11-11T17:00:00.000Z,False,True,False,True,,5852.0,Jamieson Stadium,2256,Greensboro,iii,USA South,27.0,"[7, 6, 14, 0]",,,,291,Methodist,iii,USA South,21.0,"[7, 0, 7, 7]",,,,,,,
401539985,2023,11,regular,2023-11-11T17:00:00.000Z,False,True,False,True,,3864.0,Oliver C. Dawson Stadium,2569,South Carolina State,fcs,MEAC,17.0,"[0, 14, 0, 3]",,,,2415,Morgan State,fcs,MEAC,20.0,"[0, 6, 7, 7]",,,,,,,
401540477,2023,11,regular,2023-11-11T17:00:00.000Z,False,True,False,True,,3777.0,Joe Walton Stadium,2523,Robert Morris,fcs,Big South,14.0,"[0, 0, 0, 14]",0.7728826999664307,,,2127,Charleston Southern,fcs,Big South-OVC,12.0,"[3, 3, 0, 6]",0.22711730003356934,,,5.041334038967139,,,
401539976,2023,11,regular,2023-11-11T17:00:00.000Z,False,True,False,True,,3613.0,Alumni Stadium,2169,Delaware State,fcs,MEAC,21.0,"[0, 7, 7, 7]",0.017009004950523376,,,2450,Norfolk State,fcs,MEAC,44.0,"[13, 21, 10, 0]",0.9829909950494766,,,2.035269058653772,,,
401550301,2023,11,regular,2023-11-11T17:00:00.000Z,False,True,False,True,,3733.0,Garcelon Field,121,Bates,iii,NESCAC,7.0,"[0, 7, 0, 0]",,,,348,Hamilton,iii,NESCAC,21.0,"[7, 14, 0, 0]",,,,,,,
401544068,2023,11,regular,2023-11-11T17:00:00.000Z,False,True,False,True,,5842.0,Robert T. Shields Field,2221,FDU Florham,iii,Mid Atlantic,3.0,"[3, 0, 0, 0]",,,,2969,Misericordia,iii,Mid Atlantic,6.0,"[0, 6, 0, 0]",,,,,,,
401552017,2023,11,regular,2023-11-11T17:00:00.000Z,False,True,False,True,,5792.0,Pratt Field at Lehrman Stadium,7,Amherst,iii,NESCAC,21.0,"[7, 7, 0, 7]",,,,2731,Williams,iii,NESCAC,14.0,"[0, 7, 7, 0]",,,,,,,
401540025,2023,11,regular,2023-11-11T17:00:00.000Z,False,True,True,True,,6043.0,Bethpage Federal Credit Union Stadium,2341,Long Island University,fcs,NEC,49.0,"[7, 7, 14, 21]",,,,2681,Wagner,fcs,NEC,14.0,"[0, 14, 0, 0]",,,,,,,
401549587,2023,11,regular,2023-11-11T17:00:00.000Z,False,True,False,True,,3717.0,Edwin Fauver Stadium,184,Rochester (NY),iii,Liberty League,23.0,"[3, 10, 7, 3]",,,,174,Hobart,iii,Liberty League,27.0,"[0, 14, 3, 10]",,,,,,,
401540010,2023,11,regular,2023-11-11T17:00:00.000Z,False,True,False,True,,6048.0,Duane Stadium,2771,Merrimack,fcs,NEC,35.0,"[7, 7, 14, 7]",0.7823910713195801,,,2115,Central Connecticut,fcs,NEC,24.0,"[7, 3, 14, 0]",0.21760892868041992,,,4.607069203759799,,,
401550139,2023,11,regular,2023-11-11T17:00:00.000Z,False,True,False,True,,5939.0,Cressy Field,379,UMass Dartmouth,iii,MSCAC,41.0,"[14, 7, 7, 13]",,,,2972,Plymouth State,iii,MSCAC,7.0,"[0, 0, 7, 0]",,,,,,,
401550106,2023,11,regular,2023-11-11T17:00:00.000Z,False,True,False,False,,6086.0,Rocco Calvo Field,323,Moravian,iii,Landmark Conference,6.0,"[0, 6, 0, 0]",,,,398,Wilkes,iii,Landmark Conference,41.0,"[13, 14, 14, 0]",,,,,,,
401545896,2023,11,regular,2023-11-11T17:00:00.000Z,False,True,False,True,,5133.0,Ram Stadium (WV),2974,Shepherd,ii,Pennsylvania State Athletic,49.0,"[14, 14, 7, 14]",,,,2385,Mercyhurst,ii,Pennsylvania State Athletic,25.0,"[13, 6, 0, 6]",,,,,,,
401540506,2023,11,regular,2023-11-11T17:00:00.000Z,False,True,False,True,,5389.0,Kessler Stadium,2405,Monmouth,fcs,Coastal Athletic,24.0,"[0, 7, 10, 7]",0.231979638338089,,,160,New Hampshire,fcs,Coastal Athletic,31.0,"[7, 3, 0, 21]",0.768020361661911,,,6.707967675713873,,,
401545766,2023,11,regular,2023-11-11T17:00:00.000Z,False,False,False,True,,6063.0,Mueller Field,587,Notre Dame College,ii,Mountain East,0.0,[],,,,2017,Alderson-Broaddus,ii,Mountain East,0.0,[],,,,,,,
401541819,2023,11,regular,2023-11-11T17:00:00.000Z,False,True,False,True,,3698.0,Donnell Stadium,2224,Findlay,ii,Great Midwest Athletic,7.0,"[0, 0, 0, 7]",,,,2838,Tiffin,ii,Great Midwest Athletic,26.0,"[13, 6, 0, 7]",,,,,,,
401546998,2023,11,regular,2023-11-11T17:00:00.000Z,False,True,True,False,,6129.0,BB&T Field at Griffin Plaza,2646,Thomas More,,,44.0,"[21, 3, 13, 7]",,,,437,Lake Erie,ii,Great Midwest Athletic,6.0,"[0, 6, 0, 0]",,,,,,,
401541011,2023,11,regular,2023-11-11T17:00:00.000Z,False,True,False,True,,4435.0,Robert B. Redman Stadium,2071,Bloomsburg,ii,Pennsylvania State Athletic,0.0,"[0, 0, 0, 0]",,,,2291,IU Pennsylvania,ii,Pennsylvania State Athletic,31.0,"[7, 14, 0, 10]",,,,,,,
401540297,2023,11,regular,2023-11-11T17:30:00.000Z,False,True,False,True,,3802.0,Lawrence A. Wien Stadium,171,Columbia,fcs,Ivy,14.0,"[7, 0, 0, 7, 0]",0.372881680727005,,,225,Brown,fcs,Ivy,21.0,"[0, 7, 0, 7, 7]",0.627118319272995,,,6.1389346443227595,,,
401552026,2023,11,regular,2023-11-11T17:30:00.000Z,False,True,False,True,,6079.0,Alumni Stadium (VT),2394,Middlebury,iii,NESCAC,19.0,"[0, 12, 0, 7]",,,,112,Tufts,iii,NESCAC,10.0,"[0, 3, 7, 0]",,,,,,,
401540076,2023,11,regular,2023-11-11T17:30:00.000Z,False,True,False,True,,3721.0,Fisher Field,322,Lafayette,fcs,Patriot,24.0,"[0, 7, 7, 10]",0.8351524134829172,,,2230,Fordham,fcs,Patriot,16.0,"[0, 3, 0, 13]",0.16484758651708276,,,5.6755937643,,,
401544133,2023,11,regular,2023-11-11T18:00:00.000Z,False,True,False,True,,6128.0,Alumni Stadium (PA),2644,Thiel,iii,Presidents',0.0,"[0, 0, 0, 0]",,,,146,Grove City,iii,Presidents',31.0,"[7, 14, 10, 0]",,,,,,,
401540055,2023,11,regular,2023-11-11T18:00:00.000Z,False,True,False,True,,3676.0,Christy Mathewson-Memorial Stadium,2083,Bucknell,fcs,Patriot,47.0,"[0, 8, 15, 21, 3]",0.13676817715168,,,46,Georgetown,fcs,Patriot,50.0,"[16, 7, 14, 7, 6]",0.86323182284832,,,11.291584423992372,,,
401540596,2023,11,regular,2023-11-11T18:00:00.000Z,False,True,False,True,,3704.0,E. J. Whitmire Stadium,2717,Western Carolina,fcs,Southern,58.0,"[10, 17, 21, 10]",0.9769561886787415,,,2193,East Tennessee State,fcs,Southern,7.0,"[7, 0, 0, 0]",0.023043811321258545,,,2.7902075242978395,,,
401540084,2023,11,regular,2023-11-11T18:00:00.000Z,False,True,False,True,,3617.0,Andy Kerr Stadium,2142,Colgate,fcs,Patriot,37.0,"[3, 13, 21, 0]",0.9969422221183777,,,2329,Lehigh,fcs,Patriot,21.0,"[0, 0, 7, 14]",0.0030577778816223145,,,3.876011696716216,,,
401540405,2023,11,regular,2023-11-11T18:00:00.000Z,False,True,False,True,,3774.0,Jayne Stadium,2413,Morehead State,fcs,Pioneer,47.0,"[0, 26, 14, 7]",1.0,,,2166,Davidson,fcs,Pioneer,17.0,"[3, 7, 7, 0]",0.0,,,3.4578433974811356,,,
401552401,2023,11,regular,2023-11-11T18:00:00.000Z,False,True,False,True,,5840.0,Fred Selfe Stadium at Nicewonder Field,2213,Emory & Henry,ii,South Atlantic,29.0,"[7, 14, 0, 8]",,,,2336,Limestone,ii,South Atlantic,47.0,"[13, 14, 6, 14]",,,,,,,
401549766,2023,11,regular,2023-11-11T18:00:00.000Z,False,True,False,True,,5818.0,Farris Stadium,2121,Centre,iii,Southern Athletic,10.0,"[3, 7, 0, 0]",,,,3,Birmingham-Southern,iii,Southern Athletic,6.0,"[0, 6, 0, 0]",,,,,,,
401541042,2023,11,regular,2023-11-11T18:00:00.000Z,False,True,False,True,,3663.0,Burke-Tarr Stadium,2105,Carson Newman,ii,South Atlantic,14.0,"[0, 0, 0, 14]",,,,2107,Catawba,ii,South Atlantic,24.0,"[7, 7, 7, 3]",,,,,,,
401540318,2023,11,regular,2023-11-11T18:00:00.000Z,False,True,False,True,,3629.0,Barker-Lane Stadium,2097,Campbell,fcs,Coastal Athletic,7.0,"[0, 0, 7, 0]",0.0716845765709877,,,48,Delaware,fcs,CAA,45.0,"[21, 3, 14, 7]",0.9283154234290123,,,3.071915374846533,,,
401541129,2023,11,regular,2023-11-11T18:00:00.000Z,False,True,False,True,,5853.0,Francis Field (IL),2257,Greenville,iii,Upper Midwest,64.0,"[21, 19, 10, 14]",,,,509,Crown,iii,Upper Midwest,20.0,"[0, 7, 6, 7]",,,,,,,
401550149,2023,11,regular,2023-11-11T18:00:00.000Z,False,True,False,True,,6130.0,Fred Zollner Athletic Stadium,2651,Trine,iii,Michigan,42.0,"[28, 7, 0, 7]",,,,126,Kalamazoo,iii,Michigan,29.0,"[7, 7, 7, 8]",,,,,,,
401540305,2023,11,regular,2023-11-11T18:00:00.000Z,False,True,False,True,,3829.0,Memorial Stadium,282,Indiana State,fcs,MVFC,27.0,"[0, 7, 10, 10]",1.0,,,2710,Western Illinois,fcs,MVFC,6.0,"[0, 6, 0, 0]",0.0,,,3.2135227283018817,,,
401541062,2023,11,regular,2023-11-11T18:00:00.000Z,False,True,False,True,,5636.0,Wright Stadium,173,Hartwick,iii,Empire 8,13.0,"[0, 7, 6, 0]",,,,3110,SUNY Morrisville,iii,Empire 8,38.0,"[7, 17, 7, 7]",,,,,,,
401544124,2023,11,regular,2023-11-11T18:00:00.000Z,False,True,False,True,,5803.0,Bison Stadium,2062,Bethany (WV),iii,Presidents',21.0,"[0, 14, 7, 0]",,,,2614,Saint Vincent,iii,Presidents',29.0,"[10, 6, 7, 6]",,,,,,,
401549627,2023,11,regular,2023-11-11T18:00:00.000Z,False,True,False,True,,5810.0,Coyer Field,2085,Buffalo State,iii,Liberty League,7.0,"[0, 0, 0, 7]",,,,2779,St. Lawrence,iii,Liberty League,30.0,"[14, 9, 7, 0]",,,,,,,
401550206,2023,11,regular,2023-11-11T18:00:00.000Z,False,True,False,True,,5919.0,Ron Roberts Field at the Banta Bowl,268,Lawrence,iii,Midwest,34.0,"[6, 6, 8, 14]",,,,2891,Ripon,iii,Midwest,55.0,"[14, 21, 0, 20]",,,,,,,
401540113,2023,11,regular,2023-11-11T18:00:00.000Z,False,True,False,True,,3850.0,Municipal Stadium,2065,Bethune-Cookman,fcs,SWAC,31.0,"[0, 7, 3, 21]",0.6747098565101624,,,2010,Alabama A&M,fcs,SWAC,14.0,"[7, 7, 0, 0]",0.32529014348983765,,,6.12531721880391,,,
401544916,2023,11,regular,2023-11-11T18:00:00.000Z,False,True,False,True,,7076.0,J.W. Babb Stadium,101784,Erskine,ii,South Atlantic,14.0,"[7, 7, 0, 0]",,,,122666,Barton,ii,South Atlantic,48.0,"[13, 7, 14, 14]",,,,,,,
401541100,2023,11,regular,2023-11-11T18:00:00.000Z,False,True,False,True,,4757.0,Edwards-Maurer Field,2746,Wittenberg,iii,North Coast,52.0,"[7, 14, 21, 10]",,,,2748,Wooster,iii,North Coast,24.0,"[7, 3, 7, 7]",,,,,,,
401541938,2023,11,regular,2023-11-11T18:00:00.000Z,False,True,False,False,,6045.0,Dwight T. Reed Stadium,2876,Lincoln (MO),ii,Independent DII,27.0,"[0, 3, 7, 17]",,,,2118,Central Missouri,ii,Mid America,63.0,"[21, 21, 14, 7]",,,,,,,
401541119,2023,11,regular,2023-11-11T18:00:00.000Z,False,True,False,True,,6105.0,Day Field,2516,Randolph Macon,iii,Old Dominion,49.0,"[14, 21, 14, 0]",,,,297,Hampden Sydney,iii,Old Dominion,10.0,"[0, 3, 7, 0]",,,,,,,
401545826,2023,11,regular,2023-11-11T18:00:00.000Z,False,True,False,True,,5933.0,Sea Foam Stadium,3066,Concordia St. Paul,ii,Northern Sun,21.0,"[0, 7, 14, 0]",,,,2844,Wayne State (NE),ii,Northern Sun,56.0,"[14, 7, 21, 14]",,,,,,,
401544076,2023,11,regular,2023-11-11T18:00:00.000Z,False,True,False,True,,6100.0,Cutler Field,354,Olivet,iii,Michigan,32.0,"[14, 7, 2, 9]",,,,2003,Adrian,iii,Michigan,10.0,"[3, 0, 0, 7]",,,,,,,
401552546,2023,11,regular,2023-11-11T18:00:00.000Z,False,True,True,True,,6211.0,Sodexo Field,112334,Franklin Pierce,ii,Northeast 10,21.0,"[7, 0, 14, 0]",,,,2022,American International,ii,Northeast 10,10.0,"[3, 7, 0, 0]",,,,,,,
401549658,2023,11,regular,2023-11-11T18:00:00.000Z,False,True,False,True,,3945.0,Strong Stadium,266,Beloit,iii,Midwest,7.0,"[0, 0, 7, 0]",,,,2286,Illinois College,iii,Midwest,54.0,"[24, 20, 10, 0]",,,,,,,
401540577,2023,11,regular,2023-11-11T18:00:00.000Z,False,True,False,True,,3788.0,Kenneth P. LaValle Stadium,2619,Stony Brook,fcs,Coastal Athletic,20.0,"[7, 6, 0, 7]",0.03521961346268654,,,399,UAlbany,fcs,Coastal Athletic,38.0,"[10, 14, 7, 7]",0.9647803865373135,,,4.222361094885444,,,
401550218,2023,11,regular,2023-11-11T18:00:00.000Z,False,True,False,True,,6084.0,April Zorn Memorial Stadium,2919,Monmouth (IL),iii,Midwest,42.0,"[7, 7, 21, 7]",,,,255,Knox,iii,Midwest,7.0,"[0, 0, 7, 0]",,,,,,,
401549826,2023,11,regular,2023-11-11T18:00:00.000Z,False,True,False,False,,6124.0,Amos Alonzo Stagg Field (PA),216,Susquehanna,iii,Landmark Conference,49.0,"[14, 7, 7, 21]",,,,2354,Lycoming,iii,Landmark Conference,10.0,"[0, 3, 7, 0]",,,,,,,
401550260,2023,11,regular,2023-11-11T18:00:00.000Z,False,True,False,True,,5834.0,Deeds Field-Piper Stadium,2171,Denison,iii,North Coast,29.0,"[5, 17, 7, 0]",,,,2980,Ohio Wesleyan,iii,North Coast,26.0,"[6, 14, 6, 0]",,,,,,,
401544944,2023,11,regular,2023-11-11T18:00:00.000Z,False,True,False,True,,5796.0,Charles D. Lindberg Stadium,2042,Augustana (IL),iii,CCIW,17.0,"[3, 0, 14, 0]",,,,3071,North Central College,iii,CCIW,61.0,"[13, 28, 7, 13]",,,,,,,
401547027,2023,11,regular,2023-11-11T18:00:00.000Z,False,True,False,True,,6046.0,Meares Stadium,2369,Mars Hill,ii,South Atlantic,21.0,"[14, 7, 0, 0]",,,,2444,Newberry,ii,South Atlantic,14.0,"[0, 0, 0, 14]",,,,,,,
401549672,2023,11,regular,2023-11-11T18:00:00.000Z,False,True,False,True,,5915.0,Farwell Field,262,Lake Forest,iii,Midwest,14.0,"[7, 7, 0, 0]",,,,80,Chicago,iii,Midwest,15.0,"[0, 9, 6, 0]",,,,,,,
401550348,2023,11,regular,2023-11-11T18:00:00.000Z,False,True,False,True,,6116.0,Shentel Stadium,2828,Shenandoah,iii,Old Dominion,21.0,"[7, 0, 0, 14]",,,,2688,Washington and Lee,iii,Old Dominion,40.0,"[7, 12, 15, 6]",,,,,,,
401550354,2023,11,regular,2023-11-11T18:00:00.000Z,False,True,False,True,,6132.0,Trinity University Stadium,386,Trinity (TX),iii,Southern Athletic,56.0,"[35, 7, 7, 7]",,,,418,Hendrix,iii,Southern Athletic,7.0,"[0, 0, 0, 7]",,,,,,,
401549681,2023,11,regular,2023-11-11T18:00:00.000Z,False,True,False,True,,6110.0,Sam Greeley Field,2524,Rockford,iii,NACC,61.0,"[21, 20, 7, 13]",,,,2151,Concordia Chicago,iii,NACC,41.0,"[7, 14, 6, 14]",,,,,,,
401549704,2023,11,regular,2023-11-11T18:00:00.000Z,False,True,False,True,,6058.0,Ralph F. DellaCamera Stadium,2441,New Haven,ii,Northeast 10,24.0,"[7, 0, 7, 10]",,,,2060,Bentley,ii,Northeast 10,17.0,"[7, 3, 7, 0]",,,,,,,
401550390,2023,11,regular,2023-11-11T18:00:00.000Z,False,True,False,True,,6146.0,Memorial Field (PA),2849,Westminster (PA),iii,Presidents',35.0,"[7, 21, 0, 7]",,,,2242,Geneva,iii,Presidents',14.0,"[0, 0, 7, 7]",,,,,,,
401550275,2023,11,regular,2023-11-11T18:00:00.000Z,False,True,False,True,,5906.0,McBride Field,352,Kenyon,iii,North Coast,38.0,"[7, 14, 14, 3]",,,,391,Oberlin,iii,North Coast,10.0,"[3, 7, 0, 0]",,,,,,,
401540421,2023,11,regular,2023-11-11T18:00:00.000Z,False,True,False,True,,3620.0,Armstrong Stadium,2261,Hampton,fcs,Coastal Athletic,10.0,"[0, 10, 0, 0]",0.06390655040740967,,,2729,William & Mary,fcs,Coastal Athletic,31.0,"[7, 0, 0, 24]",0.9360934495925903,,,4.16713613904212,,,
401545841,2023,11,regular,2023-11-11T18:00:00.000Z,False,True,False,True,,3606.0,Scheels Field at Nemzek Stadium,2817,Minnesota St Moorhead,ii,Northern Sun,35.0,"[21, 7, 0, 7]",,,,559,University of Mary,ii,Northern Sun,7.0,"[0, 0, 0, 7]",,,,,,,
401541863,2023,11,regular,2023-11-11T18:00:00.000Z,False,True,False,True,,4015.0,Barron Stadium,2560,Shorter,ii,Gulf South,9.0,"[0, 3, 0, 6]",,,,2695,West Alabama,ii,Gulf South,28.0,"[21, 0, 0, 7]",,,,,,,
401541846,2023,11,regular,2023-11-11T18:00:00.000Z,False,True,True,True,,6036.0,Blue Wahoos Stadium,110242,West Florida,ii,Gulf South,52.0,"[14, 24, 14, 0]",,,,2804,Chowan,ii,Gulf South,6.0,"[6, 0, 0, 0]",,,,,,,
401540374,2023,11,regular,2023-11-11T18:00:00.000Z,False,True,False,True,,1905.0,DakotaDome,233,South Dakota,fcs,MVFC,14.0,"[0, 0, 7, 7]",0.7245138883590698,,,155,North Dakota,fcs,MVFC,10.0,"[7, 3, 0, 0]",0.2754861116409302,,,3.9584800271583314,,,
401541032,2023,11,regular,2023-11-11T18:00:00.000Z,False,True,False,True,,3760.0,Hubert Jack Stadium,209,Lock Haven,ii,Pennsylvania State Athletic,30.0,"[7, 6, 10, 7]",,,,2205,Edinboro,ii,Pennsylvania State Athletic,36.0,"[0, 14, 8, 14]",,,,,,,
401540801,2023,11,regular,2023-11-11T18:00:00.000Z,False,True,False,False,,3950.0,Superior Dome,128,Northern Michigan,ii,GLIAC,20.0,"[0, 6, 7, 7]",,,,425,Northern State,ii,Northern Sun,44.0,"[14, 16, 14, 0]",,,,,,,
401550438,2023,11,regular,2023-11-11T18:00:00.000Z,False,True,False,True,,6118.0,Birkelbach Field,2588,Southwestern U,iii,Southern Athletic,24.0,"[0, 0, 10, 14]",,,,2553,Sewanee,iii,Southern Athletic,0.0,"[0, 0, 0, 0]",,,,,,,
401545758,2023,11,regular,2023-11-11T18:00:00.000Z,False,True,False,True,,5887.0,I.L. & Sue Morris Stadium,2249,Glenville State,ii,Mountain East,41.0,"[3, 17, 14, 7]",,,,455,West Virginia Wesleyan,ii,Mountain East,3.0,"[0, 0, 0, 3]",,,,,,,
401540512,2023,11,regular,2023-11-11T18:00:00.000Z,False,True,False,True,,3988.0,Welcome Stadium,2168,Dayton,fcs,Pioneer,35.0,"[0, 14, 7, 14]",0.9979844093322754,,,2368,Marist,fcs,Pioneer,6.0,"[0, 0, 6, 0]",0.0020155906677246094,,,2.952620930333332,,,
401545770,2023,11,regular,2023-11-11T18:00:00.000Z,False,True,False,True,,5886.0,West Family Stadium,2699,West Liberty,ii,Mountain East,31.0,"[0, 7, 21, 3]",,,,112335,Wheeling,ii,Mountain East,3.0,"[0, 3, 0, 0]",,,,,,,
401555476,2023,11,regular,2023-11-11T18:00:00.000Z,False,True,False,True,,5907.0,McCarthy Stadium (Wilkes Barre),247,King's,iii,Mid Atlantic,50.0,"[16, 20, 7, 7]",,,,111674,Alvernia,iii,Mid Atlantic,0.0,"[0, 0, 0, 0]",,,,,,,
401541022,2023,11,regular,2023-11-11T18:00:00.000Z,False,True,False,True,,4429.0,Seth Grove Stadium,2559,Shippensburg,ii,Pennsylvania State Athletic,17.0,"[3, 7, 7, 0]",,,,367,Gannon,ii,Pennsylvania State Athletic,10.0,"[0, 10, 0, 0]",,,,,,,
401540344,2023,11,regular,2023-11-11T18:00:00.000Z,False,True,False,True,,3750.0,Harvard Stadium,108,Harvard,fcs,Ivy,25.0,"[7, 13, 0, 0, 3, 0, 2]",0.7288126349449158,,,219,Pennsylvania,fcs,Ivy,23.0,"[7, 3, 3, 7, 3, 0, 0]",0.27118736505508423,,,6.392839400804909,,,
401540547,2023,11,regular,2023-11-11T18:00:00.000Z,False,True,False,True,,3824.0,Meade Stadium,227,Rhode Island,fcs,Coastal Athletic,31.0,"[7, 10, 7, 7]",,,,2448,North Carolina A&T,fcs,Coastal Athletic,24.0,"[7, 3, 0, 14]",,,,,,,
401541800,2023,11,regular,2023-11-11T18:00:00.000Z,False,True,False,True,,3960.0,Top Taggart Field,2222,Ferris State,ii,GLIAC,63.0,"[14, 14, 21, 14]",,,,131,Wayne State (MI),ii,GLIAC,19.0,"[3, 6, 0, 10]",,,,,,,
401520388,2023,11,regular,2023-11-11T18:00:00.000Z,False,True,False,False,21481.0,3992.0,Williams Stadium (VA),2335,Liberty,fbs,Conference USA,38.0,"[14, 21, 3, 0]",0.9895298480987549,1650.0,1703.0,295,Old Dominion,fbs,Sun Belt,10.0,"[0, 3, 0, 7]",0.010470151901245117,1389.0,1336.0,1.6333285116340786,,,
401544889,2023,11,regular,2023-11-11T18:00:00.000Z,False,True,False,True,,6072.0,Schwan Regional Event Center,2587,Southwest Minnesota State,ii,Northern Sun,28.0,"[14, 7, 7, 0]",,,,2894,Sioux Falls,ii,Northern Sun,10.0,"[0, 3, 0, 7]",,,,,,,
401553949,2023,11,regular,2023-11-11T18:00:00.000Z,False,True,False,True,,6119.0,Stagg Field,81,Springfield,iii,NEWMAC,51.0,"[20, 10, 14, 7]",,,,2951,SUNY Maritime,iii,NEWMAC,6.0,"[0, 0, 6, 0]",,,,,,,
401553860,2023,11,regular,2023-11-11T18:00:00.000Z,False,True,False,True,,3851.0,Mustang Stadium,471,Stevenson,iii,Mid Atlantic,26.0,"[0, 6, 3, 14, 3]",,,,127954,Eastern,iii,Mid Atlantic,23.0,"[0, 6, 3, 14, 0]",,,,,,,
401553036,2023,11,regular,2023-11-11T18:00:00.000Z,False,True,False,False,,6202.0,Cardinal Stadium (DC),2108,Catholic,iii,Landmark Conference,34.0,"[7, 13, 0, 14]",,,,246,Juniata,iii,Landmark Conference,20.0,"[7, 6, 0, 7]",,,,,,,
401552453,2023,11,regular,2023-11-11T18:00:00.000Z,False,True,False,True,,6136.0,Patterson Field,2667,Ursinus,iii,Centennial,21.0,"[0, 14, 0, 7]",,,,2175,Dickinson,iii,Centennial,10.0,"[0, 7, 0, 3]",,,,,,,
401544059,2023,11,regular,2023-11-11T18:00:00.000Z,False,True,False,True,,3675.0,Charles A. Gaetano Stadium,390,Utica,iii,Empire 8,14.0,"[0, 0, 0, 14]",,,,374,St. John Fisher,iii,Empire 8,0.0,"[0, 0, 0, 0]",,,,,,,
401550144,2023,11,regular,2023-11-11T18:00:00.000Z,False,True,False,True,,5786.0,Sprankle-Sprandel Stadium,2790,Albion,iii,Michigan,14.0,"[0, 7, 7, 0]",,,,2800,Alma,iii,Michigan,50.0,"[22, 21, 7, 0]",,,,,,,
401550397,2023,11,regular,2023-11-11T18:00:00.000Z,False,True,False,True,,6139.0,Cameron Stadium,2686,Washington & Jefferson,iii,Presidents',33.0,"[14, 19, 0, 0]",,,,2845,Waynesburg,iii,Presidents',28.0,"[7, 0, 14, 7]",,,,,,,
401545834,2023,11,regular,2023-11-11T18:00:00.000Z,False,True,False,True,,3641.0,Blakeslee Stadium,2364,Minnesota State,ii,Northern Sun,21.0,"[0, 14, 0, 7]",,,,134,Minnesota Duluth,ii,Northern Sun,33.0,"[0, 17, 10, 6]",,,,,,,
401550370,2023,11,regular,2023-11-11T18:00:00.000Z,False,True,False,True,,5932.0,Lloyd L. Thornton Stadium,2373,Maryville (TN),iii,USA South,48.0,"[7, 14, 14, 13]",,,,2896,Southern Virginia,iii,USA South,10.0,"[0, 3, 0, 7]",,,,,,,
401547113,2023,11,regular,2023-11-11T18:00:00.000Z,False,True,False,True,,5923.0,Legacy Field in Carlson Stadium,67,Luther,iii,American Rivers,10.0,"[3, 7, 0, 0]",,,,49,Dubuque,iii,American Rivers,42.0,"[14, 14, 14, 0]",,,,,,,
401540793,2023,11,regular,2023-11-11T18:00:00.000Z,False,True,False,True,,3927.0,Sherman Field,2392,Michigan Tech,ii,GLIAC,21.0,"[0, 14, 0, 7]",,,,129,Saginaw Valley State,ii,GLIAC,38.0,"[14, 7, 3, 14]",,,,,,,
401540580,2023,11,regular,2023-11-11T18:00:00.000Z,False,True,False,True,,717.0,Villanova Stadium,222,Villanova,fcs,Coastal Athletic,33.0,"[10, 14, 7, 2]",0.9881139397621155,,,119,Towson,fcs,Coastal Athletic,10.0,"[0, 0, 3, 7]",0.011886060237884521,,,2.434163920210437,,,
401540774,2023,11,regular,2023-11-11T18:00:00.000Z,False,True,False,True,,3811.0,Lubbers Stadium,125,Grand Valley State,ii,GLIAC,38.0,"[7, 21, 7, 3]",,,,110254,Davenport,ii,GLIAC,0.0,"[0, 0, 0, 0]",,,,,,,
401540482,2023,11,regular,2023-11-11T18:00:00.000Z,False,True,False,True,,3858.0,O'Brien Stadium,2197,Eastern Illinois,fcs,Big South-OVC,30.0,"[14, 0, 9, 7]",0.12032861296807239,,,2634,Tennessee State,fcs,Big South-OVC,17.0,"[0, 14, 3, 0]",0.8796713870319276,,,7.8361655025,,,
401552996,2023,11,regular,2023-11-11T18:00:00.000Z,False,True,False,True,,7077.0,Shadek Stadium,2234,Franklin & Marshall,iii,Centennial,35.0,"[7, 14, 7, 7]",,,,2248,Gettysburg,iii,Centennial,10.0,"[0, 3, 7, 0]",,,,,,,
401540568,2023,11,regular,2023-11-11T18:00:00.000Z,False,True,False,True,,3655.0,Brown Field,2674,Valparaiso,fcs,Pioneer,23.0,"[0, 7, 6, 7, 3]",0.9076083302497864,,,56,Stetson,fcs,Pioneer,20.0,"[0, 10, 7, 3, 0]",0.09239166975021362,,,7.07142720168245,,,
401544086,2023,11,regular,2023-11-11T18:00:00.000Z,False,True,False,True,,5861.0,Rosenbloom Field,65,Grinnell,iii,Midwest,20.0,"[0, 14, 0, 6]",,,,2155,Cornell (IA),iii,Midwest,51.0,"[23, 0, 7, 21]",,,,,,,
401550315,2023,11,regular,2023-11-11T18:00:00.000Z,False,True,False,True,,5799.0,Daly Field at Frank R. Campbell Stadium,2047,Averett,iii,Old Dominion,38.0,"[7, 14, 10, 7]",,,,366,Ferrum,iii,Old Dominion,10.0,"[0, 0, 3, 7]",,,,,,,
401541825,2023,11,regular,2023-11-11T18:00:00.000Z,False,True,False,True,,3729.0,"Frank ""Muddy"" Waters Stadium",2273,Hillsdale,ii,Great Midwest Athletic,35.0,"[7, 7, 14, 7]",,,,2477,Ohio Dominican,ii,Great Midwest Athletic,17.0,"[0, 7, 3, 7]",,,,,,,
401545868,2023,11,regular,2023-11-11T18:05:00.000Z,False,True,False,True,,4439.0,Eiler-Martin Stadium,2188,East Stroudsburg,ii,Pennsylvania State Athletic,37.0,"[7, 0, 14, 16]",,,,2858,California (PA),ii,Pennsylvania State Athletic,30.0,"[7, 3, 7, 13]",,,,,,,
401541091,2023,11,regular,2023-11-11T18:07:00.000Z,False,True,False,True,,5123.0,Little Giant Stadium,89,Wabash,iii,North Coast,30.0,"[7, 10, 3, 7, 0, 3]",,,,83,DePauw,iii,North Coast,33.0,"[7, 14, 0, 6, 0, 6]",,,,,,,
401544961,2023,11,regular,2023-11-11T18:30:00.000Z,False,True,False,True,,6111.0,Cook Stadium,86,Rose Hulman,iii,Heartland,20.0,"[13, 0, 0, 7]",,,,2419,Mount St Joseph,iii,Heartland,68.0,"[21, 13, 20, 14]",,,,,,,
401544105,2023,11,regular,2023-11-11T18:30:00.000Z,False,True,False,True,,5931.0,Don Drumm Stadium,317,Marietta,iii,Ohio,21.0,"[0, 7, 7, 7]",,,,332,Muskingum,iii,Ohio,20.0,"[0, 7, 0, 13]",,,,,,,
401544114,2023,11,regular,2023-11-11T18:30:00.000Z,False,True,False,True,,4856.0,Mount Union Stadium,426,Mount Union,iii,Ohio,41.0,"[3, 21, 7, 10]",,,,188,Baldwin Wallace,iii,Ohio,17.0,"[3, 7, 7, 0]",,,,,,,
401550090,2023,11,regular,2023-11-11T18:30:00.000Z,False,True,False,True,,3614.0,Alumni Stadium (IN),2262,Hanover,iii,Heartland,36.0,"[6, 9, 7, 14]",,,,2233,Franklin,iii,Heartland,17.0,"[0, 3, 0, 14]",,,,,,,
401550078,2023,11,regular,2023-11-11T18:30:00.000Z,False,True,False,True,,5930.0,Carl W. Burt Memorial Stadium,2362,Manchester,iii,Heartland,37.0,"[6, 8, 14, 9]",,,,2023,Anderson (IN),iii,Heartland,7.0,"[0, 0, 7, 0]",,,,,,,
401550264,2023,11,regular,2023-11-11T18:30:00.000Z,False,True,False,True,,5854.0,Hoernemann Stadium,191,Heidelberg,iii,Ohio,31.0,"[14, 0, 3, 14]",,,,424,Capital,iii,Ohio,17.0,"[7, 0, 0, 10]",,,,,,,
401540332,2023,11,regular,2023-11-11T18:30:00.000Z,False,True,False,True,,3826.0,Memorial Field,159,Dartmouth,fcs,Ivy,30.0,"[14, 7, 3, 6]",0.9916050434112549,,,172,Cornell,fcs,Ivy,14.0,"[0, 7, 7, 0]",0.008394956588745117,,,2.781990647129653,,,
401541072,2023,11,regular,2023-11-11T18:30:00.000Z,False,True,False,True,,5832.0,Justin F. Coressel Stadium,190,Defiance College,iii,Heartland,35.0,"[0, 7, 14, 14]",,,,2074,Bluffton,iii,Heartland,42.0,"[7, 21, 7, 7]",,,,,,,
401550288,2023,11,regular,2023-11-11T18:30:00.000Z,False,True,False,True,,6101.0,"Memorial Stadium (Westerville, OH)",359,Otterbein,iii,Ohio,22.0,"[0, 7, 7, 8]",,,,2302,John Carroll,iii,Ohio,37.0,"[7, 14, 6, 10]",,,,,,,
401540603,2023,11,regular,2023-11-11T18:30:00.000Z,False,True,False,True,,3868.0,Paladin Stadium,231,Furman,fcs,Southern,37.0,"[17, 17, 3, 0]",1.0,,,2678,VMI,fcs,Southern,3.0,"[0, 0, 0, 3]",0.0,,,2.101016494769012,,,
401540989,2023,11,regular,2023-11-11T19:00:00.000Z,False,True,False,True,,6049.0,"Memorial Stadium (Wichita Falls, TX)",2395,Midwestern State,ii,Lone Star,21.0,"[7, 7, 0, 7]",,,,2658,Texas A&M-Kingsville,ii,Lone Star,27.0,"[14, 3, 10, 0]",,,,,,,
401550048,2023,11,regular,2023-11-11T19:00:00.000Z,False,True,False,True,,6093.0,Holmgren Athletic Complex,75,North Park,iii,CCIW,26.0,"[0, 7, 6, 13]",,,,396,Wheaton (IL),iii,CCIW,42.0,"[7, 14, 21, 0]",,,,,,,
401547106,2023,11,regular,2023-11-11T19:00:00.000Z,False,True,False,True,,5823.0,Clark Field,2141,Coe,iii,American Rivers,54.0,"[7, 27, 6, 14]",,,,263,Loras,iii,American Rivers,14.0,"[0, 7, 7, 0]",,,,,,,
401531915,2023,11,regular,2023-11-11T19:00:00.000Z,False,True,False,True,7683.0,3817.0,Malone Stadium,2433,UL Monroe,fbs,Sun Belt,14.0,"[0, 0, 7, 7]",0.1955195665359497,1047.0,1035.0,2653,Troy,fbs,Sun Belt,45.0,"[7, 14, 3, 21]",0.8044804334640503,1697.0,1709.0,3.350935230948138,,,
401540519,2023,11,regular,2023-11-11T19:00:00.000Z,False,True,False,True,,3701.0,Drake Stadium,2181,Drake,fcs,Pioneer,16.0,"[7, 3, 6, 0]",0.8540534973144531,,,2506,Presbyterian,fcs,Pioneer,14.0,"[7, 0, 0, 7]",0.14594650268554688,,,4.354519349126279,,,
401541957,2023,11,regular,2023-11-11T19:00:00.000Z,False,True,False,True,,5890.0,Lewis Field Stadium,2231,Fort Hays,ii,Mid America,42.0,"[13, 7, 15, 7]",,,,2214,Emporia State,ii,Mid America,45.0,"[17, 14, 7, 7]",,,,,,,
401544997,2023,11,regular,2023-11-11T19:00:00.000Z,False,True,False,True,,6152.0,Wiliams Stadium (OH),2733,Wilmington (OH),iii,Ohio,14.0,"[0, 7, 7, 0]",,,,427,Ohio Northern,iii,Ohio,38.0,"[10, 14, 7, 7]",,,,,,,
401544143,2023,11,regular,2023-11-11T19:00:00.000Z,False,True,False,True,,4422.0,Valhalla Stadium,2757,Berry,iii,Southern Athletic,36.0,"[16, 13, 0, 7]",,,,2519,Rhodes,iii,Southern Athletic,12.0,"[0, 6, 0, 6]",,,,,,,
401550067,2023,11,regular,2023-11-11T19:00:00.000Z,False,True,False,True,,5794.0,Caparso Field,15,Anna Maria College,iii,ECFC,58.0,"[14, 17, 27, 0]",,,,293,Vermont State Castleton,iii,ECFC,23.0,"[7, 0, 2, 14]",,,,,,,
401531408,2023,11,regular,2023-11-11T19:00:00.000Z,False,True,False,True,8895.0,4418.0,Jerry Richardson Stadium,2429,Charlotte,fbs,American Athletic,38.0,"[0, 17, 7, 14, 0]",0.6005269289016724,1169.0,1186.0,235,Memphis,fbs,American Athletic,44.0,"[7, 7, 7, 17, 6]",0.39947307109832764,1576.0,1559.0,8.589157525006796,,,
401541052,2023,11,regular,2023-11-11T19:00:00.000Z,False,True,False,True,,6125.0,Bulldog Stadium (TX),2639,Texas Lutheran,iii,American Southwest,29.0,"[8, 7, 14, 0]",,,,2045,Austin,iii,American Southwest,10.0,"[0, 3, 7, 0]",,,,,,,
401547098,2023,11,regular,2023-11-11T19:00:00.000Z,False,True,False,True,,3635.0,Bill Buxton Stadium,2564,Simpson (IA),iii,American Rivers,14.0,"[7, 0, 0, 7]",,,,2964,Central College,iii,American Rivers,69.0,"[14, 27, 7, 21]",,,,,,,
401520385,2023,11,regular,2023-11-11T19:00:00.000Z,False,True,False,False,25240.0,3651.0,Bridgeforth Stadium,256,James Madison,fbs,Sun Belt,44.0,"[3, 10, 17, 14]",0.9957457780838013,1725.0,1758.0,41,UConn,fbs,FBS Independents,6.0,"[0, 3, 3, 0]",0.0042542219161987305,1109.0,1076.0,2.9605807356008373,,,
401541983,2023,11,regular,2023-11-11T19:00:00.000Z,False,True,False,True,,6034.0,Yager Stadium at Moore Bowl,2687,Washburn,ii,Mid America,45.0,"[3, 21, 14, 7]",,,,196,Northeastern State,ii,Mid America,14.0,"[7, 0, 7, 0]",,,,,,,
401540707,2023,11,regular,2023-11-11T19:00:00.000Z,False,True,False,True,,3878.0,Plaster Sports Complex,2586,Southwest Baptist,ii,Great Lakes,3.0,"[0, 0, 0, 3]",,,,2292,Indianapolis,ii,Great Lakes,41.0,"[14, 7, 14, 6]",,,,,,,
401547180,2023,11,regular,2023-11-11T19:00:00.000Z,False,True,False,True,,5996.0,Wilford Moore Stadium,241,McMurry,iii,American Southwest,37.0,"[14, 10, 13, 0]",,,,2834,Sul Ross State,iii,American Southwest,23.0,"[3, 6, 7, 7]",,,,,,,
401550322,2023,11,regular,2023-11-11T19:00:00.000Z,False,True,False,True,,5800.0,Jopson Athletic Complex,2079,Bridgewater,iii,Old Dominion,47.0,"[14, 17, 3, 13]",,,,2258,Guilford,iii,Old Dominion,15.0,"[7, 0, 8, 0]",,,,,,,
401541767,2023,11,regular,2023-11-11T19:00:00.000Z,False,True,False,True,,6065.0,Cliff Harris Stadium,2888,Ouachita Baptist,ii,Great American,27.0,"[6, 7, 0, 14]",,,,2271,Henderson State,ii,Great American,31.0,"[7, 7, 14, 3]",,,,,,,
401544953,2023,11,regular,2023-11-11T19:00:00.000Z,False,True,False,True,,6080.0,Frank M. Lindsay Field,74,Millikin,iii,CCIW,15.0,"[0, 7, 0, 8]",,,,2106,Carthage,iii,CCIW,24.0,"[3, 0, 0, 21]",,,,,,,
401547225,2023,11,regular,2023-11-11T19:00:00.000Z,False,True,False,True,,5859.0,Tucci Stadium,306,Illinois Wesleyan,iii,CCIW,49.0,"[20, 7, 15, 7]",,,,72,Elmhurst,iii,CCIW,13.0,"[6, 0, 0, 7]",,,,,,,
401547147,2023,11,regular,2023-11-11T19:00:00.000Z,False,True,False,True,,5857.0,Gordon Wood Stadium,2758,Howard Payne,iii,American Southwest,10.0,"[7, 3, 0, 0]",,,,2371,Mary Hardin Baylor,iii,American Southwest,35.0,"[21, 0, 7, 7]",,,,,,,
401550446,2023,11,regular,2023-11-11T19:00:00.000Z,False,True,False,True,,6082.0,Big Cat Stadium,2399,Minnesota Morris,iii,Upper Midwest,42.0,"[7, 9, 16, 10]",,,,583,Northwestern (MN),iii,Upper Midwest,39.0,"[21, 0, 11, 7]",,,,,,,
401545988,2023,11,regular,2023-11-11T19:00:00.000Z,False,True,False,True,,5880.0,Elliott Field at Don Beebe Stadium,2123,Chadron State,ii,Rocky Mountain,27.0,"[0, 21, 3, 3]",,,,613,South Dakota Mines,ii,Rocky Mountain,19.0,"[0, 16, 0, 3]",,,,,,,
401540181,2023,11,regular,2023-11-11T19:00:00.000Z,False,True,False,True,,3742.0,Governors Stadium,2046,Austin Peay,fcs,UAC,30.0,"[3, 10, 10, 7]",0.7415417432785034,,,3101,Utah Tech,fcs,UAC,17.0,"[0, 7, 10, 0]",0.2584582567214966,,,5.104512101330524,,,
401550225,2023,11,regular,2023-11-11T19:00:00.000Z,False,True,False,True,,5797.0,Vago Field,2044,Aurora,iii,NACC,23.0,"[0, 10, 13, 0]",,,,409,Concordia (WI),iii,NACC,0.0,"[0, 0, 0, 0]",,,,,,,
401541922,2023,11,regular,2023-11-11T19:00:00.000Z,False,True,False,True,,3633.0,Ben Altamirano Field,2703,Western New Mexico,ii,Lone Star,25.0,"[7, 3, 7, 8]",,,,2201,Eastern New Mexico,ii,Lone Star,24.0,"[0, 14, 7, 3]",,,,,,,
401540428,2023,11,regular,2023-11-11T19:00:00.000Z,False,True,False,True,,3749.0,Hunter Stadium,2815,Lindenwood,fcs,Big South-OVC,3.0,"[0, 3, 0, 0]",0.0155768608674407,,,2803,Bryant,fcs,Big South-OVC,38.0,"[14, 17, 7, 0]",0.9844231391325593,,,2.6733824874450915,,,
401551508,2023,11,regular,2023-11-11T19:00:00.000Z,False,True,False,True,,5838.0,Ornelas Stadium,2194,East Texas Baptist,iii,American Southwest,27.0,"[0, 7, 7, 13]",,,,2810,Hardin Simmons,iii,American Southwest,42.0,"[21, 14, 7, 0]",,,,,,,
401550420,2023,11,regular,2023-11-11T19:00:00.000Z,False,True,False,True,,5903.0,Community Stadium at Goerke Park,2743,Wisconsin Stevens Point,iii,Wisconsin,7.0,"[0, 7, 0, 0]",,,,2740,Wisconsin La Crosse,iii,Wisconsin,41.0,"[21, 13, 0, 7]",,,,,,,
401541854,2023,11,regular,2023-11-11T19:00:00.000Z,False,True,False,True,,5935.0,Parker Field at McCool Stadium,2170,Delta State,ii,Gulf South,41.0,"[3, 17, 14, 7]",,,,2401,Mississippi College,ii,Gulf South,3.0,"[0, 3, 0, 0]",,,,,,,
401547089,2023,11,regular,2023-11-11T19:00:00.000Z,False,True,False,True,,5809.0,J. Leslie Rollins Stadium,63,Buena Vista,iii,American Rivers,25.0,"[3, 3, 12, 7]",,,,6845,Nebraska Wesleyan,iii,American Rivers,20.0,"[0, 6, 0, 14]",,,,,,,
401549801,2023,11,regular,2023-11-11T19:00:00.000Z,False,True,False,True,,3915.0,Charles Lee Field at Samford Stadium,2938,Huntingdon,iii,USA South,21.0,"[7, 7, 0, 7]",,,,286,North Carolina Wesleyan,iii,USA South,0.0,"[0, 0, 0, 0]",,,,,,,
401545999,2023,11,regular,2023-11-11T19:00:00.000Z,False,True,False,True,,5944.0,Ray Dennison Memorial Field,2237,Fort Lewis,ii,Rocky Mountain,0.0,"[0, 0, 0, 0]",,,,2146,Colorado School of Mines,ii,Rocky Mountain,82.0,"[28, 27, 20, 7]",,,,,,,
401540415,2023,11,regular,2023-11-11T19:00:00.000Z,False,True,False,True,,2068.0,E. Claiborne Robins Stadium,257,Richmond,fcs,Coastal Athletic,38.0,"[7, 21, 0, 10]",0.9749239087104797,,,2210,Elon,fcs,Coastal Athletic,24.0,"[7, 0, 7, 10]",0.025076091289520264,,,3.3954810498585357,,,
401550239,2023,11,regular,2023-11-11T19:00:00.000Z,False,True,False,True,,5918.0,Taylor Field,6353,Lakeland,iii,NACC,35.0,"[14, 0, 0, 21]",,,,101,Eureka,iii,NACC,34.0,"[7, 14, 6, 7]",,,,,,,
401545994,2023,11,regular,2023-11-11T19:00:00.000Z,False,True,False,True,,6059.0,Sanchez Family Stadium,2424,New Mexico Highlands,ii,Rocky Mountain,24.0,"[0, 3, 8, 13]",,,,11,Colorado Mesa,ii,Rocky Mountain,38.0,"[14, 10, 14, 0]",,,,,,,
401540621,2023,11,regular,2023-11-11T19:00:00.000Z,False,True,False,True,,3782.0,Johnson Hagood Stadium,2643,The Citadel,fcs,Southern,3.0,"[0, 3, 0, 0]",0.4731048047542572,,,2747,Wofford,fcs,Southern,11.0,"[8, 0, 0, 3]",0.5268951952457428,,,3.8584962009235406,,,
401541138,2023,11,regular,2023-11-11T19:00:00.000Z,False,True,False,True,,5120.0,J.J. Keller Field at Titan Stadium,271,Wisconsin Oshkosh,iii,Wisconsin,38.0,"[7, 17, 0, 14]",,,,2723,Wisconsin River Falls,iii,Wisconsin,31.0,"[7, 14, 7, 3]",,,,,,,
401540716,2023,11,regular,2023-11-11T19:00:00.000Z,False,True,False,True,,6047.0,Leemon Field,2816,McKendree,ii,Great Lakes,35.0,"[0, 7, 14, 14]",,,,2911,William Jewell,ii,Great Lakes,14.0,"[0, 0, 0, 14]",,,,,,,
401545851,2023,11,regular,2023-11-11T19:00:00.000Z,False,True,False,True,,5780.0,Altra Federal Credit Union Stadium,2851,Winona State,ii,Northern Sun,13.0,"[7, 3, 0, 3]",,,,568,Minot State,ii,Northern Sun,7.0,"[0, 0, 0, 7]",,,,,,,
401524052,2023,11,regular,2023-11-11T19:00:00.000Z,False,True,False,True,52788.0,3726.0,Folsom Field,38,Colorado,fbs,Pac-12,31.0,"[14, 10, 7, 0]",0.2544537519529677,1315.0,1330.0,12,Arizona,fbs,Pac-12,34.0,"[7, 10, 7, 10]",0.7455462480470323,1657.0,1642.0,8.2017388645,,,
401540736,2023,11,regular,2023-11-11T19:00:00.000Z,False,True,False,True,,3609.0,Allgood-Bailey Stadium,2402,Missouri S&T,ii,Great Lakes,14.0,"[0, 0, 7, 7]",,,,2654,Truman State,ii,Great Lakes,24.0,"[0, 14, 7, 3]",,,,,,,
401525551,2023,11,regular,2023-11-11T19:00:00.000Z,False,True,False,True,29591.0,3630.0,Allegacy Federal Credit Union Stadium,154,Wake Forest,fbs,ACC,6.0,"[0, 0, 0, 6]",0.0010081617381101139,1487.0,1444.0,152,NC State,fbs,ACC,26.0,"[7, 14, 0, 5]",0.9989918382618899,1558.0,1601.0,2.1140792628,,,
401531913,2023,11,regular,2023-11-11T19:00:00.000Z,False,True,False,True,14260.0,4246.0,Center Parc Stadium,2247,Georgia State,fbs,Sun Belt,14.0,"[0, 0, 0, 14]",0.06461117416620255,1436.0,1374.0,2026,App State,fbs,Sun Belt,42.0,"[7, 14, 7, 14]",0.9353888258337975,1556.0,1618.0,2.9766668341675455,,,
401545808,2023,11,regular,2023-11-11T19:00:00.000Z,False,True,False,True,,5872.0,Kirkeby-Over Stadium,2043,Augustana (SD),ii,Northern Sun,38.0,"[7, 0, 17, 14]",,,,132,Bemidji State,ii,Northern Sun,19.0,"[0, 0, 12, 7]",,,,,,,
401549783,2023,11,regular,2023-11-11T19:00:00.000Z,False,True,False,True,,4854.0,Perkins Stadium,2745,Wisconsin Whitewater,iii,Wisconsin,59.0,"[28, 17, 7, 7]",,,,2738,Wisconsin Eau Claire,iii,Wisconsin,0.0,"[0, 0, 0, 0]",,,,,,,
401541978,2023,11,regular,2023-11-11T19:30:00.000Z,False,True,False,True,,5134.0,Bearcat Stadium,138,Northwest Missouri State,ii,Mid America,56.0,"[14, 14, 14, 14]",,,,2438,Nebraska Kearney,ii,Mid America,7.0,"[0, 0, 0, 7]",,,,,,,
401540487,2023,11,regular,2023-11-11T19:30:00.000Z,False,True,False,True,,3962.0,Tucker Stadium,2635,Tennessee Tech,fcs,Big South-OVC,0.0,"[0, 0, 0, 0]",0.005724139511585236,,,2241,Gardner-Webb,fcs,Big South-OVC,35.0,"[21, 14, 0, 0]",0.9942758604884148,,,2.8317796976967826,,,
401540433,2023,11,regular,2023-11-11T20:00:00.000Z,False,True,False,True,,3734.0,Gayle and Tom Benson Stadium,2916,Incarnate Word,fcs,Southland,1.0,"[1, 0, 0, 0]",,,,2466,Northwestern State,fcs,Southland,0.0,"[0, 0, 0, 0]",,,,,,,
401540352,2023,11,regular,2023-11-11T20:00:00.000Z,False,True,False,True,,3878.0,Plaster Sports Complex,2623,Missouri State,fcs,MVFC,35.0,"[7, 14, 0, 14]",0.8440276384353638,,,2460,Northern Iowa,fcs,MVFC,16.0,"[3, 0, 6, 7]",0.15597236156463623,,,3.279666092858292,,,
401540502,2023,11,regular,2023-11-11T20:00:00.000Z,False,True,False,True,,3748.0,Graham Stadium,2630,UT Martin,fcs,Big South-OVC,41.0,"[13, 7, 7, 14]",0.9912886619567871,,,2546,Southeast Missouri State,fcs,Big South-OVC,14.0,"[7, 0, 7, 0]",0.00871133804321289,,,2.955357883503055,,,
401540169,2023,11,regular,2023-11-11T20:00:00.000Z,False,True,False,True,,3599.0,Ace W. Mumford Stadium,2582,Southern,fcs,SWAC,21.0,"[7, 14, 0, 0]",0.08925765752792358,,,2504,Prairie View A&M,fcs,SWAC,27.0,"[7, 10, 7, 3]",0.9107423424720764,,,6.04080802189404,,,
401540277,2023,11,regular,2023-11-11T20:00:00.000Z,False,True,False,True,,2023.0,Walkup Skydome,2464,Northern Arizona,fcs,Big Sky,28.0,"[7, 14, 7, 0]",0.9658105969429016,,,2458,Northern Colorado,fcs,Big Sky,7.0,"[0, 7, 0, 0]",0.03418940305709839,,,2.425178926368675,,,
401541965,2023,11,regular,2023-11-11T20:00:00.000Z,False,True,False,True,,6054.0,Fred G. Hughes Stadium,2403,Missouri Southern State,ii,Mid America,47.0,"[7, 6, 7, 14, 7, 6]",,,,137,Missouri Western,ii,Mid America,41.0,"[7, 17, 7, 3, 7, 0]",,,,,,,
401540218,2023,11,regular,2023-11-11T20:00:00.000Z,False,True,False,True,,5440.0,Wildcat Stadium (TX),2000,Abilene Christian,fcs,UAC,30.0,"[7, 16, 0, 7]",0.5494300723075867,,,2627,Tarleton State,fcs,UAC,31.0,"[14, 0, 0, 17]",0.45056992769241333,,,6.118083945510689,,,
401550246,2023,11,regular,2023-11-11T20:00:00.000Z,False,True,False,True,,6121.0,Donald J. Schneider Stadium,2832,St. Norbert,iii,NACC,24.0,"[3, 7, 0, 14]",,,,2283,Benedictine (IL),iii,NACC,0.0,"[0, 0, 0, 0]",,,,,,,
401532615,2023,11,regular,2023-11-11T20:00:00.000Z,False,True,False,True,17760.0,3905.0,Maverik Stadium,328,Utah State,fbs,Mountain West,41.0,"[7, 17, 10, 7]",0.9935595393180847,1388.0,1406.0,2440,Nevada,fbs,Mountain West,24.0,"[7, 3, 0, 14]",0.006440460681915283,1180.0,1162.0,4.163998510660218,,,
401525889,2023,11,regular,2023-11-11T20:00:00.000Z,False,True,False,True,51790.0,3636.0,Bill Snyder Family Stadium,2306,Kansas State,fbs,Big 12,59.0,"[21, 14, 17, 7]",0.9948059320449829,1969.0,2002.0,239,Baylor,fbs,Big 12,25.0,"[7, 6, 6, 6]",0.00519406795501709,1452.0,1419.0,3.0543830863823707,,,
401520387,2023,11,regular,2023-11-11T20:00:00.000Z,False,True,False,True,15080.0,3776.0,Joe Aillet Stadium,2348,Louisiana Tech,fbs,Conference USA,27.0,"[3, 3, 14, 7]",0.031854048371315,1219.0,1192.0,2534,Sam Houston,fbs,Conference USA,42.0,"[7, 7, 14, 14]",0.968145951628685,1304.0,1331.0,5.154768006341759,,,
401550424,2023,11,regular,2023-11-11T20:00:00.000Z,False,True,False,True,,5911.0,Ralph E. Davis Pioneer Stadium,272,Wisconsin Platteville,iii,Wisconsin,41.0,"[7, 20, 0, 14]",,,,2744,Wisconsin Stout,iii,Wisconsin,24.0,"[0, 7, 10, 7]",,,,,,,
401541911,2023,11,regular,2023-11-11T20:00:00.000Z,False,True,False,True,,5917.0,Ratliff Stadium,110243,UT Permian Basin,ii,Lone Star,42.0,"[14, 0, 21, 7]",,,,2120,Central Washington,ii,Lone Star,14.0,"[0, 14, 0, 0]",,,,,,,
401544907,2023,11,regular,2023-11-11T20:00:00.000Z,False,True,False,True,,5866.0,Rex Stadium,2001,Adams State,ii,Rocky Mountain,24.0,"[0, 7, 14, 3]",,,,2714,Western Colorado,ii,Rocky Mountain,45.0,"[14, 14, 3, 14]",,,,,,,
401545981,2023,11,regular,2023-11-11T20:00:00.000Z,False,True,False,True,,4852.0,Neta and Eddie DeRose ThunderBowl,2570,CSU Pueblo,ii,Rocky Mountain,42.0,"[7, 7, 14, 14]",,,,2069,Black Hills State,ii,Rocky Mountain,37.0,"[0, 7, 17, 13]",,,,,,,
401540727,2023,11,regular,2023-11-11T20:00:00.000Z,False,True,False,True,,5870.0,Thone Stadium at Buerkle Field,2033,Arkansas Tech,ii,Great American,0.0,"[0, 0, 0, 0]",,,,2264,Harding,ii,Great American,56.0,"[14, 28, 7, 7]",,,,,,,
401540784,2023,11,regular,2023-11-11T20:00:00.000Z,False,True,False,True,,5891.0,Wilkins Stadium,2568,Southern Arkansas,ii,Great American,60.0,"[7, 23, 15, 15]",,,,2028,Arkansas Monticello,ii,Great American,17.0,"[0, 10, 7, 0]",,,,,,,
401541781,2023,11,regular,2023-11-11T20:00:00.000Z,False,True,False,True,,3934.0,Southern Nazarene University Football Stadium,200,Southern Nazarene,ii,Great American,49.0,"[7, 21, 14, 7]",,,,319,Oklahoma Baptist,ii,Great American,21.0,"[0, 7, 7, 7]",,,,,,,
401541790,2023,11,regular,2023-11-11T20:00:00.000Z,False,True,False,True,,3875.0,Paul Laird Field,199,Southeastern Oklahoma State,ii,Great American,24.0,"[0, 0, 14, 10]",,,,2191,East Central,ii,Great American,14.0,"[14, 0, 0, 0]",,,,,,,
401541948,2023,11,regular,2023-11-11T20:00:00.000Z,False,True,False,True,,6067.0,Carnie Smith Stadium,90,Pittsburg State,ii,Mid America,20.0,"[7, 10, 0, 3]",,,,2122,Central Oklahoma,ii,Mid America,10.0,"[7, 3, 0, 0]",,,,,,,
401540615,2023,11,regular,2023-11-11T20:00:00.000Z,False,True,False,True,,4417.0,Five Star Stadium at the Moye Complex,2382,Mercer,fcs,Southern,28.0,"[6, 0, 15, 7]",0.8984816074371338,,,2535,Samford,fcs,Southern,21.0,"[0, 7, 7, 7]",0.10151839256286621,,,7.280118859367419,,,
401540610,2023,11,regular,2023-11-11T20:00:00.000Z,False,True,False,False,,4899.0,Fifth Third Stadium,338,Kennesaw State,fcs,FCS Independents,63.0,"[21, 21, 14, 7]",0.9935848712921143,,,2355,Virginia Lynchburg,,,3.0,"[0, 3, 0, 0]",0.006415128707885742,,,1.7098946701394513,,,
401540249,2023,11,regular,2023-11-11T20:00:00.000Z,False,True,False,True,,3942.0,Stewart Stadium,2692,Weber State,fcs,Big Sky,31.0,"[0, 14, 14, 3]",1.0,,,70,Idaho,fcs,Big Sky,29.0,"[3, 10, 8, 8]",0.0,,,5.718605887751008,,,
401540122,2023,11,regular,2023-11-11T20:00:00.000Z,False,True,False,True,,3896.0,Rice-Totten Field,2400,Mississippi Valley State,fcs,SWAC,3.0,"[3, 0, 0, 0]",0.2586689591407776,,,2011,Alabama State,fcs,SWAC,20.0,"[14, 6, 0, 0]",0.7413310408592224,,,3.4440120522519613,,,
401540242,2023,11,regular,2023-11-11T20:00:00.000Z,False,True,False,True,,3643.0,Bobcat Stadium,147,Montana State,fcs,Big Sky,57.0,"[14, 27, 10, 6]",0.9847232103347778,,,331,Eastern Washington,fcs,Big Sky,14.0,"[0, 7, 7, 0]",0.015276789665222168,,,2.2757531763785286,,,
401520391,2023,11,regular,2023-11-11T20:30:00.000Z,False,True,False,True,62621.0,3838.0,Memorial Stadium,142,Missouri,fbs,SEC,36.0,"[0, 13, 9, 14]",0.9213712215423584,1643.0,1761.0,2633,Tennessee,fbs,SEC,7.0,"[0, 7, 0, 0]",0.0786287784576416,1948.0,1830.0,5.335533629583766,,,
401520398,2023,11,regular,2023-11-11T20:30:00.000Z,False,True,False,True,76124.0,347.0,Camp Randall Stadium,275,Wisconsin,fbs,Big Ten,10.0,"[3, 0, 0, 7]",0.19517196714878082,1655.0,1593.0,77,Northwestern,fbs,Big Ten,24.0,"[7, 17, 0, 0]",0.8048280328512192,1379.0,1441.0,3.2193989639302028,,,
401520395,2023,11,regular,2023-11-11T20:30:00.000Z,False,True,False,True,59049.0,3907.0,Ross-Ade Stadium,2509,Purdue,fbs,Big Ten,49.0,"[14, 14, 7, 14]",0.998629948789317,1448.0,1506.0,135,Minnesota,fbs,Big Ten,30.0,"[10, 10, 0, 10]",0.0013700512106830098,1589.0,1531.0,4.8733548226,,,
401531384,2023,11,regular,2023-11-11T20:30:00.000Z,False,True,False,True,29078.0,3852.0,Navy-Marine Corps Memorial Stadium,2426,Navy,fbs,American Athletic,31.0,"[7, 0, 3, 21]",0.9926551580429077,1306.0,1376.0,5,UAB,fbs,American Athletic,6.0,"[3, 3, 0, 0]",0.007344841957092285,1367.0,1297.0,3.744944255026955,,,
401525892,2023,11,regular,2023-11-11T20:30:00.000Z,False,True,False,True,44046.0,3652.0,FBC Mortgage Stadium,2116,UCF,fbs,Big 12,45.0,"[14, 10, 14, 7]",0.9587985277175903,1507.0,1650.0,197,Oklahoma State,fbs,Big 12,3.0,"[0, 0, 3, 0]",0.04120147228240967,1629.0,1486.0,2.4343317772667423,,,
401531912,2023,11,regular,2023-11-11T20:30:00.000Z,False,True,False,True,15832.0,3654.0,Brooks Stadium (SC),324,Coastal Carolina,fbs,Sun Belt,31.0,"[7, 14, 7, 3]",0.9336634278297424,1491.0,1499.0,326,Texas State,fbs,Sun Belt,23.0,"[10, 0, 0, 13]",0.06633657217025757,1424.0,1416.0,4.373047837967994,,,
401524056,2023,11,regular,2023-11-11T20:30:00.000Z,False,True,False,True,70976.0,3765.0,Husky Stadium,264,Washington,fbs,Pac-12,35.0,"[10, 14, 11, 0]",0.9524555802345276,1864.0,1871.0,254,Utah,fbs,Pac-12,28.0,"[7, 21, 0, 0]",0.04754441976547241,1823.0,1816.0,6.450739611655269,,,
401520399,2023,11,regular,2023-11-11T20:30:00.000Z,False,True,False,True,16319.0,3796.0,Houchens Industries-L.T. Smith Stadium,98,Western Kentucky,fbs,Conference USA,29.0,"[14, 7, 0, 8]",0.11136139878720129,1495.0,1465.0,166,New Mexico State,fbs,Conference USA,38.0,"[3, 14, 7, 14]",0.8886386012127987,1361.0,1391.0,5.6110813473,,,
401534857,2023,11,regular,2023-11-11T20:30:00.000Z,False,True,False,True,,3990.0,William H. Greene Stadium,47,Howard,fcs,MEAC,50.0,"[7, 21, 7, 15]",0.9957021381927993,,,2428,North Carolina Central,fcs,MEAC,20.0,"[0, 14, 0, 6]",0.004297861807200709,,,3.7449889107,,,
401520384,2023,11,regular,2023-11-11T20:30:00.000Z,False,True,False,True,69250.0,3793.0,Kinnick Stadium,2294,Iowa,fbs,Big Ten,22.0,"[0, 3, 3, 16]",1.0,1648.0,1683.0,164,Rutgers,fbs,Big Ten,0.0,"[0, 0, 0, 0]",0.0,1477.0,1442.0,2.81434332719791,,,
401525552,2023,11,regular,2023-11-11T20:30:00.000Z,False,True,True,True,17101.0,4102.0,Yankee Stadium,183,Syracuse,fbs,ACC,28.0,"[7, 0, 14, 7]",0.9274258613586426,1364.0,1411.0,221,Pittsburgh,fbs,ACC,13.0,"[3, 10, 0, 0]",0.07257413864135742,1448.0,1401.0,3.771048168332334,,,
401540387,2023,11,regular,2023-11-11T20:30:00.000Z,False,True,False,True,,3714.0,Fargodome,2449,North Dakota State,fcs,MVFC,34.0,"[7, 6, 7, 14]",0.992894172668457,,,79,Southern Illinois,fcs,MVFC,10.0,"[7, 3, 0, 0]",0.007105827331542969,,,3.631141623256943,,,
401525550,2023,11,regular,2023-11-11T20:30:00.000Z,False,True,False,True,79560.0,3697.0,Doak Campbell Stadium,52,Florida State,fbs,ACC,27.0,"[7, 3, 10, 7]",0.9633764624595642,1966.0,1954.0,2390,Miami,fbs,ACC,20.0,"[0, 10, 3, 7]",0.03662353754043579,1549.0,1561.0,4.433835578719454,,,
401520390,2023,11,regular,2023-11-11T20:30:00.000Z,False,True,False,True,11111.0,3725.0,"Johnny ""Red"" Floyd Stadium",2393,Middle Tennessee,fbs,Conference USA,40.0,"[17, 14, 0, 9]",0.9912664890289307,1289.0,1354.0,2229,Florida International,fbs,Conference USA,6.0,"[0, 6, 0, 0]",0.008733510971069336,1060.0,995.0,2.3389663008454344,,,
401552011,2023,11,regular,2023-11-11T21:00:00.000Z,False,True,False,True,,6104.0,Baker Stadium,2508,Puget Sound,iii,Northwest,7.0,"[0, 0, 0, 7]",,,,2486,Pacific Lutheran,iii,Northwest,42.0,"[7, 7, 14, 14]",,,,,,,
401547024,2023,11,regular,2023-11-11T21:00:00.000Z,False,True,False,True,,6078.0,Pioneer Field (TN),2839,Tusculum,ii,South Atlantic,7.0,"[0, 0, 0, 7]",,,,2331,Lenoir Rhyne,ii,South Atlantic,48.0,"[14, 6, 14, 14]",,,,,,,
401541774,2023,11,regular,2023-11-11T21:00:00.000Z,False,True,False,True,,4763.0,Ranger Field,2823,Northwestern (OK),ii,Great American,41.0,"[7, 6, 21, 7]",,,,2927,Southwestern Oklahoma State,ii,Great American,0.0,"[0, 0, 0, 0]",,,,,,,
401541000,2023,11,regular,2023-11-11T21:00:00.000Z,False,True,False,True,,6060.0,Grace P. Johnson Stadium,2882,UNC Pembroke,ii,Mountain East,68.0,"[10, 7, 28, 23]",,,,2148,Concord,ii,Mountain East,21.0,"[0, 7, 7, 7]",,,,,,,
401544095,2023,11,regular,2023-11-11T21:00:00.000Z,False,True,False,True,,5119.0,Maxwell Field,203,Linfield,iii,Northwest,24.0,"[14, 3, 7, 0]",,,,2721,Whitworth,iii,Northwest,28.0,"[7, 7, 0, 14]",,,,,,,
401540560,2023,11,regular,2023-11-11T21:00:00.000Z,False,True,False,True,,716.0,Torero Stadium,301,San Diego,fcs,Pioneer,14.0,"[0, 7, 0, 7, 0]",0.7732273936271667,,,2900,St. Thomas (MN),fcs,Pioneer,20.0,"[7, 7, 0, 0, 6]",0.22677260637283325,,,6.331044402540392,,,
401550880,2023,11,regular,2023-11-11T21:00:00.000Z,False,True,False,True,,6149.0,McCulloch Stadium,2930,Willamette,iii,Northwest,13.0,"[6, 0, 7, 0]",,,,2333,Lewis & Clark,iii,Northwest,63.0,"[14, 21, 21, 7]",,,,,,,
401524051,2023,11,regular,2023-11-11T21:00:00.000Z,False,True,False,True,38155.0,3831.0,California Memorial Stadium,25,California,fbs,Pac-12,42.0,"[14, 14, 0, 14]",0.7945595383644104,1425.0,1426.0,265,Washington State,fbs,Pac-12,39.0,"[7, 14, 3, 15]",0.2054404616355896,1435.0,1434.0,4.778096273881879,,,
401531416,2023,11,regular,2023-11-11T21:00:00.000Z,False,True,False,True,,3715.0,FAU Stadium,2226,Florida Atlantic,fbs,American Athletic,7.0,"[0, 7, 0, 0]",0.11062094569206238,1446.0,1401.0,151,East Carolina,fbs,American Athletic,22.0,"[7, 6, 0, 9]",0.8893790543079376,1348.0,1393.0,4.331664961255109,,,
401540381,2023,11,regular,2023-11-11T21:00:00.000Z,False,True,False,True,,3779.0,Manning Field at John L. Guidry Stadium,2447,Nicholls,fcs,Southland,37.0,"[7, 13, 14, 3]",0.991942822933197,,,2320,Lamar,fcs,Southland,24.0,"[7, 4, 7, 6]",0.008057177066802979,,,4.016232714930818,,,
401520380,2023,11,regular,2023-11-11T21:00:00.000Z,False,True,False,True,72033.0,3887.0,Razorback Stadium,8,Arkansas,fbs,SEC,10.0,"[3, 0, 0, 7]",0.0,1600.0,1485.0,2,Auburn,fbs,SEC,48.0,"[21, 6, 21, 0]",1.0,1590.0,1705.0,4.028112214051205,,,
401540436,2023,11,regular,2023-11-11T21:30:00.000Z,False,True,False,True,,4762.0,Memorial Stadium (Commerce TX),2837,East Texas A&M,fcs,Southland,14.0,"[0, 7, 0, 7]",0.004555884748697281,,,2545,SE Louisiana,fcs,Southland,52.0,"[14, 24, 14, 0]",0.9954441152513027,,,2.9486696832328834,,,
401549775,2023,11,regular,2023-11-11T22:00:00.000Z,False,True,True,False,,,,561,Mayville State,,,45.0,"[28, 0, 10, 7]",,,,446,Martin Luther,iii,Upper Midwest,20.0,"[13, 0, 7, 0]",,,,,,,
401549721,2023,11,regular,2023-11-11T22:00:00.000Z,False,True,False,True,,5689.0,Seaverns Field At Harold Alfond Stadium,33,Colby,iii,NESCAC,14.0,"[0, 0, 7, 7]",,,,340,Bowdoin,iii,NESCAC,35.0,"[7, 14, 7, 7]",,,,,,,
401540233,2023,11,regular,2023-11-11T22:00:00.000Z,False,True,False,True,,3757.0,Hornet Stadium,16,Sacramento State,fcs,Big Sky,41.0,"[14, 17, 7, 3]",0.9970878958702087,,,13,Cal Poly,fcs,Big Sky,30.0,"[10, 13, 7, 0]",0.0029121041297912598,,,4.455454010151357,,,
401541810,2023,11,regular,2023-11-11T22:00:00.000Z,False,True,False,True,,5263.0,Steele Stadium,2316,Kentucky Wesleyan,ii,Great Midwest Athletic,23.0,"[7, 0, 3, 13]",,,,308,Ashland,ii,Great Midwest Athletic,56.0,"[21, 21, 0, 14]",,,,,,,
401531916,2023,11,regular,2023-11-11T22:00:00.000Z,False,True,False,True,15242.0,6526.0,Hancock Whitney Stadium,6,South Alabama,fbs,Sun Belt,21.0,"[7, 7, 7, 0]",0.8511140942573547,1627.0,1615.0,2032,Arkansas State,fbs,Sun Belt,14.0,"[3, 0, 3, 8]",0.14888590574264526,1210.0,1222.0,2.9642589501831873,,,
401547194,2023,11,regular,2023-11-11T22:00:00.000Z,False,True,False,True,,5124.0,Homewood Field,118,Johns Hopkins,iii,Centennial,58.0,"[14, 20, 7, 17]",,,,2700,McDaniel,iii,Centennial,7.0,"[0, 0, 7, 0]",,,,,,,
401540211,2023,11,regular,2023-11-11T22:00:00.000Z,False,True,False,True,,3756.0,Homer Bryce Stadium,2617,Stephen F. Austin,fcs,UAC,17.0,"[0, 3, 0, 14]",0.0,,,253,Southern Utah,fcs,UAC,45.0,"[3, 7, 14, 21]",1.0,,,3.780520954756335,,,
401540191,2023,11,regular,2023-11-11T22:00:00.000Z,False,True,False,True,,3711.0,Estes Stadium,2110,Central Arkansas,fcs,UAC,27.0,"[7, 7, 7, 6]",0.34255513548851013,,,2198,Eastern Kentucky,fcs,UAC,24.0,"[7, 3, 3, 11]",0.6574448645114899,,,6.20175994852045,,,
401524054,2023,11,regular,2023-11-11T22:30:00.000Z,False,True,False,True,37107.0,3893.0,Reser Stadium,204,Oregon State,fbs,Pac-12,62.0,"[14, 20, 21, 7]",0.9892436265945435,1765.0,1830.0,24,Stanford,fbs,Pac-12,17.0,"[7, 3, 7, 0]",0.010756373405456543,1249.0,1184.0,3.2013515037739126,,,
401549637,2023,11,regular,2023-11-11T23:00:00.000Z,False,True,False,False,,6085.0,Sprague Field,2818,Montclair State,iii,New Jersey,14.0,"[0, 7, 0, 7]",,,,2422,Muhlenberg,iii,Centennial,45.0,"[7, 28, 7, 3]",,,,,,,
401540257,2023,11,regular,2023-11-11T23:00:00.000Z,False,True,False,True,,1930.0,Holt Arena,304,Idaho State,fcs,Big Sky,14.0,"[7, 0, 7, 0]",0.019784720614552498,,,302,UC Davis,fcs,Big Sky,21.0,"[0, 7, 7, 7]",0.9802152793854475,,,6.40338524059572,,,
401549742,2023,11,regular,2023-11-11T23:00:00.000Z,False,True,False,True,,5926.0,Henry G. Steinbrenner '27 Stadium,109,MIT,iii,NEWMAC,25.0,"[0, 10, 8, 7]",,,,2749,WPI,iii,NEWMAC,21.0,"[7, 14, 0, 0]",,,,,,,
401549649,2023,11,regular,2023-11-11T23:00:00.000Z,False,True,False,True,,5897.0,Francis Field (MO),143,Washington St. Louis,iii,CCIW,35.0,"[7, 14, 7, 7]",,,,32,Carroll (WI),iii,CCIW,23.0,"[0, 10, 6, 7]",,,,,,,
401532617,2023,11,regular,2023-11-12T00:00:00.000Z,False,True,False,True,22033.0,5388.0,Canvas Stadium,36,Colorado State,fbs,Mountain West,22.0,"[5, 10, 7, 0]",0.6569456458091736,1269.0,1271.0,21,San Diego State,fbs,Mountain West,19.0,"[0, 0, 6, 13]",0.3430543541908264,1321.0,1319.0,2.9655053361040484,,,
401520382,2023,11,regular,2023-11-12T00:00:00.000Z,False,True,False,True,92746.0,3917.0,Sanford Stadium,61,Georgia,fbs,SEC,52.0,"[14, 14, 10, 14]",0.9934244751930237,2060.0,2115.0,145,Ole Miss,fbs,SEC,17.0,"[7, 7, 0, 3]",0.006575524806976318,1714.0,1659.0,3.8263285431817455,,,
401550379,2023,11,regular,2023-11-12T00:00:00.000Z,False,True,False,True,,5814.0,Gesling Stadium,2102,Carnegie Mellon,iii,Presidents',31.0,"[7, 7, 3, 14]",,,,2963,Case Western Reserve,iii,Presidents',21.0,"[0, 7, 7, 7]",,,,,,,
401525890,2023,11,regular,2023-11-12T00:00:00.000Z,False,True,False,True,83525.0,3835.0,"Memorial Stadium (Norman, OK)",201,Oklahoma,fbs,Big 12,59.0,"[14, 17, 14, 14]",0.9687048196792603,1906.0,1975.0,277,West Virginia,fbs,Big 12,20.0,"[7, 7, 6, 0]",0.031295180320739746,1577.0,1508.0,3.434402185860199,,,
401541897,2023,11,regular,2023-11-12T00:00:00.000Z,False,True,False,True,,5869.0,LeGrand Stadium at 1st Community Credit Union Field,2025,Angelo State,ii,Lone Star,31.0,"[7, 7, 7, 10]",,,,2848,Western Oregon,ii,Lone Star,13.0,"[0, 10, 3, 0]",,,,,,,
401525887,2023,11,regular,2023-11-12T00:00:00.000Z,False,True,False,True,34312.0,4728.0,TDECU Stadium,248,Houston,fbs,Big 12,14.0,"[0, 7, 0, 7]",0.0,1482.0,1457.0,2132,Cincinnati,fbs,Big 12,24.0,"[7, 7, 3, 7]",1.0,1431.0,1456.0,4.576060790135453,,,
401541871,2023,11,regular,2023-11-12T00:00:00.000Z,False,True,False,True,,4851.0,Bazemore-Hyder Stadium,2673,Valdosta State,ii,Gulf South,58.0,"[10, 10, 24, 14]",,,,2698,West Georgia,ii,Gulf South,28.0,"[0, 7, 21, 0]",,,,,,,
401550495,2023,11,regular,2023-11-12T00:00:00.000Z,False,True,False,True,,5850.0,Stoffer Family Stadium,415,George Fox,iii,Northwest,45.0,"[7, 21, 10, 7]",,,,205,Pacific (OR),iii,Northwest,42.0,"[0, 14, 7, 21]",,,,,,,
401531914,2023,11,regular,2023-11-12T00:00:00.000Z,False,True,False,True,19175.0,3775.0,Joan C. Edwards Stadium,276,Marshall,fbs,Sun Belt,38.0,"[10, 7, 7, 14]",0.8597899675369263,1378.0,1385.0,290,Georgia Southern,fbs,Sun Belt,33.0,"[3, 17, 6, 7]",0.14021003246307373,1432.0,1425.0,6.8816997000694755,,,
401520397,2023,11,regular,2023-11-12T00:30:00.000Z,False,True,False,True,103266.0,3795.0,Kyle Field,245,Texas A&M,fbs,SEC,51.0,"[17, 17, 14, 3]",0.990462064743042,1743.0,1827.0,344,Mississippi State,fbs,SEC,10.0,"[7, 3, 0, 0]",0.009537935256958008,1476.0,1392.0,3.272433733182391,,,
401520389,2023,11,regular,2023-11-12T00:30:00.000Z,False,True,False,True,102321.0,3958.0,Tiger Stadium (LA),99,LSU,fbs,SEC,52.0,"[7, 10, 21, 14]",0.9145046472549438,1927.0,1934.0,57,Florida,fbs,SEC,35.0,"[7, 7, 14, 7]",0.08549535274505615,1588.0,1581.0,5.875435401919501,,,
401520393,2023,11,regular,2023-11-12T00:30:00.000Z,False,True,False,True,105137.0,3861.0,Ohio Stadium,194,Ohio State,fbs,Big Ten,38.0,"[14, 21, 3, 0]",0.9989431534106143,2065.0,2084.0,127,Michigan State,fbs,Big Ten,3.0,"[0, 3, 0, 0]",0.0010568465893856516,1388.0,1369.0,2.3152455971,,,
401525891,2023,11,regular,2023-11-12T00:30:00.000Z,False,True,False,True,50812.0,3616.0,Amon G. Carter Stadium,2628,TCU,fbs,Big 12,26.0,"[6, 0, 0, 20]",0.4508836269378662,1605.0,1619.0,251,Texas,fbs,Big 12,29.0,"[7, 19, 0, 3]",0.5491163730621338,1932.0,1918.0,4.893560620329281,,,
401531400,2023,11,regular,2023-11-12T00:30:00.000Z,False,True,False,True,28245.0,3604.0,Alamodome,2636,UTSA,fbs,American Athletic,34.0,"[3, 7, 21, 3]",0.9948574304580688,1624.0,1642.0,242,Rice,fbs,American Athletic,14.0,"[0, 7, 0, 7]",0.005142569541931152,1336.0,1318.0,3.840471556085975,,,
401525549,2023,11,regular,2023-11-12T01:00:00.000Z,False,True,False,True,50500.0,3787.0,Kenan Stadium,153,North Carolina,fbs,ACC,47.0,"[10, 6, 3, 17, 3, 8]",0.13607047498226166,1701.0,1701.0,150,Duke,fbs,ACC,45.0,"[0, 14, 0, 22, 3, 6]",0.8639295250177383,1631.0,1631.0,7.225697659109907,,,
401540361,2023,11,regular,2023-11-12T01:00:00.000Z,False,True,False,True,,3686.0,Cowboy Stadium,2377,McNeese,fcs,Southland,24.0,"[10, 7, 7, 0]",0.05727764964103699,,,2277,Houston Christian,fcs,Southland,35.0,"[14, 0, 7, 14]",0.942722350358963,,,5.842822240604888,,,
401540264,2023,11,regular,2023-11-12T02:00:00.000Z,False,True,False,True,,4765.0,Hillsboro Stadium,2502,Portland State,fcs,Big Sky,10.0,"[3, 0, 7, 0]",0.051960468530597055,,,149,Montana,fcs,Big Sky,34.0,"[7, 17, 10, 0]",0.9480395314694029,,,2.5799425849,,,
401524055,2023,11,regular,2023-11-12T02:00:00.000Z,False,True,False,True,56436.0,1056.0,Rose Bowl,26,UCLA,fbs,Pac-12,7.0,"[0, 0, 0, 7]",0.9149094820022583,1662.0,1607.0,9,Arizona State,fbs,Pac-12,17.0,"[0, 3, 7, 7]",0.0850905179977417,1313.0,1368.0,5.818203192188571,,,
401532616,2023,11,regular,2023-11-12T03:00:00.000Z,False,True,False,True,34076.0,3653.0,Albertsons Stadium,68,Boise State,fbs,Mountain West,42.0,"[15, 17, 7, 3]",0.9744076728820801,1584.0,1597.0,167,New Mexico,fbs,Mountain West,14.0,"[7, 7, 0, 0]",0.025592327117919922,1029.0,1016.0,2.674559791117831,,,
401525886,2023,11,regular,2023-11-12T03:15:00.000Z,False,True,False,True,60754.0,3801.0,LaVell Edwards Stadium,252,BYU,fbs,Big 12,13.0,"[7, 0, 6, 0]",0.011122167110443115,1400.0,1334.0,66,Iowa State,fbs,Big 12,45.0,"[17, 14, 14, 0]",0.9888778328895569,1594.0,1660.0,3.7260794039867555,,,
401532614,2023,11,regular,2023-11-12T03:30:00.000Z,False,True,False,True,18886.0,3935.0,CEFCU Stadium,23,San José State,fbs,Mountain West,42.0,"[21, 7, 7, 7]",0.9912928342819214,1501.0,1589.0,278,Fresno State,fbs,Mountain West,18.0,"[3, 7, 0, 8]",0.008707165718078613,1735.0,1647.0,2.3843392537832147,,,
401524053,2023,11,regular,2023-11-12T03:30:00.000Z,False,True,False,True,59957.0,3626.0,Autzen Stadium,2483,Oregon,fbs,Pac-12,36.0,"[13, 9, 7, 7]",0.9470352530479431,1976.0,1976.0,30,USC,fbs,Pac-12,27.0,"[7, 7, 0, 13]",0.052964746952056885,1743.0,1743.0,3.9697232686068324,,,
401532613,2023,11,regular,2023-11-12T04:00:00.000Z,False,True,False,True,12742.0,7220.0,Clarence T.C. Ching Athletics Complex,62,Hawai'i,fbs,Mountain West,27.0,"[7, 6, 7, 7]",0.6747530102729797,1062.0,1152.0,2005,Air Force,fbs,Mountain West,13.0,"[0, 3, 7, 3]",0.32524698972702026,1663.0,1573.0,2.737687854079139,,,
401540154,2023,11,regular,2023-11-12T04:00:00.000Z,False,True,False,False,,3650.0,Bragg Memorial Stadium,50,Florida A&M,fcs,SWAC,28.0,"[7, 14, 7, 0]",1.0,,,124179,Lincoln (CA),,,0.0,"[0, 0, 0, 0]",0.0,,,2.6573186763346355,,,
401552884,2023,11,regular,2023-11-12T17:00:00.000Z,False,False,False,True,,5898.0,John Coughlin Memorial Field,402,Worcester State,iii,MSCAC,,,,,,2967,Framingham State,iii,MSCAC,,,,,,,,,
401540131,2023,11,regular,2023-11-12T20:00:00.000Z,False,True,False,True,,3631.0,BBVA Compass Stadium,2640,Texas Southern,fcs,SWAC,44.0,"[14, 21, 3, 6]",,,,2016,Alcorn State,fcs,SWAC,10.0,"[7, 0, 0, 3]",,,,,,,
401532445,2023,12,regular,2023-11-15T00:00:00.000Z,False,True,False,True,13664.0,3912.0,Rynearson Stadium,2199,Eastern Michigan,fbs,Mid-American,30.0,"[0, 14, 0, 3, 7, 6]",0.0822099161799782,1251.0,1249.0,2006,Akron,fbs,Mid-American,27.0,"[0, 14, 0, 3, 7, 3]",0.9177900838200218,1052.0,1054.0,4.9326013624,,,
401532444,2023,12,regular,2023-11-15T00:00:00.000Z,False,True,False,True,6417.0,3764.0,Huskie Stadium,2459,Northern Illinois,fbs,Mid-American,24.0,"[7, 7, 7, 3]",0.9709976315498352,1379.0,1434.0,2711,Western Michigan,fbs,Mid-American,0.0,"[0, 0, 0, 0]",0.029002368450164795,1333.0,1278.0,3.1148153485618333,,,
401532443,2023,12,regular,2023-11-15T00:00:00.000Z,False,True,False,True,20590.0,3700.0,Doyt L. Perry Stadium,189,Bowling Green,fbs,Mid-American,31.0,"[14, 14, 0, 3]",0.5977059006690979,1342.0,1351.0,2649,Toledo,fbs,Mid-American,32.0,"[7, 3, 7, 15]",0.4022940993309021,1561.0,1552.0,5.324397873270423,,,
401532446,2023,12,regular,2023-11-16T00:00:00.000Z,False,True,False,True,14736.0,3876.0,Peden Stadium,195,Ohio,fbs,Mid-American,34.0,"[10, 7, 14, 3]",0.9956925511360168,1496.0,1505.0,2117,Central Michigan,fbs,Mid-American,20.0,"[0, 7, 7, 6]",0.004307448863983154,1266.0,1257.0,3.033877646901986,,,
401532447,2023,12,regular,2023-11-16T00:00:00.000Z,False,True,False,True,7561.0,3996.0,Yager Stadium,193,Miami (OH),fbs,Mid-American,23.0,"[0, 10, 3, 10]",0.7670280933380127,1494.0,1506.0,2084,Buffalo,fbs,Mid-American,10.0,"[0, 3, 7, 0]",0.2329719066619873,1334.0,1322.0,3.6529955958695974,,,
401540114,2023,12,regular,2023-11-17T00:00:00.000Z,False,True,False,True,,3809.0,Louis Crews Stadium,2010,Alabama A&M,fcs,SWAC,30.0,"[14, 7, 6, 3]",0.9557631015777588,,,2400,Mississippi Valley State,fcs,SWAC,21.0,"[7, 0, 7, 7]",0.04423689842224121,,,3.08751295040611,,,
401540437,2023,12,regular,2023-11-17T00:00:00.000Z,False,True,False,True,,3944.0,Strawberry Stadium,2545,SE Louisiana,fcs,Southland,16.0,"[7, 6, 3, 0]",0.14050085842609406,,,2447,Nicholls,fcs,Southland,21.0,"[0, 14, 7, 0]",0.859499141573906,,,5.516728155354278,,,
401525553,2023,12,regular,2023-11-17T00:00:00.000Z,False,True,False,True,41842.0,3752.0,Acrisure Stadium,221,Pittsburgh,fbs,ACC,24.0,"[3, 7, 7, 7]",0.942645251750946,1401.0,1408.0,103,Boston College,fbs,ACC,16.0,"[3, 3, 7, 3]",0.057354748249053955,1313.0,1306.0,4.3553182345997605,,,
401531401,2023,12,regular,2023-11-18T02:00:00.000Z,False,True,False,True,22096.0,3604.0,Alamodome,2636,UTSA,fbs,American Athletic,49.0,"[7, 21, 14, 7]",0.9460664391517639,1642.0,1665.0,58,South Florida,fbs,American Athletic,21.0,"[7, 7, 7, 0]",0.053933560848236084,1191.0,1168.0,4.354357177873256,,,
401524057,2023,12,regular,2023-11-18T03:30:00.000Z,False,True,False,True,27869.0,3820.0,Gesa Field,265,Washington State,fbs,Pac-12,56.0,"[21, 21, 14, 0]",0.9658631086349487,1434.0,1543.0,38,Colorado,fbs,Pac-12,14.0,"[7, 0, 0, 7]",0.03413689136505127,1330.0,1221.0,2.431965970768414,,,
401540011,2023,12,regular,2023-11-18T17:00:00.000Z,False,True,False,True,,3624.0,Arute Field,2115,Central Connecticut,fcs,NEC,14.0,"[7, 0, 0, 7]",0.010580959729850292,,,2598,Saint Francis,fcs,NEC,49.0,"[7, 21, 14, 7]",0.9894190402701497,,,3.657189269150176,,,
401520416,2023,12,regular,2023-11-18T17:00:00.000Z,False,True,False,False,60752.0,3974.0,Vaught-Hemingway Stadium,145,Ole Miss,fbs,SEC,35.0,"[7, 0, 21, 7]",1.0,1659.0,1676.0,2433,UL Monroe,fbs,Sun Belt,3.0,"[0, 3, 0, 0]",0.0,1035.0,1018.0,3.348865528245617,,,
401540077,2023,12,regular,2023-11-18T17:00:00.000Z,False,True,False,True,,3741.0,Goodman Stadium,2329,Lehigh,fcs,Patriot,21.0,"[7, 14, 0, 0]",0.005885318852961063,,,322,Lafayette,fcs,Patriot,49.0,"[7, 7, 14, 21]",0.9941146811470389,,,4.862842340370003,,,
401540483,2023,12,regular,2023-11-18T17:00:00.000Z,False,True,False,True,,3777.0,Joe Walton Stadium,2523,Robert Morris,fcs,Big South,14.0,"[0, 7, 0, 7]",0.24092929065227509,,,2197,Eastern Illinois,fcs,Big South-OVC,28.0,"[7, 14, 0, 7]",0.7590707093477249,,,3.505526593085577,,,
401531375,2023,12,regular,2023-11-18T17:00:00.000Z,False,True,False,True,15871.0,3715.0,FAU Stadium,2226,Florida Atlantic,fbs,American Athletic,8.0,"[0, 0, 0, 8]",0.0,1401.0,1384.0,2655,Tulane,fbs,American Athletic,24.0,"[7, 7, 10, 0]",1.0,1611.0,1628.0,3.241487405799953,,,
401520421,2023,12,regular,2023-11-18T17:00:00.000Z,False,True,False,False,19053.0,3892.0,Pratt & Whitney Stadium,41,UConn,fbs,FBS Independents,31.0,"[17, 7, 0, 7]",0.9963443017038565,1047.0,1047.0,2529,Sacred Heart,fcs,NEC,3.0,"[0, 3, 0, 0]",0.003655698296143539,,,2.7764757588,,,
401520420,2023,12,regular,2023-11-18T17:00:00.000Z,False,True,False,False,94794.0,3795.0,Kyle Field,245,Texas A&M,fbs,SEC,38.0,"[7, 10, 7, 14]",0.9932087747170723,1837.0,1837.0,2000,Abilene Christian,fcs,UAC,10.0,"[7, 0, 0, 3]",0.006791225282927749,,,4.7473865774,,,
401520412,2023,12,regular,2023-11-18T17:00:00.000Z,False,True,False,False,,3693.0,Davis Wade Stadium,344,Mississippi State,fbs,SEC,41.0,"[3, 13, 7, 18]",0.958077073097229,1392.0,1421.0,2572,Southern Miss,fbs,Sun Belt,20.0,"[7, 0, 0, 13]",0.041922926902770996,1184.0,1155.0,4.3896739744772795,,,
401520403,2023,12,regular,2023-11-18T17:00:00.000Z,False,True,False,False,26867.0,3841.0,Michie Stadium,349,Army,fbs,FBS Independents,28.0,"[7, 14, 7, 0]",0.7972058653831482,1361.0,1379.0,324,Coastal Carolina,fbs,Sun Belt,21.0,"[7, 7, 0, 7]",0.2027941346168518,1499.0,1481.0,2.8841261875967303,,,
401520401,2023,12,regular,2023-11-18T17:00:00.000Z,False,True,False,False,100077.0,3657.0,Bryant-Denny Stadium,333,Alabama,fbs,SEC,66.0,"[21, 17, 14, 14]",0.9919071197509766,2072.0,2072.0,236,Chattanooga,fcs,Southern,10.0,"[0, 7, 3, 0]",0.008092880249023438,,,1.7016063828166044,,,
401531431,2023,12,regular,2023-11-18T17:00:00.000Z,False,True,False,True,30313.0,3805.0,Simmons Bank Liberty Stadium,235,Memphis,fbs,American Athletic,34.0,"[10, 3, 8, 13]",0.06375256180763245,1559.0,1566.0,2567,SMU,fbs,American Athletic,38.0,"[7, 7, 14, 10]",0.9362474381923676,1776.0,1769.0,7.740003501358081,,,
401531417,2023,12,regular,2023-11-18T17:00:00.000Z,False,True,False,True,28708.0,3852.0,Navy-Marine Corps Memorial Stadium,2426,Navy,fbs,American Athletic,10.0,"[7, 0, 0, 3]",1.0,1376.0,1394.0,151,East Carolina,fbs,American Athletic,0.0,"[0, 0, 0, 0]",0.0,1393.0,1375.0,3.323663060246321,,,
401520414,2023,12,regular,2023-11-18T17:00:00.000Z,False,True,False,True,23291.0,3911.0,Ryan Field,77,Northwestern,fbs,Big Ten,23.0,"[6, 0, 10, 7]",0.8044736981391907,1441.0,1457.0,2509,Purdue,fbs,Big Ten,15.0,"[0, 0, 7, 8]",0.19552630186080933,1506.0,1490.0,4.435851147306994,,,
401520410,2023,12,regular,2023-11-18T17:00:00.000Z,False,True,False,True,49546.0,3665.0,SECU Stadium,120,Maryland,fbs,Big Ten,24.0,"[3, 7, 14, 0]",0.00804046355187893,1596.0,1623.0,130,Michigan,fbs,Big Ten,31.0,"[16, 7, 6, 2]",0.9919595364481211,2187.0,2160.0,4.996409152194839,,,
401520405,2023,12,regular,2023-11-18T17:00:00.000Z,False,True,False,True,40666.0,3830.0,"Memorial Stadium (Bloomington, IN)",84,Indiana,fbs,Big Ten,21.0,"[0, 7, 7, 7]",0.5750766396522522,1345.0,1342.0,127,Michigan State,fbs,Big Ten,24.0,"[7, 7, 0, 10]",0.4249233603477478,1369.0,1372.0,6.639654914129445,,,
401540019,2023,12,regular,2023-11-18T17:00:00.000Z,False,True,False,True,,6048.0,Duane Stadium,2771,Merrimack,fcs,NEC,14.0,"[0, 14, 0, 0]",0.20304712653160095,,,2184,Duquesne,fcs,NEC,26.0,"[7, 7, 6, 6]",0.796952873468399,,,4.921292812060039,,,
401540064,2023,12,regular,2023-11-18T17:00:00.000Z,False,True,False,True,,3722.0,Fitton Field,107,Holy Cross,fcs,Patriot,31.0,"[3, 21, 7, 0]",0.9935225248336792,,,46,Georgetown,fcs,Patriot,10.0,"[0, 3, 7, 0]",0.006477475166320801,,,2.2452233719225507,,,
401540298,2023,12,regular,2023-11-18T17:00:00.000Z,False,True,False,True,,3656.0,Brown Stadium,225,Brown,fcs,Ivy,13.0,"[0, 7, 0, 6]",0.00317537784576416,,,159,Dartmouth,fcs,Ivy,38.0,"[7, 21, 3, 7]",0.9968246221542358,,,3.2988546485499435,,,
401520417,2023,12,regular,2023-11-18T17:00:00.000Z,False,True,False,True,105114.0,3632.0,Beaver Stadium,213,Penn State,fbs,Big Ten,27.0,"[0, 10, 3, 14]",0.9853651523590088,2032.0,2027.0,164,Rutgers,fbs,Big Ten,6.0,"[3, 3, 0, 0]",0.014634847640991211,1442.0,1447.0,3.0984634544837366,,,
401540345,2023,12,regular,2023-11-18T17:00:00.000Z,False,True,False,True,,3997.0,Yale Bowl,43,Yale,fcs,Ivy,23.0,"[3, 7, 7, 6]",0.9889174699783325,,,108,Harvard,fcs,Ivy,18.0,"[0, 6, 0, 12]",0.01108253002166748,,,6.181371297049,,,
401540046,2023,12,regular,2023-11-18T17:00:00.000Z,False,True,False,False,,3979.0,Wagner College Stadium,2681,Wagner,fcs,NEC,48.0,"[21, 14, 13, 0]",0.9737383127212524,,,126086,Post,ii,Independent DII,21.0,"[0, 7, 0, 14]",0.02626168727874756,,,2.31029556576519,,,
401540561,2023,12,regular,2023-11-18T17:00:00.000Z,False,True,False,True,,4416.0,Spec Martin Municipal Stadium,56,Stetson,fcs,Pioneer,20.0,"[0, 7, 6, 7]",0.005863230675458908,,,301,San Diego,fcs,Pioneer,47.0,"[7, 10, 9, 21]",0.9941367693245411,,,5.723281247799095,,,
401525558,2023,12,regular,2023-11-18T17:00:00.000Z,False,True,False,True,44996.0,3948.0,Hard Rock Stadium,2390,Miami,fbs,ACC,31.0,"[14, 7, 7, 3]",0.15833646059036255,1561.0,1563.0,97,Louisville,fbs,ACC,38.0,"[14, 6, 3, 15]",0.8416635394096375,1763.0,1761.0,7.061739577545482,,,
401525893,2023,12,regular,2023-11-18T17:00:00.000Z,False,True,False,True,63714.0,3801.0,LaVell Edwards Stadium,252,BYU,fbs,Big 12,24.0,"[7, 10, 7, 0]",0.038539495319128036,1334.0,1364.0,201,Oklahoma,fbs,Big 12,31.0,"[7, 10, 7, 7]",0.961460504680872,1975.0,1945.0,6.334550080616901,,,
401540056,2023,12,regular,2023-11-18T17:00:00.000Z,False,True,False,False,,36.0,Leonidoff Field,2368,Marist,fcs,Pioneer,21.0,"[0, 7, 0, 14]",0.022693676874041557,,,2083,Bucknell,fcs,Patriot,38.0,"[14, 10, 14, 0]",0.9773063231259584,,,3.1486458092692122,,,
401540624,2023,12,regular,2023-11-18T17:00:00.000Z,False,True,False,True,,3597.0,Alumni Memorial Field,2678,VMI,fcs,Southern,27.0,"[0, 7, 13, 7]",0.47836774587631226,,,2717,Western Carolina,fcs,Southern,24.0,"[0, 10, 0, 14]",0.5216322541236877,,,4.5637770891197045,,,
401540604,2023,12,regular,2023-11-18T17:00:00.000Z,False,True,False,True,,3737.0,Gibbs Stadium,2747,Wofford,fcs,Southern,19.0,"[3, 7, 9, 0]",0.8418253660202026,,,231,Furman,fcs,Southern,13.0,"[3, 3, 0, 7]",0.15817463397979736,,,4.721678481359242,,,
401540520,2023,12,regular,2023-11-18T17:00:00.000Z,False,True,False,True,,3664.0,Butler Bowl,2086,Butler,fcs,Pioneer,9.0,"[3, 0, 6, 0]",0.25678175687789917,,,2181,Drake,fcs,Pioneer,13.0,"[0, 7, 0, 6]",0.7432182431221008,,,4.587765504789842,,,
401540493,2023,12,regular,2023-11-18T18:00:00.000Z,False,True,False,True,,3688.0,Wildcat Stadium,160,New Hampshire,fcs,Coastal Athletic,44.0,"[13, 21, 7, 3]",0.5740804672241211,,,311,Maine,fcs,Coastal Athletic,25.0,"[0, 17, 0, 8]",0.4259195327758789,,,3.620225646558148,,,
401540416,2023,12,regular,2023-11-18T18:00:00.000Z,False,True,False,True,,3894.0,Rhodes Stadium,2210,Elon,fcs,Coastal Athletic,51.0,"[14, 30, 0, 7]",1.0,,,2261,Hampton,fcs,Coastal Athletic,14.0,"[7, 0, 7, 0]",0.0,,,2.3011769617509894,,,
401540333,2023,12,regular,2023-11-18T18:00:00.000Z,False,True,False,True,,3921.0,Schoellkopf Field,172,Cornell,fcs,Ivy,14.0,"[0, 0, 7, 7]",0.17831499874591827,,,171,Columbia,fcs,Ivy,29.0,"[7, 15, 0, 7]",0.8216850012540817,,,2.9856969902409065,,,
401540329,2023,12,regular,2023-11-18T18:00:00.000Z,False,True,False,True,,3695.0,Delaware Stadium,48,Delaware,fcs,CAA,7.0,"[0, 7, 0, 0]",0.003475748933851719,,,222,Villanova,fcs,Coastal Athletic,35.0,"[7, 7, 14, 7]",0.9965242510661483,,,4.897174278139023,,,
401540319,2023,12,regular,2023-11-18T18:00:00.000Z,False,True,False,True,,3603.0,Aggie Stadium,2448,North Carolina A&T,fcs,Coastal Athletic,14.0,"[0, 7, 0, 7]",0.0,,,2097,Campbell,fcs,Coastal Athletic,28.0,"[14, 14, 0, 0]",1.0,,,2.815929677231214,,,
401540026,2023,12,regular,2023-11-18T18:00:00.000Z,False,True,False,True,,6075.0,W.B. Mason Stadium,284,Stonehill,fcs,NEC,40.0,"[0, 14, 14, 12]",,,,2341,Long Island University,fcs,NEC,23.0,"[3, 14, 6, 0]",,,,,,,
401540507,2023,12,regular,2023-11-18T18:00:00.000Z,False,True,False,True,,4419.0,Bob Ford Field,399,UAlbany,fcs,Coastal Athletic,41.0,"[7, 14, 7, 13]",,,,2405,Monmouth,fcs,Coastal Athletic,0.0,"[0, 0, 0, 0]",,,,,,,
401540572,2023,12,regular,2023-11-18T18:00:00.000Z,False,True,False,True,,3781.0,Johnny Unitas Stadium,119,Towson,fcs,Coastal Athletic,31.0,"[6, 6, 13, 6]",0.7663773894309998,,,227,Rhode Island,fcs,Coastal Athletic,30.0,"[0, 20, 7, 3]",0.23362261056900024,,,7.668927384105197,,,
401540597,2023,12,regular,2023-11-18T18:00:00.000Z,False,True,False,True,,5400.0,William B. Greene Jr. Stadium,2193,East Tennessee State,fcs,Southern,35.0,"[7, 21, 7, 0]",0.6516954898834229,,,2643,The Citadel,fcs,Southern,23.0,"[0, 10, 13, 0]",0.34830451011657715,,,3.8344703491187415,,,
401540574,2023,12,regular,2023-11-18T18:00:00.000Z,False,True,False,True,,3998.0,Zable Stadium,2729,William & Mary,fcs,Coastal Athletic,26.0,"[7, 3, 0, 16]",0.7171045480372953,,,257,Richmond,fcs,Coastal Athletic,27.0,"[7, 10, 3, 7]",0.2828954519627047,,,5.2192807194,,,
401541635,2023,12,regular,2023-11-18T18:00:00.000Z,False,True,False,True,,3617.0,Andy Kerr Stadium,2142,Colgate,fcs,Patriot,21.0,"[0, 0, 14, 7]",0.747726321220398,,,2230,Fordham,fcs,Patriot,14.0,"[0, 0, 0, 14]",0.25227367877960205,,,4.400529698255983,,,
401534858,2023,12,regular,2023-11-18T18:00:00.000Z,False,True,False,True,,3990.0,William H. Greene Stadium,47,Howard,fcs,MEAC,14.0,"[7, 0, 7, 0]",0.6315803527832031,,,2415,Morgan State,fcs,MEAC,7.0,"[0, 0, 7, 0]",0.3684196472167969,,,3.4488574073540486,,,
401540552,2023,12,regular,2023-11-18T18:00:00.000Z,False,True,False,True,,3627.0,Bailey Memorial Stadium,2506,Presbyterian,fcs,Pioneer,31.0,"[3, 0, 14, 14]",0.06508659850561563,,,2413,Morehead State,fcs,Pioneer,27.0,"[0, 13, 7, 7]",0.9349134014943844,,,3.2403691104,,,
401540478,2023,12,regular,2023-11-18T18:00:00.000Z,False,True,False,True,,3710.0,Ernest W. Spangler Stadium,2241,Gardner-Webb,fcs,Big South-OVC,34.0,"[13, 0, 7, 14]",,,,2127,Charleston Southern,fcs,Big South-OVC,10.0,"[0, 10, 0, 0]",,,,,,,
401552541,2023,12,regular,2023-11-18T18:00:00.000Z,False,True,False,True,,3730.0,Franklin Field,219,Pennsylvania,fcs,Ivy,24.0,"[7, 0, 7, 10]",0.2827666997909546,,,163,Princeton,fcs,Ivy,31.0,"[0, 10, 14, 7]",0.7172333002090454,,,4.174466729165098,,,
401520408,2023,12,regular,2023-11-18T18:00:00.000Z,False,True,False,False,16860.0,3992.0,Williams Stadium (VA),2335,Liberty,fbs,Conference USA,49.0,"[21, 14, 7, 7]",0.9914267063140869,1693.0,1683.0,113,Massachusetts,fbs,FBS Independents,25.0,"[0, 10, 0, 15]",0.008573293685913086,972.0,982.0,2.264510009126634,,,
401540429,2023,12,regular,2023-11-18T18:00:00.000Z,False,True,False,True,,3661.0,Bulldog Stadium,2803,Bryant,fcs,Big South-OVC,45.0,"[7, 21, 10, 7]",0.5956453680992126,,,2546,Southeast Missouri State,fcs,Big South-OVC,21.0,"[0, 7, 7, 7]",0.40435463190078735,,,2.5763735436329545,,,
401540543,2023,12,regular,2023-11-18T18:00:00.000Z,False,True,False,False,,3925.0,Seibert Stadium,2535,Samford,fcs,Southern,27.0,"[17, 7, 0, 3]",0.08458306640386581,,,2630,UT Martin,fcs,Big South-OVC,17.0,"[10, 0, 0, 7]",0.9154169335961342,,,4.64397903701854,,,
401532448,2023,12,regular,2023-11-18T19:00:00.000Z,False,True,False,True,8554.0,3919.0,Scheumann Stadium,2050,Ball State,fbs,Mid-American,34.0,"[3, 10, 14, 7]",0.9883080720901489,1186.0,1251.0,2309,Kent State,fbs,Mid-American,3.0,"[0, 3, 0, 0]",0.011691927909851074,1036.0,971.0,2.768631992831344,,,
401540198,2023,12,regular,2023-11-18T19:00:00.000Z,False,True,False,True,,3908.0,Roy Kidd Stadium,2198,Eastern Kentucky,fcs,UAC,36.0,"[0, 16, 0, 20]",0.5623189806938171,,,2617,Stephen F. Austin,fcs,UAC,24.0,"[3, 3, 10, 8]",0.43768101930618286,,,4.576029564057936,,,
401532620,2023,12,regular,2023-11-18T19:00:00.000Z,False,True,False,True,18233.0,3984.0,War Memorial Stadium,2751,Wyoming,fbs,Mountain West,42.0,"[14, 21, 0, 7]",0.9907877445220947,1356.0,1421.0,62,Hawai'i,fbs,Mountain West,9.0,"[0, 0, 9, 0]",0.009212255477905273,1152.0,1087.0,2.012157933850389,,,
401540282,2023,12,regular,2023-11-18T19:00:00.000Z,False,True,False,True,,3856.0,Nottingham Field,2458,Northern Colorado,fcs,Big Sky,23.0,"[7, 10, 3, 3]",0.9083684086799622,,,2502,Portland State,fcs,Big Sky,27.0,"[0, 7, 7, 13]",0.09163159132003784,,,6.1457834888125555,,,
401540368,2023,12,regular,2023-11-18T19:00:00.000Z,False,True,False,True,,3909.0,Roy Stewart Stadium,93,Murray State,fcs,MVFC,17.0,"[7, 3, 7, 0]",0.0,,,2754,Youngstown State,fcs,MVFC,34.0,"[7, 13, 7, 7]",1.0,,,3.9344528930598877,,,
401531409,2023,12,regular,2023-11-18T19:00:00.000Z,False,True,False,True,9385.0,4418.0,Jerry Richardson Stadium,2429,Charlotte,fbs,American Athletic,7.0,"[0, 0, 0, 7]",0.15499204397201538,1186.0,1147.0,242,Rice,fbs,American Athletic,28.0,"[10, 3, 8, 7]",0.8450079560279846,1318.0,1357.0,3.1858006274517696,,,
401520411,2023,12,regular,2023-11-18T19:00:00.000Z,False,True,False,True,9122.0,3725.0,"Johnny ""Red"" Floyd Stadium",2393,Middle Tennessee,fbs,Conference USA,34.0,"[14, 10, 7, 3]",0.7924032211303711,1354.0,1352.0,2638,UTEP,fbs,Conference USA,30.0,"[7, 14, 3, 6]",0.2075967788696289,1181.0,1183.0,6.398012482029468,,,
401531918,2023,12,regular,2023-11-18T19:00:00.000Z,False,True,False,True,25838.0,3651.0,Bridgeforth Stadium,256,James Madison,fbs,Sun Belt,23.0,"[0, 5, 0, 15, 3]",0.5149180889129639,1758.0,1745.0,2026,App State,fbs,Sun Belt,26.0,"[3, 7, 0, 10, 6]",0.48508191108703613,1618.0,1631.0,7.836366568908512,,,
401540265,2023,12,regular,2023-11-18T19:00:00.000Z,False,True,False,True,,3987.0,Washington-Grizzly Stadium,149,Montana,fcs,Big Sky,37.0,"[14, 6, 10, 7]",0.9843805432319641,,,147,Montana State,fcs,Big Sky,7.0,"[0, 0, 7, 0]",0.015619456768035889,,,2.5408997361247154,,,
401540182,2023,12,regular,2023-11-18T19:00:00.000Z,False,True,False,True,,3742.0,Governors Stadium,2046,Austin Peay,fcs,UAC,14.0,"[0, 7, 7, 0]",0.4572177231311798,,,2110,Central Arkansas,fcs,UAC,12.0,"[0, 3, 3, 6]",0.5427822768688202,,,2.857388317584991,,,
401539977,2023,12,regular,2023-11-18T19:00:00.000Z,False,True,False,True,,3862.0,O'Kelly-Riddick Stadium,2428,North Carolina Central,fcs,MEAC,55.0,"[17, 21, 14, 3]",0.8187407851219177,,,2169,Delaware State,fcs,MEAC,14.0,"[7, 7, 0, 0]",0.18125921487808228,,,2.099165976047515,,,
401520407,2023,12,regular,2023-11-18T19:00:00.000Z,False,True,False,True,20252.0,3662.0,AmFirst Stadium,55,Jacksonville State,fbs,Conference USA,56.0,"[21, 21, 14, 0]",0.9995940327644348,1490.0,1563.0,2348,Louisiana Tech,fbs,Conference USA,17.0,"[7, 3, 7, 0]",0.00040596723556518555,1192.0,1119.0,2.773622734271617,,,
401540445,2023,12,regular,2023-11-18T19:00:00.000Z,False,True,False,True,,3746.0,Hanson Field,2710,Western Illinois,fcs,MVFC,6.0,"[6, 0, 0, 0]",0.005608134903013706,,,233,South Dakota,fcs,MVFC,48.0,"[10, 10, 21, 7]",0.9943918650969863,,,3.683630084799207,,,
401540462,2023,12,regular,2023-11-18T19:00:00.000Z,False,True,False,True,,5116.0,O'Shaughnessy Stadium,2900,St. Thomas (MN),fcs,Pioneer,16.0,"[3, 7, 0, 6]",0.9364961385726929,,,2674,Valparaiso,fcs,Pioneer,10.0,"[0, 3, 7, 0]",0.06350386142730713,,,4.256102203468032,,,
401539992,2023,12,regular,2023-11-18T19:00:00.000Z,False,True,False,True,,3991.0,"William Dick"""" Price Stadium""""",2450,Norfolk State,fcs,MEAC,17.0,"[3, 0, 7, 7]",0.08789195865392685,,,2569,South Carolina State,fcs,MEAC,44.0,"[7, 7, 20, 10]",0.9121080413460732,,,2.4851071878616513,,,
401540109,2023,12,regular,2023-11-18T19:00:00.000Z,False,True,False,True,,3605.0,Alerus Center,155,North Dakota,fcs,MVFC,22.0,"[0, 10, 6, 6]",0.2021087783095441,,,2287,Illinois State,fcs,MVFC,21.0,"[6, 3, 0, 12]",0.7978912216904559,,,3.1058300731,,,
401540306,2023,12,regular,2023-11-18T19:00:00.000Z,False,True,False,True,,3913.0,Saluki Stadium,79,Southern Illinois,fcs,MVFC,38.0,"[14, 17, 0, 7]",0.9056074023246765,,,282,Indiana State,fcs,MVFC,9.0,"[3, 0, 0, 6]",0.09439259767532349,,,2.2282655248694785,,,
401525899,2023,12,regular,2023-11-18T19:30:00.000Z,False,True,False,True,43588.0,3842.0,Milan Puskar Stadium,277,West Virginia,fbs,Big 12,42.0,"[7, 21, 14, 0]",0.9756902456283569,1508.0,1552.0,2132,Cincinnati,fbs,Big 12,21.0,"[0, 7, 0, 14]",0.024309754371643066,1456.0,1412.0,2.319509452773042,,,
401524058,2023,12,regular,2023-11-18T19:30:00.000Z,False,True,False,True,50800.0,3619.0,Arizona Stadium,12,Arizona,fbs,Pac-12,42.0,"[21, 7, 0, 14]",0.9876115322113037,1642.0,1723.0,254,Utah,fbs,Pac-12,18.0,"[0, 7, 3, 8]",0.012388467788696289,1816.0,1735.0,2.645882397633443,,,
401531345,2023,12,regular,2023-11-18T20:00:00.000Z,False,True,False,True,16520.0,3674.0,Chapman Stadium,202,Tulsa,fbs,American Athletic,28.0,"[7, 14, 0, 7]",0.3297046422958374,1096.0,1103.0,249,North Texas,fbs,American Athletic,35.0,"[7, 14, 14, 0]",0.6702953577041626,1376.0,1369.0,6.287671259598481,,,
401540353,2023,12,regular,2023-11-18T20:00:00.000Z,False,True,False,True,,5237.0,Dana J. Dykhouse Stadium,2571,South Dakota State,fcs,MVFC,35.0,"[14, 7, 7, 7]",0.9089415669441223,,,2623,Missouri State,fcs,MVFC,17.0,"[3, 0, 7, 7]",0.09105843305587769,,,2.5090665866909574,,,
401540537,2023,12,regular,2023-11-18T20:00:00.000Z,False,True,False,True,,3810.0,Nissan Stadium,2634,Tennessee State,fcs,Big South-OVC,0.0,"[0, 0, 0, 0]",0.0031175760086625814,,,2635,Tennessee Tech,fcs,Big South-OVC,35.0,"[21, 7, 0, 7]",0.9968824239913374,,,2.5185418600834204,,,
401540132,2023,12,regular,2023-11-18T20:00:00.000Z,False,True,False,True,,3976.0,Mississippi Veterans Memorial Stadium,2296,Jackson State,fcs,SWAC,24.0,"[0, 14, 7, 3]",0.3169209957122803,,,2016,Alcorn State,fcs,SWAC,28.0,"[14, 0, 14, 0]",0.6830790042877197,,,6.312486571677028,,,
401540434,2023,12,regular,2023-11-18T20:00:00.000Z,False,True,False,True,,3963.0,Harry Turpin Stadium,2466,Northwestern State,fcs,Southland,0.0,"[0, 0, 0, 0]",,,,2837,East Texas A&M,fcs,Southland,1.0,"[1, 0, 0, 0]",,,,,,,
401532621,2023,12,regular,2023-11-18T20:00:00.000Z,False,True,False,True,20121.0,5388.0,Canvas Stadium,36,Colorado State,fbs,Mountain West,30.0,"[14, 6, 3, 7]",0.9687203168869019,1271.0,1280.0,2440,Nevada,fbs,Mountain West,20.0,"[3, 10, 7, 0]",0.031279683113098145,1162.0,1153.0,3.72088997942565,,,
401525555,2023,12,regular,2023-11-18T20:00:00.000Z,False,True,False,True,36400.0,3923.0,Scott Stadium,258,Virginia,fbs,ACC,30.0,"[7, 3, 14, 6]",0.9766812920570374,1291.0,1297.0,150,Duke,fbs,ACC,27.0,"[0, 10, 3, 14]",0.023318707942962646,1631.0,1625.0,5.316367915886311,,,
401540123,2023,12,regular,2023-11-18T20:00:00.000Z,False,True,False,True,,5238.0,Panther Stadium,2504,Prairie View A&M,fcs,SWAC,21.0,"[7, 0, 7, 7]",0.9810003638267517,,,2011,Alabama State,fcs,SWAC,14.0,"[0, 0, 0, 14]",0.01899963617324829,,,2.7217213552086,,,
401540362,2023,12,regular,2023-11-18T20:00:00.000Z,False,True,False,True,,4424.0,Husky Stadium,2277,Houston Christian,fcs,Southland,24.0,"[0, 7, 3, 14]",0.009189051575958729,,,2916,Incarnate Word,fcs,Southland,45.0,"[14, 10, 7, 14]",0.9908109484240413,,,2.925840242430061,,,
401531919,2023,12,regular,2023-11-18T20:00:00.000Z,False,True,False,True,16721.0,3625.0,Centennial Bank Stadium,2032,Arkansas State,fbs,Sun Belt,77.0,"[14, 21, 28, 14]",0.9971590042114258,1222.0,1394.0,326,Texas State,fbs,Sun Belt,31.0,"[10, 7, 7, 7]",0.0028409957885742188,1416.0,1244.0,5.1096589701958495,,,
401540287,2023,12,regular,2023-11-18T20:00:00.000Z,False,True,False,True,,3602.0,Aggie Stadium,302,UC Davis,fcs,Big Sky,31.0,"[14, 3, 0, 14]",0.6891653537750244,,,16,Sacramento State,fcs,Big Sky,21.0,"[0, 0, 7, 14]",0.3108346462249756,,,1.7966923713705634,,,
401531385,2023,12,regular,2023-11-18T20:00:00.000Z,False,True,False,True,17486.0,7221.0,Protective Stadium,5,UAB,fbs,American Athletic,34.0,"[0, 10, 7, 17]",0.9288564324378967,1297.0,1295.0,218,Temple,fbs,American Athletic,24.0,"[7, 7, 3, 7]",0.07114356756210327,1020.0,1022.0,6.02113943767873,,,
401540140,2023,12,regular,2023-11-18T20:00:00.000Z,False,True,False,True,,3631.0,BBVA Compass Stadium,2640,Texas Southern,fcs,SWAC,34.0,"[21, 10, 3, 0]",,,,2029,Arkansas-Pine Bluff,fcs,SWAC,35.0,"[0, 7, 6, 22]",,,,,,,
401520406,2023,12,regular,2023-11-18T20:30:00.000Z,False,True,False,True,69250.0,3793.0,Kinnick Stadium,2294,Iowa,fbs,Big Ten,15.0,"[2, 7, 0, 6]",0.853884220123291,1683.0,1681.0,356,Illinois,fbs,Big Ten,13.0,"[3, 7, 0, 3]",0.14611577987670898,1508.0,1510.0,5.545769418051697,,,
401520423,2023,12,regular,2023-11-18T20:30:00.000Z,False,True,False,True,11041.0,3796.0,Houchens Industries-L.T. Smith Stadium,98,Western Kentucky,fbs,Conference USA,28.0,"[7, 14, 0, 7]",0.13428401947021484,1465.0,1465.0,2534,Sam Houston,fbs,Conference USA,23.0,"[0, 16, 7, 0]",0.8657159805297852,1331.0,1331.0,6.708859354855857,,,
401524062,2023,12,regular,2023-11-18T20:30:00.000Z,False,True,False,True,72244.0,477.0,Los Angeles Memorial Coliseum,30,USC,fbs,Pac-12,20.0,"[0, 10, 3, 7]",0.03074157051742077,1743.0,1683.0,26,UCLA,fbs,Pac-12,38.0,"[14, 0, 17, 7]",0.9692584294825792,1607.0,1667.0,3.649311167245363,,,
401525554,2023,12,regular,2023-11-18T20:30:00.000Z,False,True,False,True,81305.0,3836.0,"Memorial Stadium (Clemson, SC)",228,Clemson,fbs,ACC,31.0,"[0, 14, 14, 3]",0.9874089956283569,1749.0,1765.0,153,North Carolina,fbs,ACC,20.0,"[7, 0, 7, 6]",0.012591004371643066,1701.0,1685.0,4.435021916554846,,,
401531921,2023,12,regular,2023-11-18T20:30:00.000Z,False,True,False,True,26621.0,3975.0,Veterans Memorial Stadium (AL),2653,Troy,fbs,Sun Belt,31.0,"[0, 17, 0, 14]",0.9573434191853616,1709.0,1705.0,309,Louisiana,fbs,Sun Belt,24.0,"[7, 3, 7, 7]",0.04265658081463841,1454.0,1458.0,8.4652585237,,,
401525442,2023,12,regular,2023-11-18T20:30:00.000Z,False,True,False,False,77622.0,3855.0,Notre Dame Stadium,87,Notre Dame,fbs,FBS Independents,45.0,"[7, 10, 14, 14]",0.9899375438690186,1966.0,2010.0,154,Wake Forest,fbs,ACC,7.0,"[0, 7, 0, 0]",0.010062456130981445,1444.0,1400.0,3.130646212320879,,,
401520419,2023,12,regular,2023-11-18T20:30:00.000Z,False,True,False,True,101915.0,3853.0,Neyland Stadium,2633,Tennessee,fbs,SEC,10.0,"[7, 3, 0, 0]",0.01566747948527336,1830.0,1787.0,61,Georgia,fbs,SEC,38.0,"[10, 14, 14, 0]",0.9843325205147266,2115.0,2158.0,3.3827510583915443,,,
401532624,2023,12,regular,2023-11-18T20:30:00.000Z,False,True,False,True,23574.0,3713.0,Falcon Stadium,2005,Air Force,fbs,Mountain West,27.0,"[7, 20, 0, 0]",0.7237432599067688,1573.0,1565.0,2439,UNLV,fbs,Mountain West,31.0,"[7, 7, 14, 3]",0.2762567400932312,1552.0,1560.0,6.830085589848709,,,
401540147,2023,12,regular,2023-11-18T20:30:00.000Z,False,True,True,True,,4013.0,Camping World Stadium,50,Florida A&M,fcs,SWAC,24.0,"[7, 10, 0, 7]",0.9738274216651917,,,2065,Bethune-Cookman,fcs,SWAC,7.0,"[0, 0, 7, 0]",0.02617257833480835,,,4.1622032565404,,Florida Classic,
401525559,2023,12,regular,2023-11-18T20:30:00.000Z,False,True,False,True,65632.0,3799.0,Lane Stadium,259,Virginia Tech,fbs,ACC,28.0,"[0, 7, 7, 14]",0.028791673481464386,1534.0,1526.0,152,NC State,fbs,ACC,35.0,"[0, 21, 14, 0]",0.9712083265185356,1601.0,1609.0,3.6648369884463685,,,
401525897,2023,12,regular,2023-11-18T20:30:00.000Z,False,True,False,True,42621.0,3616.0,Amon G. Carter Stadium,2628,TCU,fbs,Big 12,42.0,"[0, 14, 14, 14]",0.9944153428077698,1619.0,1660.0,239,Baylor,fbs,Big 12,17.0,"[7, 3, 7, 0]",0.005584657192230225,1419.0,1378.0,4.377162774633609,,,
401540382,2023,12,regular,2023-11-18T21:00:00.000Z,False,True,False,True,,3882.0,Provost Umphrey Stadium,2320,Lamar,fcs,Southland,52.0,"[14, 14, 14, 10]",0.9338133931159973,,,2377,McNeese,fcs,Southland,27.0,"[7, 0, 14, 6]",0.06618660688400269,,,2.6735875731726253,,,
401525894,2023,12,regular,2023-11-18T21:00:00.000Z,False,True,False,True,33906.0,4728.0,TDECU Stadium,248,Houston,fbs,Big 12,30.0,"[14, 9, 0, 7]",0.08831332623958588,1457.0,1431.0,197,Oklahoma State,fbs,Big 12,43.0,"[3, 16, 14, 10]",0.9116866737604141,1486.0,1512.0,5.296415920780221,,,
401520415,2023,12,regular,2023-11-18T21:00:00.000Z,False,True,False,True,104019.0,3861.0,Ohio Stadium,194,Ohio State,fbs,Big Ten,37.0,"[7, 6, 17, 7]",0.9947509398370221,2084.0,2113.0,135,Minnesota,fbs,Big Ten,3.0,"[0, 0, 0, 3]",0.005249060162977881,1531.0,1502.0,2.9218692138,,,
401520404,2023,12,regular,2023-11-18T21:00:00.000Z,False,True,False,False,88043.0,3785.0,Jordan-Hare Stadium,2,Auburn,fbs,SEC,10.0,"[0, 7, 0, 3]",0.0,1705.0,1612.0,166,New Mexico State,fbs,Conference USA,31.0,"[7, 3, 7, 14]",1.0,1391.0,1484.0,3.9374704925453847,,,
401540243,2023,12,regular,2023-11-18T21:00:00.000Z,False,True,False,True,,3906.0,Roos Field,331,Eastern Washington,fcs,Big Sky,42.0,"[7, 14, 7, 14]",0.005306205712258816,,,2464,Northern Arizona,fcs,Big Sky,49.0,"[14, 21, 0, 14]",0.9946937942877412,,,5.7558093672905395,,,
401524059,2023,12,regular,2023-11-18T21:00:00.000Z,False,True,False,True,44741.0,3947.0,Mountain America Stadium,9,Arizona State,fbs,Pac-12,13.0,"[0, 0, 3, 10]",0.021392816677689552,1368.0,1338.0,2483,Oregon,fbs,Pac-12,49.0,"[21, 21, 0, 7]",0.9786071833223104,1976.0,2006.0,2.678974822951214,,,
401531920,2023,12,regular,2023-11-18T22:00:00.000Z,False,True,False,True,14105.0,6526.0,Hancock Whitney Stadium,6,South Alabama,fbs,Sun Belt,28.0,"[14, 7, 0, 7]",1.0,1615.0,1662.0,276,Marshall,fbs,Sun Belt,0.0,"[0, 0, 0, 0]",0.0,1385.0,1338.0,2.7297210744855778,,,
401540388,2023,12,regular,2023-11-18T22:00:00.000Z,False,True,False,True,,3967.0,UNI-Dome,2460,Northern Iowa,fcs,MVFC,27.0,"[3, 7, 10, 7]",0.034740135073661804,,,2449,North Dakota State,fcs,MVFC,48.0,"[14, 13, 7, 14]",0.9652598649263382,,,3.2935442686459733,,,
401525898,2023,12,regular,2023-11-18T22:00:00.000Z,False,True,False,True,53851.0,3784.0,Jones AT&T Stadium,2641,Texas Tech,fbs,Big 12,24.0,"[0, 14, 7, 3]",0.13125799596309662,1611.0,1613.0,2116,UCF,fbs,Big 12,23.0,"[14, 0, 0, 9]",0.8687420040369034,1650.0,1648.0,5.8352453455007645,,,
401531917,2023,12,regular,2023-11-18T23:00:00.000Z,False,True,False,True,20032.0,3608.0,Allen E. Paulson Stadium,290,Georgia Southern,fbs,Sun Belt,17.0,"[0, 7, 3, 7]",0.026028750464320183,1425.0,1416.0,295,Old Dominion,fbs,Sun Belt,20.0,"[0, 10, 7, 3]",0.9739712495356798,1346.0,1355.0,5.8624388004394135,,,
401524061,2023,12,regular,2023-11-18T23:30:00.000Z,False,True,False,True,52971.0,3940.0,Stanford Stadium,24,Stanford,fbs,Pac-12,15.0,"[3, 3, 9, 0]",0.03608458489179611,1184.0,1179.0,25,California,fbs,Pac-12,27.0,"[7, 7, 7, 6]",0.9639154151082039,1426.0,1431.0,5.22143909697807,,,
401525556,2023,12,regular,2023-11-18T23:30:00.000Z,False,True,False,False,79560.0,3697.0,Doak Campbell Stadium,52,Florida State,fbs,ACC,58.0,"[0, 24, 14, 20]",0.9809556603431702,1960.0,1960.0,2453,North Alabama,fcs,UAC,13.0,"[13, 0, 0, 0]",0.019044339656829834,,,4.359035692910871,,,
401540406,2023,12,regular,2023-11-19T00:00:00.000Z,False,True,False,True,,3897.0,Richardson Stadium,2166,Davidson,fcs,Pioneer,14.0,"[0, 0, 7, 7]",0.011339537799358368,,,2168,Dayton,fcs,Pioneer,45.0,"[7, 21, 7, 10]",0.9886604622006416,,,1.8287233763840247,,,
401532619,2023,12,regular,2023-11-19T00:00:00.000Z,False,True,False,True,17821.0,3905.0,Maverik Stadium,328,Utah State,fbs,Mountain West,10.0,"[7, 3, 0, 0]",0.0,1406.0,1330.0,68,Boise State,fbs,Mountain West,45.0,"[0, 31, 7, 7]",1.0,1597.0,1673.0,4.266986169858597,,,
401540212,2023,12,regular,2023-11-19T00:00:00.000Z,False,True,False,True,,3745.0,Greater Zion Stadium,3101,Utah Tech,fcs,UAC,16.0,"[6, 3, 7, 0]",0.14489524066448212,,,253,Southern Utah,fcs,UAC,24.0,"[0, 14, 10, 0]",0.8551047593355179,,,5.266160964003898,,,
401525896,2023,12,regular,2023-11-19T00:00:00.000Z,False,True,False,True,47233.0,3833.0,Memorial Stadium,2305,Kansas,fbs,Big 12,27.0,"[7, 13, 7, 0]",0.9865683913230896,1582.0,1601.0,2306,Kansas State,fbs,Big 12,31.0,"[7, 9, 8, 7]",0.0134316086769104,2002.0,1983.0,6.015735490508055,,,
401540250,2023,12,regular,2023-11-19T00:00:00.000Z,False,True,False,True,,3791.0,Kibbie Dome,70,Idaho,fcs,Big Sky,63.0,"[28, 28, 0, 7]",0.9921911954879761,,,304,Idaho State,fcs,Big Sky,21.0,"[0, 0, 7, 14]",0.007808804512023926,,,1.721805248937701,,,
401520413,2023,12,regular,2023-11-19T00:30:00.000Z,False,True,False,True,62621.0,3838.0,Memorial Stadium,142,Missouri,fbs,SEC,33.0,"[3, 10, 10, 10]",0.5201489925384521,1761.0,1759.0,57,Florida,fbs,SEC,31.0,"[7, 0, 14, 10]",0.47985100746154785,1581.0,1583.0,7.34940038917857,,,
401520422,2023,12,regular,2023-11-19T00:30:00.000Z,False,True,False,True,72237.0,347.0,Camp Randall Stadium,275,Wisconsin,fbs,Big Ten,24.0,"[0, 10, 7, 0, 7]",0.12136893719434738,1593.0,1598.0,158,Nebraska,fbs,Big Ten,17.0,"[14, 0, 0, 3, 0]",0.8786310628056526,1510.0,1505.0,5.551886184057391,,,
401520402,2023,12,regular,2023-11-19T00:30:00.000Z,False,True,False,False,61442.0,3887.0,Razorback Stadium,8,Arkansas,fbs,SEC,44.0,"[7, 24, 7, 6]",0.9950094819068909,1485.0,1495.0,2229,Florida International,fbs,Conference USA,20.0,"[13, 0, 7, 0]",0.004990518093109131,995.0,985.0,3.65180705770332,,,
401524060,2023,12,regular,2023-11-19T00:30:00.000Z,False,True,False,True,38415.0,3893.0,Reser Stadium,204,Oregon State,fbs,Pac-12,20.0,"[7, 3, 7, 3]",0.014763377606868744,1830.0,1830.0,264,Washington,fbs,Pac-12,22.0,"[9, 13, 0, 0]",0.9852366223931313,1871.0,1871.0,5.250899535870954,,,
401520418,2023,12,regular,2023-11-19T00:30:00.000Z,False,True,False,True,77788.0,3994.0,Williams-Brice Stadium,2579,South Carolina,fbs,SEC,17.0,"[10, 0, 0, 7]",0.9871464371681213,1597.0,1598.0,96,Kentucky,fbs,SEC,14.0,"[0, 7, 7, 0]",0.012853562831878662,1612.0,1611.0,5.1585674335051745,,,
401520409,2023,12,regular,2023-11-19T01:00:00.000Z,False,True,False,False,100212.0,3958.0,Tiger Stadium (LA),99,LSU,fbs,SEC,56.0,"[14, 21, 7, 14]",0.9673275351524353,1934.0,1985.0,2247,Georgia State,fbs,Sun Belt,14.0,"[7, 7, 0, 0]",0.0326724648475647,1374.0,1323.0,3.539469809570409,,,
401525895,2023,12,regular,2023-11-19T01:00:00.000Z,False,True,False,True,61500.0,3772.0,Jack Trice Stadium,66,Iowa State,fbs,Big 12,16.0,"[3, 0, 6, 7]",0.18698886036872864,1660.0,1661.0,251,Texas,fbs,Big 12,26.0,"[0, 6, 9, 11]",0.8130111396312714,1918.0,1917.0,5.361213264500033,,,
401540234,2023,12,regular,2023-11-19T01:00:00.000Z,False,True,False,True,,1027.0,Alex G. Spanos Stadium,13,Cal Poly,fcs,Big Sky,21.0,"[14, 0, 0, 7]",0.0046094548888504505,,,2692,Weber State,fcs,Big Sky,48.0,"[14, 6, 14, 14]",0.9953905451111495,,,4.480417629575645,,,
401525557,2023,12,regular,2023-11-19T01:00:00.000Z,False,True,False,True,33332.0,721.0,Bobby Dodd Stadium,59,Georgia Tech,fbs,ACC,31.0,"[7, 10, 7, 7]",0.9334365725517273,1404.0,1419.0,183,Syracuse,fbs,ACC,22.0,"[3, 0, 13, 6]",0.0665634274482727,1411.0,1396.0,4.687358384276172,,,
401532622,2023,12,regular,2023-11-19T03:30:00.000Z,False,True,False,True,38569.0,3660.0,Valley Children's Stadium,278,Fresno State,fbs,Mountain West,17.0,"[7, 7, 0, 3]",0.04854549095034599,1647.0,1570.0,167,New Mexico,fbs,Mountain West,25.0,"[3, 9, 6, 7]",0.951454509049654,1016.0,1093.0,4.783844184687729,,,
401532623,2023,12,regular,2023-11-19T03:30:00.000Z,False,True,False,True,16224.0,3935.0,CEFCU Stadium,23,San José State,fbs,Mountain West,24.0,"[0, 10, 7, 7]",0.9952079057693481,1589.0,1589.0,21,San Diego State,fbs,Mountain West,13.0,"[7, 3, 0, 3]",0.0047920942306518555,1319.0,1319.0,4.074001887941783,,,
401532450,2023,13,regular,2023-11-22T00:00:00.000Z,False,True,False,True,8901.0,3980.0,Waldo Stadium,2711,Western Michigan,fbs,Mid-American,10.0,"[0, 3, 0, 7]",0.015132796950638294,1278.0,1223.0,189,Bowling Green,fbs,Mid-American,34.0,"[10, 21, 3, 0]",0.9848672030493617,1351.0,1406.0,2.8396068284199054,,,
401532449,2023,13,regular,2023-11-22T00:30:00.000Z,False,True,False,True,11243.0,3965.0,UB Stadium,2084,Buffalo,fbs,Mid-American,11.0,"[0, 0, 8, 3]",0.0,1322.0,1286.0,2199,Eastern Michigan,fbs,Mid-American,24.0,"[7, 17, 0, 0]",1.0,1249.0,1285.0,2.733365480817264,,,
401540124,2023,13,regular,2023-11-23T20:00:00.000Z,False,True,False,False,,4582.0,Hornet Stadium,2011,Alabama State,fcs,SWAC,41.0,"[13, 7, 7, 14]",0.9809373617172241,,,2657,Tuskegee,ii,SIAC,3.0,"[0, 3, 0, 0]",0.01906263828277588,,,1.9674561191874793,,,
401520424,2023,13,regular,2023-11-24T00:30:00.000Z,False,True,False,True,60412.0,3693.0,Davis Wade Stadium,344,Mississippi State,fbs,SEC,7.0,"[0, 0, 7, 0]",0.03835942968726158,1421.0,1421.0,145,Ole Miss,fbs,SEC,17.0,"[0, 3, 7, 7]",0.9616405703127384,1676.0,1676.0,4.985995098971654,,,
401531394,2023,13,regular,2023-11-24T17:00:00.000Z,False,True,False,True,10830.0,3806.0,Lincoln Financial Field,218,Temple,fbs,American Athletic,21.0,"[6, 0, 8, 7]",0.018138684332370758,1022.0,1017.0,235,Memphis,fbs,American Athletic,45.0,"[14, 14, 7, 10]",0.9818613156676292,1566.0,1571.0,2.9827112614087166,,,
401532451,2023,13,regular,2023-11-24T17:00:00.000Z,False,True,False,True,8612.0,3786.0,Kelly/Shorts Stadium,2117,Central Michigan,fbs,Mid-American,17.0,"[0, 0, 3, 14]",0.0879661962389946,1257.0,1250.0,2649,Toledo,fbs,Mid-American,32.0,"[0, 10, 7, 15]",0.9120338037610054,1552.0,1559.0,3.8798536852011787,,,
401532452,2023,13,regular,2023-11-24T17:00:00.000Z,False,True,False,True,6152.0,3768.0,InfoCision Stadium,2006,Akron,fbs,Mid-American,14.0,"[0, 14, 0, 0]",0.002887916751205921,1054.0,1068.0,195,Ohio,fbs,Mid-American,25.0,"[3, 0, 15, 7]",0.9971120832487941,1505.0,1491.0,4.684187695785901,,,
401520425,2023,13,regular,2023-11-24T17:00:00.000Z,False,True,False,True,86183.0,3834.0,"Memorial Stadium (Lincoln, NE)",158,Nebraska,fbs,Big Ten,10.0,"[0, 7, 3, 0]",0.3028721511363983,1505.0,1511.0,2294,Iowa,fbs,Big Ten,13.0,"[0, 10, 0, 3]",0.6971278488636017,1681.0,1675.0,5.441862592739627,,,
401525900,2023,13,regular,2023-11-24T17:00:00.000Z,False,True,False,True,83669.0,3835.0,"Memorial Stadium (Norman, OK)",201,Oklahoma,fbs,Big 12,69.0,"[14, 28, 10, 17]",1.0,1945.0,1974.0,2628,TCU,fbs,Big 12,45.0,"[13, 3, 22, 7]",0.0,1660.0,1631.0,3.894179905770515,,,
401525560,2023,13,regular,2023-11-24T17:00:00.000Z,False,True,False,True,30569.0,3615.0,"Alumni Stadium (Chestnut Hill, MA)",103,Boston College,fbs,ACC,20.0,"[7, 0, 7, 6]",0.0,1306.0,1269.0,2390,Miami,fbs,ACC,45.0,"[7, 21, 7, 10]",1.0,1563.0,1600.0,3.262139947020029,,,
401532629,2023,13,regular,2023-11-24T20:30:00.000Z,False,True,False,True,12094.0,3971.0,University Stadium (NM),167,New Mexico,fbs,Mountain West,41.0,"[7, 7, 7, 10, 7, 3]",0.08329390445634482,1093.0,1102.0,328,Utah State,fbs,Mountain West,44.0,"[14, 3, 7, 7, 7, 6]",0.9167060955436552,1330.0,1321.0,10.3759804369,,,
401531376,2023,13,regular,2023-11-24T20:30:00.000Z,False,True,False,True,25103.0,4729.0,Yulman Stadium,2655,Tulane,fbs,American Athletic,29.0,"[7, 16, 0, 6]",1.0,1628.0,1657.0,2636,UTSA,fbs,American Athletic,16.0,"[7, 3, 0, 6]",0.0,1665.0,1636.0,3.767585916021981,,,
401520426,2023,13,regular,2023-11-24T21:00:00.000Z,False,True,False,True,59847.0,3887.0,Razorback Stadium,8,Arkansas,fbs,SEC,14.0,"[0, 0, 0, 14]",0.005770199932157993,1495.0,1431.0,142,Missouri,fbs,SEC,48.0,"[10, 10, 21, 7]",0.994229800067842,1759.0,1823.0,4.090696418303551,,,
401532625,2023,13,regular,2023-11-24T21:00:00.000Z,False,True,False,True,36390.0,3653.0,Albertsons Stadium,68,Boise State,fbs,Mountain West,27.0,"[3, 14, 7, 3]",0.71910560131073,1673.0,1678.0,2005,Air Force,fbs,Mountain West,19.0,"[0, 6, 13, 0]",0.28089439868927,1565.0,1560.0,3.7805285595350564,,,
401520435,2023,13,regular,2023-11-25T00:30:00.000Z,False,True,True,True,51927.0,3727.0,Ford Field,127,Michigan State,fbs,Big Ten,0.0,"[0, 0, 0, 0]",0.005273166112601757,1372.0,1338.0,213,Penn State,fbs,Big Ten,42.0,"[3, 10, 15, 14]",0.9947268338873982,2027.0,2061.0,3.6317535278777684,,,
401525901,2023,13,regular,2023-11-25T00:30:00.000Z,False,True,False,True,102452.0,3910.0,DKR-Texas Memorial Stadium,251,Texas,fbs,Big 12,57.0,"[10, 16, 24, 7]",0.9270350337028503,1917.0,2026.0,2641,Texas Tech,fbs,Big 12,7.0,"[7, 0, 0, 0]",0.07296496629714966,1613.0,1504.0,2.7018201258943653,,,
401524063,2023,13,regular,2023-11-25T01:30:00.000Z,False,True,False,True,59987.0,3626.0,Autzen Stadium,2483,Oregon,fbs,Pac-12,31.0,"[7, 14, 3, 7]",0.9889654517173767,2006.0,2046.0,204,Oregon State,fbs,Pac-12,7.0,"[0, 7, 0, 0]",0.011034548282623291,1830.0,1790.0,3.1050491894246055,,,
401520432,2023,13,regular,2023-11-25T17:00:00.000Z,False,True,False,False,59225.0,3873.0,L&N Federal Credit Union Stadium,97,Louisville,fbs,ACC,31.0,"[7, 3, 14, 7]",0.3617289960384369,1761.0,1736.0,96,Kentucky,fbs,SEC,38.0,"[0, 7, 14, 17]",0.6382710039615631,1611.0,1636.0,6.770680853932759,,,
401520438,2023,13,regular,2023-11-25T17:00:00.000Z,False,True,False,True,59993.0,3907.0,Ross-Ade Stadium,2509,Purdue,fbs,Big Ten,35.0,"[0, 12, 6, 17]",0.9897637963294983,1490.0,1489.0,84,Indiana,fbs,Big Ten,31.0,"[7, 7, 14, 3]",0.010236203670501709,1342.0,1343.0,7.373412363094119,,,
401520433,2023,13,regular,2023-11-25T17:00:00.000Z,False,True,False,True,101178.0,3958.0,Tiger Stadium (LA),99,LSU,fbs,SEC,42.0,"[7, 7, 7, 21]",0.4884084463119507,1985.0,1995.0,245,Texas A&M,fbs,SEC,30.0,"[0, 17, 7, 6]",0.5115915536880493,1827.0,1817.0,4.965661723627621,,,
401531435,2023,13,regular,2023-11-25T17:00:00.000Z,False,True,False,True,21490.0,3735.0,Gerald J. Ford Stadium,2567,SMU,fbs,American Athletic,59.0,"[28, 24, 7, 0]",0.9897427558898926,1769.0,1852.0,2426,Navy,fbs,American Athletic,14.0,"[7, 7, 0, 0]",0.010257244110107422,1394.0,1311.0,2.220058265244863,,,
401520434,2023,13,regular,2023-11-25T17:00:00.000Z,False,True,False,True,110615.0,3558.0,Michigan Stadium,130,Michigan,fbs,Big Ten,30.0,"[7, 7, 10, 6]",0.8578894138336182,2160.0,2165.0,194,Ohio State,fbs,Big Ten,24.0,"[3, 7, 7, 7]",0.14211058616638184,2113.0,2108.0,4.43762936113148,,,
401525561,2023,13,regular,2023-11-25T17:00:00.000Z,False,True,False,True,17639.0,3982.0,Wallace Wade Stadium,150,Duke,fbs,ACC,30.0,"[3, 7, 10, 10]",0.7154719829559326,1625.0,1629.0,221,Pittsburgh,fbs,ACC,19.0,"[3, 7, 3, 6]",0.2845280170440674,1408.0,1404.0,4.974436463758115,,,
401520440,2023,13,regular,2023-11-25T17:00:00.000Z,False,True,False,True,5349.0,3647.0,Elliott T. Bowers Stadium,2534,Sam Houston,fbs,Conference USA,23.0,"[3, 6, 7, 7]",0.5532975792884827,1331.0,1332.0,2393,Middle Tennessee,fbs,Conference USA,20.0,"[10, 0, 3, 7]",0.44670242071151733,1352.0,1351.0,7.132643835019985,,,
401520443,2023,13,regular,2023-11-25T17:00:00.000Z,False,True,False,True,12291.0,3985.0,Warren McGuirk Alumni Stadium,113,Massachusetts,fbs,FBS Independents,18.0,"[0, 0, 6, 12]",0.0,982.0,962.0,41,UConn,fbs,FBS Independents,31.0,"[6, 13, 6, 6]",1.0,1076.0,1096.0,3.2963548055137957,,,
401525906,2023,13,regular,2023-11-25T17:00:00.000Z,False,True,False,True,43610.0,3652.0,FBC Mortgage Stadium,2116,UCF,fbs,Big 12,27.0,"[6, 7, 14, 0]",0.9925288558006287,1648.0,1658.0,248,Houston,fbs,Big 12,13.0,"[10, 0, 0, 3]",0.007471144199371338,1431.0,1421.0,3.5171814428779222,,,
401532453,2023,13,regular,2023-11-25T17:00:00.000Z,False,True,False,True,,3696.0,Dix Stadium,2309,Kent State,fbs,Mid-American,27.0,"[0, 17, 3, 7]",0.4241633117198944,971.0,987.0,2459,Northern Illinois,fbs,Mid-American,37.0,"[10, 0, 14, 13]",0.5758366882801056,1434.0,1418.0,5.990928255833402,,,
401531927,2023,13,regular,2023-11-25T17:00:00.000Z,False,True,False,True,19766.0,3815.0,M. M. Roberts Stadium,2572,Southern Miss,fbs,Sun Belt,17.0,"[0, 10, 7, 0]",0.27247604727745056,1155.0,1164.0,2653,Troy,fbs,Sun Belt,35.0,"[7, 7, 14, 7]",0.7275239527225494,1705.0,1696.0,4.643363208668079,,,
401532454,2023,13,regular,2023-11-25T17:00:00.000Z,False,True,False,True,8054.0,3919.0,Scheumann Stadium,2050,Ball State,fbs,Mid-American,15.0,"[6, 6, 0, 3]",0.2916595935821533,1251.0,1262.0,193,Miami (OH),fbs,Mid-American,17.0,"[7, 7, 3, 0]",0.7083404064178467,1506.0,1495.0,5.743271064052617,,,
401531421,2023,13,regular,2023-11-25T18:00:00.000Z,False,True,False,True,19393.0,3895.0,Rice Stadium,242,Rice,fbs,American Athletic,24.0,"[7, 3, 14, 0]",0.49651655554771423,1357.0,1358.0,2226,Florida Atlantic,fbs,American Athletic,21.0,"[7, 0, 7, 7]",0.5034834444522858,1384.0,1383.0,5.500427735329265,,,
401531346,2023,13,regular,2023-11-25T19:00:00.000Z,False,True,False,True,29567.0,3699.0,Dowdy-Ficklen Stadium,151,East Carolina,fbs,American Athletic,27.0,"[14, 10, 0, 3]",0.8182138800621033,1375.0,1356.0,202,Tulsa,fbs,American Athletic,29.0,"[13, 7, 6, 3]",0.18178611993789673,1103.0,1122.0,7.11502846466685,,,
401540159,2023,13,regular,2023-11-25T19:00:00.000Z,False,True,True,True,,3493.0,Caesars Superdome,2755,Grambling,fcs,SWAC,22.0,"[7, 0, 9, 6]",0.6204583048820496,,,2582,Southern,fcs,SWAC,27.0,"[0, 21, 6, 0]",0.37954169511795044,,,6.558058972496847,,,
401531925,2023,13,regular,2023-11-25T19:00:00.000Z,False,True,False,True,15717.0,3918.0,S.B. Ballard Stadium,295,Old Dominion,fbs,Sun Belt,25.0,"[0, 0, 7, 18]",0.18033747375011444,1355.0,1355.0,2247,Georgia State,fbs,Sun Belt,24.0,"[7, 14, 0, 3]",0.8196625262498856,1323.0,1323.0,5.4357245247580535,,,
401525563,2023,13,regular,2023-11-25T19:00:00.000Z,False,True,False,True,35018.0,1964.0,JMA Wireless Dome,183,Syracuse,fbs,ACC,35.0,"[7, 7, 7, 14]",0.6188660264015198,1396.0,1399.0,154,Wake Forest,fbs,ACC,31.0,"[7, 3, 7, 14]",0.3811339735984802,1400.0,1397.0,5.490695251700827,,,
401531386,2023,13,regular,2023-11-25T19:00:00.000Z,False,True,False,True,14628.0,3825.0,DATCU Stadium,249,North Texas,fbs,American Athletic,45.0,"[7, 7, 11, 20]",0.26889505982398987,1369.0,1369.0,5,UAB,fbs,American Athletic,42.0,"[13, 15, 0, 14]",0.7311049401760101,1295.0,1295.0,7.824270089504842,,,
401532628,2023,13,regular,2023-11-25T20:00:00.000Z,False,True,False,True,25554.0,6501.0,Allegiant Stadium,2439,UNLV,fbs,Mountain West,31.0,"[7, 3, 7, 14]",0.021592099219560623,1560.0,1551.0,23,San José State,fbs,Mountain West,37.0,"[17, 3, 10, 7]",0.9784079007804394,1589.0,1598.0,3.962989765084391,,,
401524067,2023,13,regular,2023-11-25T20:00:00.000Z,False,True,False,True,51595.0,587.0,Rice-Eccles Stadium,254,Utah,fbs,Pac-12,23.0,"[7, 6, 7, 3]",0.9611333008830251,1735.0,1719.0,38,Colorado,fbs,Pac-12,17.0,"[0, 10, 0, 7]",0.038866699116974934,1221.0,1237.0,4.511363972,,,
401531926,2023,13,regular,2023-11-25T20:00:00.000Z,False,True,False,True,13892.0,3666.0,Cajun Field,309,Louisiana,fbs,Sun Belt,52.0,"[7, 24, 14, 7]",0.9552949666976929,1458.0,1491.0,2433,UL Monroe,fbs,Sun Belt,21.0,"[7, 7, 0, 7]",0.04470503330230713,1018.0,985.0,2.860667413588111,,,
401520428,2023,13,regular,2023-11-25T20:00:00.000Z,False,True,False,True,12724.0,218.0,FIU Stadium,2229,Florida International,fbs,Conference USA,28.0,"[0, 7, 7, 14]",0.1694149523973465,985.0,997.0,98,Western Kentucky,fbs,Conference USA,41.0,"[21, 13, 7, 0]",0.8305850476026535,1465.0,1453.0,2.8149706633851546,,,
401520436,2023,13,regular,2023-11-25T20:30:00.000Z,False,True,False,True,48119.0,3953.0,Huntington Bank Stadium,135,Minnesota,fbs,Big Ten,14.0,"[7, 7, 0, 0]",0.012391461059451103,1502.0,1479.0,275,Wisconsin,fbs,Big Ten,28.0,"[0, 14, 14, 0]",0.9876085389405489,1598.0,1621.0,4.617487040098747,,,
401520431,2023,13,regular,2023-11-25T20:30:00.000Z,False,True,False,True,42310.0,3832.0,"Memorial Stadium (Champaign, IL)",356,Illinois,fbs,Big Ten,43.0,"[3, 17, 3, 20]",0.16760297119617462,1510.0,1504.0,77,Northwestern,fbs,Big Ten,45.0,"[7, 14, 7, 17]",0.8323970288038254,1457.0,1463.0,7.020218575618355,,,
401520444,2023,13,regular,2023-11-25T20:30:00.000Z,False,True,False,True,10240.0,3946.0,Sun Bowl,2638,UTEP,fbs,Conference USA,28.0,"[7, 0, 0, 21]",0.08716566860675812,1183.0,1195.0,2335,Liberty,fbs,Conference USA,42.0,"[21, 7, 7, 7]",0.9128343313932419,1683.0,1671.0,4.254701517730671,,,
401520427,2023,13,regular,2023-11-25T20:30:00.000Z,False,True,False,True,88043.0,3785.0,Jordan-Hare Stadium,2,Auburn,fbs,SEC,24.0,"[7, 7, 7, 3]",0.14676618348576967,1612.0,1631.0,333,Alabama,fbs,SEC,27.0,"[7, 10, 3, 7]",0.8532338165142304,2047.0,2028.0,7.3620010608,,,
401520439,2023,13,regular,2023-11-25T20:30:00.000Z,False,True,False,True,,6577.0,SHI Stadium,164,Rutgers,fbs,Big Ten,24.0,"[3, 14, 0, 7]",0.020181216299533844,1447.0,1421.0,120,Maryland,fbs,Big Ten,42.0,"[21, 7, 7, 7]",0.9798187837004662,1623.0,1649.0,3.5392524640322196,,,
401525905,2023,13,regular,2023-11-25T20:30:00.000Z,False,True,False,True,53855.0,3646.0,Boone Pickens Stadium,197,Oklahoma State,fbs,Big 12,40.0,"[6, 0, 7, 14, 7, 6]",0.22135066986083984,1512.0,1512.0,252,BYU,fbs,Big 12,34.0,"[7, 17, 0, 3, 7, 0]",0.7786493301391602,1364.0,1364.0,7.47096135795622,,,
401531923,2023,13,regular,2023-11-25T20:30:00.000Z,False,True,False,True,16196.0,3654.0,Brooks Stadium (SC),324,Coastal Carolina,fbs,Sun Belt,14.0,"[0, 0, 7, 7]",0.0,1481.0,1391.0,256,James Madison,fbs,Sun Belt,56.0,"[7, 21, 14, 14]",1.0,1745.0,1835.0,2.499929904620836,,,
401531924,2023,13,regular,2023-11-25T20:30:00.000Z,False,True,False,True,18673.0,3775.0,Joan C. Edwards Stadium,276,Marshall,fbs,Sun Belt,35.0,"[14, 14, 7, 0]",0.9580082893371582,1338.0,1371.0,2032,Arkansas State,fbs,Sun Belt,21.0,"[0, 7, 7, 7]",0.0419917106628418,1394.0,1361.0,3.356187900479125,,,
401524064,2023,13,regular,2023-11-25T20:30:00.000Z,False,True,False,True,53414.0,3947.0,Mountain America Stadium,9,Arizona State,fbs,Pac-12,23.0,"[7, 0, 8, 8]",0.17606619000434875,1338.0,1283.0,12,Arizona,fbs,Pac-12,59.0,"[10, 28, 14, 7]",0.8239338099956512,1723.0,1778.0,3.5703937809978794,,,
401520442,2023,13,regular,2023-11-25T20:30:00.000Z,False,True,False,True,101915.0,3853.0,Neyland Stadium,2633,Tennessee,fbs,SEC,48.0,"[14, 17, 14, 3]",0.993727541165205,1787.0,1786.0,238,Vanderbilt,fbs,SEC,24.0,"[7, 3, 0, 14]",0.006272458834794992,1175.0,1176.0,5.8917547354,,,
401525564,2023,13,regular,2023-11-25T20:30:00.000Z,False,True,False,True,42976.0,3923.0,Scott Stadium,258,Virginia,fbs,ACC,17.0,"[0, 0, 10, 7]",0.0,1297.0,1216.0,259,Virginia Tech,fbs,ACC,55.0,"[10, 14, 24, 7]",1.0,1526.0,1607.0,2.5063670423310946,,,
401531922,2023,13,regular,2023-11-25T20:30:00.000Z,False,True,False,True,31248.0,3792.0,Kidd Brewer Stadium,2026,App State,fbs,Sun Belt,55.0,"[3, 24, 14, 14]",0.9884169101715088,1631.0,1679.0,290,Georgia Southern,fbs,Sun Belt,27.0,"[14, 3, 0, 10]",0.011583089828491211,1416.0,1368.0,3.7194817678080607,,,
401520437,2023,13,regular,2023-11-25T21:00:00.000Z,False,True,False,True,15702.0,3601.0,Aggie Memorial Stadium,166,New Mexico State,fbs,Conference USA,20.0,"[14, 3, 0, 3]",0.40239667892456055,1484.0,1486.0,55,Jacksonville State,fbs,Conference USA,17.0,"[0, 3, 0, 14]",0.5976033210754395,1563.0,1561.0,4.416505634583895,,,
401524068,2023,13,regular,2023-11-25T21:00:00.000Z,False,True,False,True,71312.0,3765.0,Husky Stadium,264,Washington,fbs,Pac-12,24.0,"[7, 7, 7, 3]",0.8094761371612549,1871.0,1868.0,265,Washington State,fbs,Pac-12,21.0,"[7, 7, 0, 7]",0.19052386283874512,1543.0,1546.0,6.534436169121355,,,
401531928,2023,13,regular,2023-11-26T00:00:00.000Z,False,True,False,True,15617.0,3644.0,Bobcat Stadium (TX),326,Texas State,fbs,Sun Belt,52.0,"[24, 7, 7, 14]",0.7514841556549072,1244.0,1285.0,6,South Alabama,fbs,Sun Belt,44.0,"[0, 17, 7, 20]",0.24851584434509277,1662.0,1621.0,3.304830793012665,,,
401525902,2023,13,regular,2023-11-26T00:00:00.000Z,False,True,False,True,36200.0,4727.0,McLane Stadium,239,Baylor,fbs,Big 12,31.0,"[0, 14, 14, 3]",0.30211934447288513,1378.0,1384.0,277,West Virginia,fbs,Big 12,34.0,"[7, 20, 0, 7]",0.6978806555271149,1552.0,1546.0,6.933219282643835,,,
401524065,2023,13,regular,2023-11-26T00:00:00.000Z,False,True,False,False,30901.0,3940.0,Stanford Stadium,24,Stanford,fbs,Pac-12,23.0,"[13, 3, 0, 7]",0.0,1179.0,1180.0,87,Notre Dame,fbs,FBS Independents,56.0,"[7, 21, 21, 7]",1.0,2010.0,2009.0,4.846391871555068,,,
401520429,2023,13,regular,2023-11-26T00:00:00.000Z,False,True,False,False,90341.0,3634.0,Ben Hill Griffin Stadium,57,Florida,fbs,SEC,15.0,"[0, 12, 3, 0]",0.8001095056533813,1583.0,1594.0,52,Florida State,fbs,ACC,24.0,"[0, 7, 7, 10]",0.19989049434661865,1954.0,1943.0,4.7851383374538745,,,
401520441,2023,13,regular,2023-11-26T00:30:00.000Z,False,True,False,False,80172.0,3994.0,Williams-Brice Stadium,2579,South Carolina,fbs,SEC,7.0,"[7, 0, 0, 0]",0.0032313354313373566,1598.0,1594.0,228,Clemson,fbs,ACC,16.0,"[10, 3, 3, 0]",0.9967686645686626,1765.0,1769.0,4.290412204214198,,,
401520430,2023,13,regular,2023-11-26T00:30:00.000Z,False,True,False,False,51447.0,721.0,Bobby Dodd Stadium,59,Georgia Tech,fbs,ACC,23.0,"[10, 3, 0, 10]",0.16621607542037964,1419.0,1455.0,61,Georgia,fbs,SEC,31.0,"[7, 14, 10, 0]",0.8337839245796204,2158.0,2122.0,3.6268672294105824,,,
401525903,2023,13,regular,2023-11-26T00:30:00.000Z,False,True,False,True,38193.0,3854.0,Nippert Stadium,2132,Cincinnati,fbs,Big 12,16.0,"[3, 7, 0, 6]",0.03664315119385719,1412.0,1342.0,2305,Kansas,fbs,Big 12,49.0,"[0, 21, 7, 21]",0.9633568488061428,1601.0,1671.0,4.507177144707829,,,
401531410,2023,13,regular,2023-11-26T00:30:00.000Z,False,True,False,True,29279.0,3886.0,Raymond James Stadium,58,South Florida,fbs,American Athletic,48.0,"[7, 14, 20, 7]",0.9871367812156677,1168.0,1260.0,2429,Charlotte,fbs,American Athletic,14.0,"[7, 0, 7, 0]",0.012863218784332275,1147.0,1055.0,3.8419717583637083,,,
401525904,2023,13,regular,2023-11-26T01:00:00.000Z,False,True,False,True,51481.0,3636.0,Bill Snyder Family Stadium,2306,Kansas State,fbs,Big 12,35.0,"[6, 14, 8, 7]",0.02434096485376358,1983.0,1942.0,66,Iowa State,fbs,Big 12,42.0,"[7, 7, 14, 14]",0.9756590351462364,1661.0,1702.0,7.231551650782639,,,
401525562,2023,13,regular,2023-11-26T01:00:00.000Z,False,True,False,True,,3670.0,Carter-Finley Stadium,152,NC State,fbs,ACC,39.0,"[6, 20, 13, 0]",0.9955218434333801,1609.0,1660.0,153,North Carolina,fbs,ACC,20.0,"[0, 7, 13, 0]",0.004478156566619873,1685.0,1634.0,2.4542888433983703,,,
401532630,2023,13,regular,2023-11-26T02:00:00.000Z,False,True,False,True,12044.0,3816.0,Mackay Stadium,2440,Nevada,fbs,Mountain West,6.0,"[0, 6, 0, 0]",0.0077036963775753975,1153.0,1083.0,2751,Wyoming,fbs,Mountain West,42.0,"[14, 7, 14, 7]",0.9922963036224246,1421.0,1491.0,2.2409414496657165,,,
401524066,2023,13,regular,2023-11-26T03:30:00.000Z,False,True,False,True,42439.0,1056.0,Rose Bowl,26,UCLA,fbs,Pac-12,7.0,"[0, 7, 0, 0]",0.08483637124300003,1667.0,1565.0,25,California,fbs,Pac-12,33.0,"[6, 14, 0, 13]",0.915163628757,1431.0,1533.0,4.772950478839031,,,
401532627,2023,13,regular,2023-11-26T03:30:00.000Z,False,True,False,True,22000.0,7311.0,Snapdragon Stadium,21,San Diego State,fbs,Mountain West,33.0,"[3, 13, 7, 10]",0.991149365901947,1319.0,1375.0,278,Fresno State,fbs,Mountain West,18.0,"[7, 3, 0, 8]",0.008850634098052979,1570.0,1514.0,4.019257539701209,,,
401532626,2023,13,regular,2023-11-26T04:00:00.000Z,False,True,False,True,11013.0,7220.0,Clarence T.C. Ching Athletics Complex,62,Hawai'i,fbs,Mountain West,27.0,"[7, 7, 7, 6]",0.7594634294509888,1087.0,1091.0,36,Colorado State,fbs,Mountain West,24.0,"[7, 3, 0, 14]",0.24053657054901123,1280.0,1276.0,4.510380828139828,,,
401539476,2023,14,regular,2023-12-02T00:00:00.000Z,False,True,False,True,20077.0,3992.0,Williams Stadium (VA),2335,Liberty,fbs,Conference USA,49.0,"[7, 14, 14, 14]",1.0,1671.0,1684.0,166,New Mexico State,fbs,Conference USA,35.0,"[7, 14, 14, 0]",0.0,1486.0,1473.0,5.657151236799431,,Conference USA Championship,
401539475,2023,14,regular,2023-12-02T01:00:00.000Z,False,True,True,True,61195.0,6501.0,Allegiant Stadium,264,Washington,fbs,Pac-12,34.0,"[10, 10, 0, 14]",0.6868787407875061,1868.0,1883.0,2483,Oregon,fbs,Pac-12,31.0,"[0, 10, 14, 7]",0.3131212592124939,2046.0,2031.0,4.632603624626,,Pac-12 Championship,
401539479,2023,14,regular,2023-12-02T17:00:00.000Z,False,True,True,True,84523.0,3687.0,AT&T Stadium,251,Texas,fbs,Big 12,49.0,"[21, 14, 7, 7]",0.9125336408615112,2026.0,2050.0,197,Oklahoma State,fbs,Big 12,21.0,"[7, 7, 0, 7]",0.08746635913848877,1512.0,1488.0,2.682477923978333,,Dr Pepper Big 12 Championship,
401539481,2023,14,regular,2023-12-02T17:00:00.000Z,False,True,True,True,20200.0,3727.0,Ford Field,2649,Toledo,fbs,Mid-American,14.0,"[0, 8, 6, 0]",0.16272379457950592,1559.0,1542.0,193,Miami (OH),fbs,Mid-American,23.0,"[10, 0, 3, 10]",0.8372762054204941,1495.0,1512.0,5.64927708228785,,MAC Championship,
401539482,2023,14,regular,2023-12-02T20:00:00.000Z,False,True,False,True,31473.0,6501.0,Allegiant Stadium,2439,UNLV,fbs,Mountain West,20.0,"[7, 10, 3, 0]",0.0,1551.0,1502.0,68,Boise State,fbs,Mountain West,44.0,"[14, 17, 10, 3]",1.0,1678.0,1727.0,4.537181503707494,,Mountain West Championship,
401539483,2023,14,regular,2023-12-02T21:00:00.000Z,False,True,True,True,78320.0,5348.0,Mercedes-Benz Stadium,333,Alabama,fbs,SEC,27.0,"[3, 14, 3, 7]",0.8988999128341675,2028.0,2039.0,61,Georgia,fbs,SEC,24.0,"[7, 0, 3, 14]",0.10110008716583252,2122.0,2111.0,4.750936560754581,,SEC Championship,
401539484,2023,14,regular,2023-12-02T21:00:00.000Z,False,True,False,True,20183.0,3975.0,Veterans Memorial Stadium (AL),2653,Troy,fbs,Sun Belt,49.0,"[0, 14, 7, 28]",0.9891805648803711,1696.0,1761.0,2026,App State,fbs,Sun Belt,23.0,"[0, 7, 10, 6]",0.010819435119628906,1679.0,1614.0,4.506650901544978,,Sun Belt Championship,
401539477,2023,14,regular,2023-12-02T21:00:00.000Z,False,True,False,True,25206.0,4729.0,Yulman Stadium,2655,Tulane,fbs,American Athletic,14.0,"[7, 0, 7, 0]",0.021172016859054565,1657.0,1648.0,2567,SMU,fbs,American Athletic,26.0,"[7, 7, 3, 9]",0.9788279831409454,1852.0,1861.0,5.850979128386324,,American Athletic Championship,
401539480,2023,14,regular,2023-12-03T01:00:00.000Z,False,True,True,True,67842.0,3812.0,Lucas Oil Stadium,2294,Iowa,fbs,Big Ten,0.0,"[0, 0, 0, 0]",0.01917589083313942,1675.0,1666.0,130,Michigan,fbs,Big Ten,26.0,"[10, 0, 10, 6]",0.9808241091668606,2165.0,2174.0,2.5930054253916217,,Big Ten Championship,
401539478,2023,14,regular,2023-12-03T01:00:00.000Z,False,True,True,True,62314.0,3628.0,Bank of America Stadium,52,Florida State,fbs,ACC,16.0,"[0, 3, 7, 6]",0.9365867972373962,1943.0,1951.0,97,Louisville,fbs,ACC,6.0,"[0, 0, 3, 3]",0.06341320276260376,1736.0,1728.0,4.598934322216172,,ACC Championship,
401520445,2023,15,regular,2023-12-09T20:00:00.000Z,False,True,True,False,65878.0,3738.0,Gillette Stadium,349,Army,fbs,FBS Independents,17.0,"[0, 10, 0, 7]",0.7172252731276807,1379.0,1388.0,2426,Navy,fbs,American Athletic,11.0,"[0, 0, 0, 11]",0.2827747268723193,1311.0,1302.0,5.136619754,,,
401618101,2023,1,postseason,2023-12-16T00:00:00.000Z,False,True,False,False,,980.0,Benedetti-Wehrli Stadium,3071,North Central College,iii,CCIW,37.0,"[0, 7, 10, 20]",0.31813138723373413,,,2782,SUNY Cortland,iii,Empire 8,38.0,"[0, 3, 14, 21]",0.6818686127662659,,,7.7162769941275045,,Division III Championship,
401618179,2023,1,postseason,2023-12-16T00:00:00.000Z,False,True,False,False,,5237.0,Dana J. Dykhouse Stadium,2571,South Dakota State,fcs,MVFC,59.0,"[14, 21, 7, 17]",0.9503815174102783,,,399,UAlbany,fcs,Coastal Athletic,0.0,"[0, 0, 0, 0]",0.04961848258972168,,,1.5721628403719734,,FCS Championship - Semifinals,
401551733,2023,1,postseason,2023-12-16T16:00:00.000Z,False,True,True,False,8059.0,3654.0,Brooks Stadium (SC),195,Ohio,fbs,Mid-American,41.0,"[3, 17, 14, 7]",0.9949846267700195,1491.0,1533.0,290,Georgia Southern,fbs,Sun Belt,21.0,"[0, 0, 14, 7]",0.005015373229980469,1368.0,1326.0,2.6826338211507137,,Myrtle Beach Bowl,
401551470,2023,1,postseason,2023-12-16T17:00:00.000Z,False,True,True,False,41108.0,5348.0,Mercedes-Benz Stadium,50,Florida A&M,fcs,SWAC,30.0,"[0, 10, 0, 20]",0.6050310730934143,,,47,Howard,fcs,MEAC,26.0,"[14, 2, 0, 10]",0.3949689269065857,,,5.996276032136723,,Cricket Celebration Bowl,
401618100,2023,1,postseason,2023-12-16T18:00:00.000Z,False,True,True,False,,6308.0,McKinney ISD Stadium,2146,Colorado School of Mines,ii,Rocky Mountain,7.0,"[7, 0, 0, 0]",0.008395716547966003,,,2264,Harding,ii,Great American,38.0,"[7, 14, 10, 7]",0.991604283452034,,,2.59522592462646,,Division II Championship,
401551751,2023,1,postseason,2023-12-16T19:15:00.000Z,False,True,True,False,14485.0,3493.0,Caesars Superdome,309,Louisiana,fbs,Sun Belt,31.0,"[7, 7, 7, 10, 0]",0.3980503976345062,1491.0,1494.0,55,Jacksonville State,fbs,Conference USA,34.0,"[7, 7, 10, 7, 3]",0.6019496023654938,1561.0,1558.0,9.753300251745019,,R+L Carriers New Orleans Bowl,
401551731,2023,1,postseason,2023-12-16T20:30:00.000Z,False,True,True,False,11121.0,3652.0,FBC Mortgage Stadium,2026,App State,fbs,Sun Belt,13.0,"[3, 3, 7, 0]",0.6422607898712158,1614.0,1617.0,193,Miami (OH),fbs,Mid-American,9.0,"[3, 0, 6, 0]",0.3577392101287842,1512.0,1509.0,4.481772516957993,,Avocados From Mexico Cure Bowl,
401618099,2023,1,postseason,2023-12-16T21:30:00.000Z,False,True,False,False,,3987.0,Washington-Grizzly Stadium,149,Montana,fcs,Big Sky,31.0,"[0, 10, 0, 6, 7, 8]",0.017727263271808624,,,2449,North Dakota State,fcs,MVFC,29.0,"[3, 3, 3, 7, 7, 6]",0.9822727367281914,,,5.968622897172406,,FCS Championship - Semifinals,
401551732,2023,1,postseason,2023-12-16T22:45:00.000Z,False,True,True,False,30822.0,3971.0,University Stadium (NM),278,Fresno State,fbs,Mountain West,37.0,"[10, 7, 3, 17]",0.9843491911888123,1514.0,1588.0,166,New Mexico State,fbs,Conference USA,10.0,"[0, 3, 7, 0]",0.015650808811187744,1473.0,1399.0,2.515136585536404,,Isleta New Mexico Bowl,
401551752,2023,1,postseason,2023-12-17T00:30:00.000Z,False,True,True,False,32780.0,7065.0,SoFi Stadium,68,Boise State,fbs,Mountain West,22.0,"[6, 10, 0, 6]",0.1676843911409378,1727.0,1690.0,26,UCLA,fbs,Pac-12,35.0,"[7, 0, 21, 7]",0.8323156088590622,1565.0,1602.0,5.002538363265019,,Starco Brands LA Bowl,
401551753,2023,1,postseason,2023-12-17T02:15:00.000Z,False,True,True,False,33071.0,3766.0,Independence Stadium,2641,Texas Tech,fbs,Big 12,34.0,"[7, 17, 7, 3]",0.9979944825172424,1504.0,1562.0,25,California,fbs,Pac-12,14.0,"[14, 0, 0, 0]",0.0020055174827575684,1533.0,1475.0,3.774539183759265,,Radiance Technologies Independence Bowl,
401551469,2023,1,postseason,2023-12-18T19:30:00.000Z,False,True,True,False,5632.0,4418.0,Jerry Richardson Stadium,295,Old Dominion,fbs,Sun Belt,35.0,"[21, 7, 7, 0, 0]",0.9517530202865601,1355.0,1359.0,98,Western Kentucky,fbs,Conference USA,38.0,"[0, 7, 7, 21, 3]",0.04824697971343994,1453.0,1449.0,6.0961138472262855,,Famous Toastery Bowl,
401551735,2023,1,postseason,2023-12-20T02:00:00.000Z,False,True,True,False,11215.0,1400.0,Toyota Stadium,276,Marshall,fbs,Sun Belt,17.0,"[7, 10, 0, 0]",0.13900239765644073,1371.0,1360.0,2636,UTSA,fbs,American Athletic,35.0,"[0, 21, 7, 7]",0.8609976023435593,1636.0,1647.0,4.7848473723135845,,Scooter's Coffee Frisco Bowl,
401551737,2023,1,postseason,2023-12-22T01:00:00.000Z,False,True,True,False,20711.0,3715.0,FAU Stadium,183,Syracuse,fbs,ACC,0.0,"[0, 0, 0, 0]",0.00688838679343462,1399.0,1246.0,58,South Florida,fbs,American Athletic,45.0,"[14, 17, 7, 7]",0.9931116132065654,1260.0,1413.0,3.513447827246315,,RoofClaim.com Boca Raton Bowl,
401551754,2023,1,postseason,2023-12-22T23:30:00.000Z,False,True,True,False,30281.0,3886.0,Raymond James Stadium,2116,UCF,fbs,Big 12,17.0,"[14, 3, 0, 0]",0.043977513909339905,1658.0,1617.0,59,Georgia Tech,fbs,ACC,30.0,"[0, 17, 3, 10]",0.9560224860906601,1455.0,1496.0,4.183649770508522,,Union Home Mortgage Gasparilla Bowl,
401551739,2023,1,postseason,2023-12-23T17:00:00.000Z,False,True,True,False,20023.0,7221.0,Protective Stadium,150,Duke,fbs,ACC,17.0,"[8, 6, 0, 3]",0.97674959897995,1629.0,1654.0,2653,Troy,fbs,Sun Belt,10.0,"[0, 0, 3, 7]",0.02325040102005005,1761.0,1736.0,2.9060161368675543,,76 Birmingham Bowl,
401551741,2023,1,postseason,2023-12-23T17:00:00.000Z,False,True,True,False,11310.0,3689.0,Cramton Bowl,2459,Northern Illinois,fbs,Mid-American,21.0,"[13, 8, 0, 0]",0.9103562831878662,1418.0,1420.0,2032,Arkansas State,fbs,Sun Belt,19.0,"[7, 6, 0, 6]",0.08964371681213379,1361.0,1359.0,3.8924048422188164,,Camellia Bowl,
401551742,2023,1,postseason,2023-12-23T20:30:00.000Z,False,True,True,False,30828.0,3616.0,Amon G. Carter Stadium,2005,Air Force,fbs,Mountain West,31.0,"[7, 14, 7, 3]",0.9588826298713684,1560.0,1608.0,256,James Madison,fbs,Sun Belt,21.0,"[7, 0, 7, 7]",0.04111737012863159,1835.0,1787.0,3.2699357729619023,,Lockheed Martin Armed Forces Bowl,
401551743,2023,1,postseason,2023-12-23T20:30:00.000Z,False,True,True,False,12168.0,3653.0,Albertsons Stadium,328,Utah State,fbs,Mountain West,22.0,"[14, 0, 0, 8]",0.015174265950918198,1321.0,1269.0,2247,Georgia State,fbs,Sun Belt,45.0,"[21, 10, 7, 7]",0.9848257340490818,1323.0,1375.0,4.989956313077831,,Famous Idaho Potato Bowl,
401551755,2023,1,postseason,2023-12-24T00:00:00.000Z,False,True,False,False,20926.0,6526.0,Hancock Whitney Stadium,2199,Eastern Michigan,fbs,Mid-American,10.0,"[0, 3, 0, 7]",0.02871084026992321,1285.0,1181.0,6,South Alabama,fbs,Sun Belt,59.0,"[17, 21, 21, 0]",0.9712891597300768,1621.0,1725.0,3.314943254470618,,68 Ventures Bowl,
401551744,2023,1,postseason,2023-12-24T00:30:00.000Z,False,True,True,False,20897.0,6501.0,Allegiant Stadium,77,Northwestern,fbs,Big Ten,14.0,"[0, 7, 0, 7]",0.49434733390808105,1463.0,1498.0,254,Utah,fbs,Pac-12,7.0,"[0, 0, 0, 7]",0.505652666091919,1719.0,1684.0,4.813181149658535,,SRS Distribution Las Vegas Bowl,
401551746,2023,1,postseason,2023-12-24T03:30:00.000Z,False,True,True,False,7089.0,7220.0,Clarence T.C. Ching Athletics Complex,23,San José State,fbs,Mountain West,14.0,"[0, 0, 0, 14]",0.2798960208892822,1598.0,1566.0,324,Coastal Carolina,fbs,Sun Belt,24.0,"[7, 0, 7, 10]",0.7201039791107178,1391.0,1423.0,4.298937119652893,,EasyPost Hawaiʻi Bowl,
401551756,2023,1,postseason,2023-12-26T19:00:00.000Z,False,True,True,False,28521.0,3727.0,Ford Field,135,Minnesota,fbs,Big Ten,30.0,"[6, 3, 14, 7]",0.9069061875343323,1479.0,1488.0,189,Bowling Green,fbs,Mid-American,24.0,"[7, 3, 0, 14]",0.09309381246566772,1406.0,1397.0,4.806753374153781,,Quick Lane Bowl,
401551748,2023,1,postseason,2023-12-26T22:30:00.000Z,False,True,True,False,26542.0,3735.0,Gerald J. Ford Stadium,242,Rice,fbs,American Athletic,21.0,"[7, 14, 0, 0]",0.009819676168262959,1358.0,1294.0,326,Texas State,fbs,Sun Belt,45.0,"[14, 10, 14, 7]",0.990180323831737,1285.0,1349.0,5.501855007494211,,SERVPRO First Responder Bowl,
401551757,2023,1,postseason,2023-12-27T02:00:00.000Z,False,True,True,False,26478.0,4251.0,Chase Field,2439,UNLV,fbs,Mountain West,36.0,"[7, 3, 14, 12]",0.053320854902267456,1502.0,1494.0,2305,Kansas,fbs,Big 12,49.0,"[7, 21, 0, 21]",0.9466791450977325,1671.0,1679.0,6.5731389242895935,,Guaranteed Rate Bowl,
401551758,2023,1,postseason,2023-12-27T19:00:00.000Z,False,True,True,False,35849.0,3852.0,Navy-Marine Corps Memorial Stadium,2655,Tulane,fbs,American Athletic,20.0,"[7, 3, 7, 3]",0.34395867586135864,1648.0,1598.0,259,Virginia Tech,fbs,ACC,41.0,"[10, 7, 10, 14]",0.6560413241386414,1607.0,1657.0,4.9557607494445906,,Military Bowl Presented by GoBowling.com,
401551761,2023,1,postseason,2023-12-27T22:30:00.000Z,False,True,True,False,42925.0,3628.0,Bank of America Stadium,277,West Virginia,fbs,Big 12,30.0,"[7, 10, 3, 10]",1.0,1546.0,1611.0,153,North Carolina,fbs,ACC,10.0,"[0, 10, 0, 0]",0.0,1634.0,1569.0,4.09762183664117,,Duke's Mayo Bowl,
401581109,2023,1,postseason,2023-12-28T01:00:00.000Z,False,True,True,False,35317.0,4205.0,Petco Park,30,USC,fbs,Pac-12,42.0,"[7, 21, 7, 7]",0.9242533445358276,1683.0,1723.0,97,Louisville,fbs,ACC,28.0,"[7, 7, 7, 7]",0.07574665546417236,1728.0,1688.0,3.9884993387177277,,DIRECTV Holiday Bowl,
401551749,2023,1,postseason,2023-12-28T02:00:00.000Z,False,True,True,False,55212.0,3891.0,NRG Stadium,197,Oklahoma State,fbs,Big 12,31.0,"[10, 14, 7, 0]",0.559508740901947,1488.0,1533.0,245,Texas A&M,fbs,SEC,23.0,"[3, 3, 14, 3]",0.440491259098053,1817.0,1772.0,3.5298722771505053,,TaxAct Texas Bowl,
401551750,2023,1,postseason,2023-12-28T16:00:00.000Z,False,True,True,False,16238.0,4245.0,Fenway Park,103,Boston College,fbs,ACC,23.0,"[3, 7, 0, 13]",0.9977238178253174,1269.0,1345.0,2567,SMU,fbs,American Athletic,14.0,"[0, 14, 0, 0]",0.002276182174682617,1861.0,1785.0,5.307980236363462,,Wasabi Fenway Bowl,
401551762,2023,1,postseason,2023-12-28T19:15:00.000Z,False,True,True,False,35314.0,4102.0,Yankee Stadium,2390,Miami,fbs,ACC,24.0,"[0, 10, 7, 7]",0.0038550712633877993,1600.0,1580.0,164,Rutgers,fbs,Big Ten,31.0,"[7, 7, 7, 10]",0.9961449287366122,1421.0,1441.0,5.273858817688979,,Bad Boy Mowers Pinstripe Bowl,
401551764,2023,1,postseason,2023-12-28T22:45:00.000Z,False,True,True,False,31111.0,4013.0,Camping World Stadium,2306,Kansas State,fbs,Big 12,28.0,"[7, 14, 0, 7]",0.9358124136924744,1942.0,1942.0,152,NC State,fbs,ACC,19.0,"[0, 10, 9, 0]",0.06418758630752563,1660.0,1660.0,4.163591307399746,,Pop-Tarts Bowl,
401551765,2023,1,postseason,2023-12-29T02:15:00.000Z,False,True,True,False,55883.0,3604.0,Alamodome,201,Oklahoma,fbs,Big 12,24.0,"[0, 14, 10, 0]",0.34772178530693054,1974.0,1930.0,12,Arizona,fbs,Pac-12,38.0,"[10, 3, 8, 17]",0.6522782146930695,1778.0,1822.0,5.901661768197439,,Valero Alamo Bowl,
401551766,2023,1,postseason,2023-12-29T17:00:00.000Z,False,True,True,False,40132.0,3712.0,EverBank Stadium,96,Kentucky,fbs,SEC,35.0,"[7, 7, 7, 14]",0.3369513750076294,1636.0,1641.0,228,Clemson,fbs,ACC,38.0,"[3, 7, 0, 28]",0.6630486249923706,1769.0,1764.0,7.889368274324155,,TaxSlayer Gator Bowl,
401551798,2023,1,postseason,2023-12-29T19:00:00.000Z,False,True,True,False,48223.0,3946.0,Sun Bowl,87,Notre Dame,fbs,FBS Independents,40.0,"[7, 7, 10, 16]",0.9962014555931091,2009.0,2077.0,204,Oregon State,fbs,Pac-12,8.0,"[0, 0, 0, 8]",0.003798544406890869,1790.0,1722.0,1.811240401921,,Tony the Tiger Sun Bowl,
401551767,2023,1,postseason,2023-12-29T20:30:00.000Z,False,True,False,False,48789.0,3805.0,Simmons Bank Liberty Stadium,66,Iowa State,fbs,Big 12,26.0,"[0, 13, 7, 6]",0.24856236577033997,1702.0,1669.0,235,Memphis,fbs,American Athletic,36.0,"[19, 3, 14, 0]",0.75143763422966,1571.0,1604.0,4.015057843825913,,AutoZone Liberty Bowl,
401551768,2023,1,postseason,2023-12-30T01:00:00.000Z,False,True,True,False,70114.0,3687.0,AT&T Stadium,194,Ohio State,fbs,Big Ten,3.0,"[3, 0, 0, 0]",0.06263947998189202,2108.0,2065.0,142,Missouri,fbs,SEC,14.0,"[0, 0, 0, 14]",0.937360520018108,1823.0,1866.0,6.9882646053,,Goodyear Cotton Bowl Classic,
401551769,2023,1,postseason,2023-12-30T17:00:00.000Z,False,True,True,False,71230.0,5348.0,Mercedes-Benz Stadium,213,Penn State,fbs,Big Ten,25.0,"[3, 14, 0, 8]",0.1824485808610916,2061.0,2000.0,145,Ole Miss,fbs,SEC,38.0,"[10, 10, 11, 7]",0.8175514191389084,1676.0,1737.0,5.5679985397957825,,Chick-fil-A Peach Bowl,
401551770,2023,1,postseason,2023-12-30T19:00:00.000Z,False,True,True,False,50088.0,3810.0,Nissan Stadium,120,Maryland,fbs,Big Ten,31.0,"[21, 3, 7, 0]",0.9445885419845581,1649.0,1695.0,2,Auburn,fbs,SEC,13.0,"[0, 7, 0, 6]",0.055411458015441895,1631.0,1585.0,2.12569895493549,,TransPerfect Music City Bowl,
401551773,2023,1,postseason,2023-12-30T21:00:00.000Z,False,True,True,False,63324.0,3948.0,Hard Rock Stadium,52,Florida State,fbs,ACC,3.0,"[0, 3, 0, 0]",0.007690835744142532,1951.0,1789.0,61,Georgia,fbs,SEC,63.0,"[7, 35, 14, 7]",0.9923091642558575,2111.0,2273.0,2.473631948417131,,Capital One Orange Bowl,
401554566,2023,1,postseason,2023-12-30T21:30:00.000Z,False,True,True,False,30428.0,3619.0,Arizona Stadium,2751,Wyoming,fbs,Mountain West,16.0,"[3, 3, 0, 10]",0.6111685037612915,1491.0,1494.0,2649,Toledo,fbs,Mid-American,15.0,"[0, 10, 5, 0]",0.3888314962387085,1542.0,1539.0,5.007027997187213,,Barstool Sports Arizona Bowl,
401551778,2023,1,postseason,2024-01-01T17:00:00.000Z,False,True,True,False,31424.0,3886.0,Raymond James Stadium,99,LSU,fbs,SEC,35.0,"[0, 14, 14, 7]",0.1341584175825119,1995.0,1985.0,275,Wisconsin,fbs,Big Ten,31.0,"[14, 7, 10, 0]",0.8658415824174881,1621.0,1631.0,7.1847001750706765,,ReliaQuest Bowl,
401551782,2023,1,postseason,2024-01-01T18:00:00.000Z,False,True,True,False,47769.0,3970.0,State Farm Stadium,2483,Oregon,fbs,Pac-12,45.0,"[3, 28, 7, 7]",0.957328736782074,2031.0,2106.0,2335,Liberty,fbs,Conference USA,6.0,"[6, 0, 0, 0]",0.042671263217926025,1684.0,1609.0,2.9931924454458123,,Vrbo Fiesta Bowl,
401551780,2023,1,postseason,2024-01-01T18:00:00.000Z,False,True,True,False,43861.0,4013.0,Camping World Stadium,2633,Tennessee,fbs,SEC,35.0,"[0, 14, 7, 14]",1.0,1786.0,1877.0,2294,Iowa,fbs,Big Ten,0.0,"[0, 0, 0, 0]",0.0,1666.0,1575.0,2.4893769197796813,,Cheez-It Citrus Bowl,
401551786,2023,1,postseason,2024-01-01T22:00:00.000Z,False,True,True,False,96371.0,1056.0,Rose Bowl,130,Michigan,fbs,Big Ten,27.0,"[7, 6, 0, 7, 7]",0.7880709767341614,2174.0,2181.0,333,Alabama,fbs,SEC,20.0,"[7, 3, 0, 10, 0]",0.21192902326583862,2039.0,2032.0,6.782818738425242,,CFP Semifinal at the Rose Bowl Game Pres. by Prudential,"{'competition': 'cfp', 'format': 'four_team', 'round': 'semifinal', 'roundName': 'Semifinal', 'bracketSlot': 'SF1', 'homeSeed': 1, 'awaySeed': 4, 'bowlName': 'Rose Bowl'}"
401551788,2023,1,postseason,2024-01-02T01:45:00.000Z,False,True,True,False,68791.0,3493.0,Caesars Superdome,264,Washington,fbs,Pac-12,37.0,"[7, 14, 10, 6]",0.938383162021637,1883.0,1908.0,251,Texas,fbs,Big 12,31.0,"[7, 14, 0, 10]",0.06161683797836304,2050.0,2025.0,5.923859524212946,,CFP Semifinal at the Allstate Sugar Bowl,"{'competition': 'cfp', 'format': 'four_team', 'round': 'semifinal', 'roundName': 'Semifinal', 'bracketSlot': 'SF2', 'homeSeed': 2, 'awaySeed': 3, 'bowlName': 'Sugar Bowl'}"
401555031,2023,1,postseason,2024-01-07T19:00:00.000Z,False,True,True,False,,1400.0,Toyota Stadium,2571,South Dakota State,fcs,MVFC,23.0,"[7, 0, 16, 0]",0.8720770478248596,,,149,Montana,fcs,Big Sky,3.0,"[0, 3, 0, 0]",0.12792295217514038,,,3.219667309203755,,FCS Championship,
401551789,2023,1,postseason,2024-01-09T00:30:00.000Z,False,True,True,False,72808.0,3891.0,NRG Stadium,130,Michigan,fbs,Big Ten,34.0,"[14, 3, 3, 14]",0.93558669090271,2181.0,2210.0,264,Washington,fbs,Pac-12,13.0,"[3, 7, 3, 0]",0.06441330909729004,1908.0,1879.0,3.4415034001724045,,CFP National Championship Pres. by AT&T,"{'competition': 'cfp', 'format': 'four_team', 'round': 'championship', 'roundName': 'National Championship', 'bracketSlot': 'CH', 'homeSeed': 1, 'awaySeed': 2, 'bowlName': None}"
401612659,2023,11,postseason,2023-11-11T17:00:00.000Z,False,True,False,True,,5898.0,John Coughlin Memorial Field,402,Worcester State,iii,MSCAC,6.0,"[0, 0, 6, 0]",,,,2967,Framingham State,iii,MSCAC,41.0,"[21, 6, 7, 7]",,,,,,,
401612693,2023,11,postseason,2023-11-11T18:00:00.000Z,False,True,False,True,,5875.0,Charlie W. Johnson Stadium,490,Benedict,ii,SIAC,47.0,"[3, 14, 16, 14]",,,,2013,Albany State,ii,SIAC,10.0,"[0, 3, 7, 0]",,,,,,SIAC Championship Game,
401612660,2023,11,postseason,2023-11-11T19:00:00.000Z,False,True,False,True,,5795.0,Edor Nelson Field,124,Augsburg,iii,Minnesota,25.0,"[3, 7, 0, 15]",,,,2101,Carleton,iii,Minnesota,41.0,"[7, 10, 21, 3]",,,,,,,
401612662,2023,11,postseason,2023-11-11T19:00:00.000Z,False,True,False,True,,5825.0,Jake Christiansen Stadium,2152,Concordia (MN),iii,Minnesota,21.0,"[7, 7, 0, 7]",,,,2600,Saint John's (MN),iii,Minnesota,48.0,"[13, 14, 7, 14]",,,,,,,
401612663,2023,11,postseason,2023-11-11T19:00:00.000Z,False,True,False,True,,5895.0,Klas Field,162,Hamline,iii,Minnesota,7.0,"[0, 0, 0, 7]",,,,133,St. Olaf,iii,Minnesota,28.0,"[14, 7, 0, 7]",,,,,,,
401612664,2023,11,postseason,2023-11-11T19:00:00.000Z,False,True,False,True,,5928.0,Macalester Stadium,2359,Macalester,iii,Minnesota,40.0,"[14, 12, 7, 7]",,,,375,St. Scholastica,iii,Minnesota,20.0,"[0, 0, 7, 13]",,,,,,,
401612661,2023,11,postseason,2023-11-11T19:00:00.000Z,False,True,False,True,,5804.0,Royal Stadium,2802,Bethel (MN),iii,Minnesota,31.0,"[17, 0, 0, 14]",,,,2968,Gustavus Adolphus,iii,Minnesota,7.0,"[0, 0, 0, 7]",,,,,,,
401612665,2023,11,postseason,2023-11-11T20:00:00.000Z,False,True,False,True,,3813.0,"Luther ""Nick"" Jeralds Stadium",2220,Fayetteville State,ii,CIAA,10.0,"[0, 7, 3, 0]",,,,2676,Virginia Union,ii,CIAA,21.0,"[7, 7, 7, 0]",,,,,,,
401612977,2023,11,postseason,2023-11-11T21:00:00.000Z,False,True,False,True,,5819.0,Ernie Chapman Stadium,411,Chapman,iii,So. Cal.,41.0,"[17, 7, 3, 14]",,,,2923,Pomona Pitzer,iii,So. Cal.,20.0,"[0, 0, 20, 0]",,,,,,,
401612978,2023,11,postseason,2023-11-11T21:00:00.000Z,False,True,False,True,,5909.0,Ortmayer Stadium,2318,La Verne,iii,So. Cal.,31.0,"[0, 24, 0, 7]",,,,2094,Cal Lutheran,iii,So. Cal.,24.0,"[7, 0, 14, 3]",,,,,,,
401612976,2023,11,postseason,2023-11-11T21:00:00.000Z,False,True,False,True,,6106.0,Ted Runner Stadium,29,Redlands,iii,So. Cal.,6.0,"[0, 0, 6, 0]",,,,17,Claremont Mudd Scripps,iii,So. Cal.,21.0,"[14, 0, 0, 7]",,,,,,,
401613471,2023,12,postseason,2023-11-18T17:00:00.000Z,False,True,False,False,,5124.0,Homewood Field,118,Johns Hopkins,iii,Centennial,62.0,"[14, 27, 21, 0]",,,,2843,Western Connecticut State,iii,MSCAC,20.0,"[13, 7, 0, 0]",,,,,,Division III Championship - First Round,
401613473,2023,12,postseason,2023-11-18T17:00:00.000Z,False,True,False,False,,6105.0,Day Field,2516,Randolph Macon,iii,Old Dominion,28.0,"[7, 0, 14, 7]",,,,3112,Christopher Newport,iii,New Jersey,20.0,"[0, 3, 7, 10]",,,,,,Division III Championship - First Round,
401613469,2023,12,postseason,2023-11-18T17:00:00.000Z,False,True,False,False,,3709.0,Hempstead Stadium,452,Endicott,iii,Commonwealth Coast,17.0,"[7, 3, 7, 0]",,,,2782,SUNY Cortland,iii,Empire 8,23.0,"[7, 10, 3, 3]",,,,,,Division III Championship - First Round,
401613472,2023,12,postseason,2023-11-18T17:00:00.000Z,False,True,False,False,,5833.0,Robert A. Lipinski Field at James Work Memorial Stadium,2808,Delaware Valley,iii,Mid Atlantic,16.0,"[0, 6, 0, 10]",,,,237,Union,iii,Liberty League,24.0,"[7, 10, 0, 7]",,,,,,Division III Championship - First Round,
401613468,2023,12,postseason,2023-11-18T17:00:00.000Z,False,True,False,False,,5790.0,Bahlke Field,2800,Alma,iii,Michigan,32.0,"[15, 10, 7, 0]",,,,83,DePauw,iii,North Coast,17.0,"[7, 7, 3, 0]",,,,,,Division III Championship - First Round,
401613470,2023,12,postseason,2023-11-18T17:00:00.000Z,False,True,False,False,,6124.0,Amos Alonzo Stagg Field (PA),216,Susquehanna,iii,Landmark Conference,20.0,"[7, 7, 3, 3]",,,,146,Grove City,iii,Presidents',21.0,"[0, 7, 7, 7]",,,,,,Division III Championship - First Round,
401613467,2023,12,postseason,2023-11-18T17:00:00.000Z,False,True,False,False,,4856.0,Mount Union Stadium,426,Mount Union,iii,Ohio,56.0,"[28, 0, 14, 14]",,,,3162,Alfred State,iii,ECFC,14.0,"[7, 7, 0, 0]",,,,,,Division III Championship - First Round,
401613474,2023,12,postseason,2023-11-18T17:00:00.000Z,False,True,False,False,,6119.0,Stagg Field,81,Springfield,iii,NEWMAC,7.0,"[0, 0, 0, 7]",,,,175,Ithaca,iii,Liberty League,21.0,"[14, 0, 7, 0]",,,,,,Division III Championship - First Round,
401613459,2023,12,postseason,2023-11-18T18:00:00.000Z,False,True,False,False,,5914.0,Veterans Memorial Stadium (WI),2740,Wisconsin La Crosse,iii,Wisconsin,62.0,"[35, 17, 7, 3]",,,,2399,Minnesota Morris,iii,Upper Midwest,7.0,"[0, 0, 0, 7]",,,,,,Division III Championship - First Round,
401613463,2023,12,postseason,2023-11-18T18:00:00.000Z,False,True,False,False,,6137.0,Walston-Hoover Stadium,2685,Wartburg,iii,American Rivers,49.0,"[14, 28, 0, 7]",,,,2286,Illinois College,iii,Midwest,14.0,"[7, 0, 7, 0]",,,,,,Division III Championship - First Round,
401613466,2023,12,postseason,2023-11-18T18:00:00.000Z,False,True,False,False,,4854.0,Perkins Stadium,2745,Wisconsin Whitewater,iii,Wisconsin,42.0,"[14, 14, 7, 7]",,,,2802,Bethel (MN),iii,Minnesota,14.0,"[0, 7, 7, 0]",,,,,,Division III Championship - First Round,
401613502,2023,12,postseason,2023-11-18T18:00:00.000Z,False,True,False,True,,3811.0,Lubbers Stadium,125,Grand Valley State,ii,GLIAC,21.0,"[7, 0, 7, 7]",,,,2222,Ferris State,ii,GLIAC,14.0,"[0, 7, 0, 7]",,,,,,Division II Championship - First Round,
401613460,2023,12,postseason,2023-11-18T18:00:00.000Z,False,True,False,False,,5797.0,Vago Field,2044,Aurora,iii,NACC,20.0,"[7, 7, 3, 3]",,,,2141,Coe,iii,American Rivers,7.0,"[0, 0, 7, 0]",,,,,,Division III Championship - First Round,
401613461,2023,12,postseason,2023-11-18T18:00:00.000Z,False,True,False,False,,6132.0,Trinity University Stadium,386,Trinity (TX),iii,Southern Athletic,20.0,"[7, 7, 0, 6]",,,,2810,Hardin Simmons,iii,American Southwest,6.0,"[0, 0, 0, 6]",,,,,,Division III Championship - First Round,
401613462,2023,12,postseason,2023-11-18T18:00:00.000Z,False,True,False,False,,980.0,Benedetti-Wehrli Stadium,3071,North Central College,iii,CCIW,65.0,"[14, 21, 21, 9]",,,,2056,Belhaven,iii,USA South,0.0,"[0, 0, 0, 0]",,,,,,Division III Championship - First Round,
401613465,2023,12,postseason,2023-11-18T18:00:00.000Z,False,True,False,False,,5115.0,McCully Stadium,396,Wheaton (IL),iii,CCIW,41.0,"[7, 21, 3, 10]",,,,2419,Mount St Joseph,iii,Heartland,34.0,"[14, 7, 13, 0]",,,,,,Division III Championship - First Round,
401613476,2023,12,postseason,2023-11-18T18:00:00.000Z,False,True,False,False,,5121.0,University of Charleston Stadium,2128,Charleston (WV),ii,Mountain East,52.0,"[10, 14, 21, 7]",,,,2441,New Haven,ii,Northeast 10,44.0,"[0, 7, 14, 23]",,,,,,Division II Championship - First Round,
401613478,2023,12,postseason,2023-11-18T18:00:00.000Z,False,True,False,False,,6553.0,Helen and Leonard Moretz Stadium,2331,Lenoir Rhyne,ii,South Atlantic,63.0,"[21, 14, 21, 7]",,,,2974,Shepherd,ii,Pennsylvania State Athletic,17.0,"[7, 10, 0, 0]",,,,,,Division II Championship - First Round,
401613475,2023,12,postseason,2023-11-18T18:00:00.000Z,False,True,False,True,,4430.0,Mihalik-Thompson Stadium,215,Slippery Rock,ii,Pennsylvania State Athletic,45.0,"[14, 10, 14, 7]",,,,2188,East Stroudsburg,ii,Pennsylvania State Athletic,14.0,"[7, 7, 0, 0]",,,,,,Division II Championship - First Round,
401611307,2023,12,postseason,2023-11-18T18:00:00.000Z,False,True,False,True,,5806.0,Whittier Field,340,Bowdoin,iii,NESCAC,21.0,"[7, 7, 0, 7]",,,,2977,Trinity (CT),iii,NESCAC,58.0,"[21, 27, 10, 0]",,,,,,,
401611308,2023,12,postseason,2023-11-18T18:00:00.000Z,False,True,False,True,,3733.0,Garcelon Field,121,Bates,iii,NESCAC,0.0,"[0, 0, 0, 0]",,,,2731,Williams,iii,NESCAC,43.0,"[10, 20, 7, 6]",,,,,,,
401613500,2023,12,postseason,2023-11-18T18:00:00.000Z,False,True,False,False,,4851.0,Bazemore-Hyder Stadium,2673,Valdosta State,ii,Gulf South,62.0,"[21, 10, 7, 24]",,,,2336,Limestone,ii,South Atlantic,41.0,"[0, 7, 13, 21]",,,,,,Division II Championship - First Round,
401611306,2023,12,postseason,2023-11-18T18:00:00.000Z,False,True,False,True,,5689.0,Seaverns Field At Harold Alfond Stadium,33,Colby,iii,NESCAC,28.0,"[7, 7, 0, 14]",,,,2394,Middlebury,iii,NESCAC,35.0,"[0, 14, 21, 0]",,,,,,,
401613477,2023,12,postseason,2023-11-18T18:00:00.000Z,False,True,False,False,,4432.0,Andre Reed Stadium,2315,Kutztown,ii,Pennsylvania State Athletic,38.0,"[21, 14, 0, 3]",,,,2676,Virginia Union,ii,CIAA,14.0,"[0, 7, 7, 0]",,,,,,Division II Championship - First Round,
401613499,2023,12,postseason,2023-11-18T19:00:00.000Z,False,True,False,True,,5935.0,Parker Field at McCool Stadium,2170,Delta State,ii,Gulf South,49.0,"[14, 21, 7, 7]",,,,110242,West Florida,ii,Gulf South,14.0,"[0, 0, 7, 7]",,,,,,Division II Championship - First Round,
401613503,2023,12,postseason,2023-11-18T19:00:00.000Z,False,True,False,False,,6067.0,Carnie Smith Stadium,90,Pittsburg State,ii,Mid America,35.0,"[2, 13, 3, 17]",,,,2292,Indianapolis,ii,Great Lakes,14.0,"[0, 7, 0, 7]",,,,,,Division II Championship - First Round,
401613504,2023,12,postseason,2023-11-18T19:00:00.000Z,False,True,False,True,,5872.0,Kirkeby-Over Stadium,2043,Augustana (SD),ii,Northern Sun,51.0,"[3, 14, 20, 14]",,,,2364,Minnesota State,ii,Northern Sun,24.0,"[3, 0, 0, 21]",,,,,,Division II Championship - First Round,
401613506,2023,12,postseason,2023-11-18T19:00:00.000Z,False,True,False,False,,5917.0,Ratliff Stadium,110243,UT Permian Basin,ii,Lone Star,3.0,"[0, 0, 0, 3]",,,,132,Bemidji State,ii,Northern Sun,10.0,"[0, 7, 3, 0]",,,,,,Division II Championship - First Round,
401613501,2023,12,postseason,2023-11-18T19:00:00.000Z,False,True,False,False,,4724.0,Audrey J. Walton Stadium at Vernon Kennedy Field,2118,Central Missouri,ii,Mid America,56.0,"[35, 14, 7, 0]",,,,2271,Henderson State,ii,Great American,14.0,"[0, 14, 0, 0]",,,,,,Division II Championship - First Round,
401613464,2023,12,postseason,2023-11-18T20:00:00.000Z,False,True,False,False,,6148.0,The Pine Bowl,2721,Whitworth,iii,Northwest,42.0,"[7, 14, 7, 14]",,,,411,Chapman,iii,So. Cal.,28.0,"[7, 7, 0, 14]",,,,,,Division III Championship - First Round,
401613505,2023,12,postseason,2023-11-18T20:00:00.000Z,False,True,False,False,,5782.0,Mountaineer Bowl,2714,Western Colorado,ii,Rocky Mountain,13.0,"[0, 3, 0, 7, 3]",,,,2120,Central Washington,ii,Lone Star,16.0,"[0, 0, 0, 10, 6]",,,,,,Division II Championship - First Round,
401614559,2023,13,postseason,2023-11-25T17:00:00.000Z,False,True,False,False,,3731.0,Frost-Kalnow Stadium,2838,Tiffin,ii,Great Midwest Athletic,35.0,"[0, 14, 0, 21]",,,,215,Slippery Rock,ii,Pennsylvania State Athletic,45.0,"[0, 24, 7, 14]",,,,,,Division II Championship - Second Round,
401614624,2023,13,postseason,2023-11-25T17:00:00.000Z,False,True,False,False,,6105.0,Day Field,2516,Randolph Macon,iii,Old Dominion,46.0,"[12, 10, 7, 17]",,,,175,Ithaca,iii,Liberty League,0.0,"[0, 0, 0, 0]",,,,,,Division III Championship - Second Round,
401614623,2023,13,postseason,2023-11-25T17:00:00.000Z,False,True,False,False,,5124.0,Homewood Field,118,Johns Hopkins,iii,Centennial,39.0,"[13, 9, 0, 17]",,,,237,Union,iii,Liberty League,17.0,"[0, 14, 3, 0]",,,,,,Division III Championship - Second Round,
401614622,2023,13,postseason,2023-11-25T17:00:00.000Z,False,True,False,False,,5125.0,Stadium Red Field,2782,SUNY Cortland,iii,Empire 8,25.0,"[7, 7, 3, 8]",,,,146,Grove City,iii,Presidents',24.0,"[0, 14, 3, 7]",,,,,,Division III Championship - Second Round,
401614621,2023,13,postseason,2023-11-25T17:00:00.000Z,False,True,False,False,,4856.0,Mount Union Stadium,426,Mount Union,iii,Ohio,20.0,"[0, 10, 0, 10]",,,,2800,Alma,iii,Michigan,24.0,"[0, 0, 0, 24]",,,,,,Division III Championship - Second Round,
401614620,2023,13,postseason,2023-11-25T18:00:00.000Z,False,True,False,False,,4854.0,Perkins Stadium,2745,Wisconsin Whitewater,iii,Wisconsin,49.0,"[14, 0, 14, 21]",,,,396,Wheaton (IL),iii,CCIW,42.0,"[14, 14, 0, 14]",,,,,,Division III Championship - Second Round,
401614603,2023,13,postseason,2023-11-25T18:00:00.000Z,False,True,False,False,,3605.0,Alerus Center,155,North Dakota,fcs,MVFC,35.0,"[7, 7, 14, 7]",0.23058092594146729,,,16,Sacramento State,fcs,Big Sky,42.0,"[14, 14, 0, 14]",0.7694190740585327,,,5.968341965178751,,FCS Championship - First Round,
401614619,2023,13,postseason,2023-11-25T18:00:00.000Z,False,True,False,False,,6137.0,Walston-Hoover Stadium,2685,Wartburg,iii,American Rivers,42.0,"[7, 21, 14, 0]",,,,2721,Whitworth,iii,Northwest,20.0,"[6, 0, 0, 14]",,,,,,Division III Championship - Second Round,
401614562,2023,13,postseason,2023-11-25T18:00:00.000Z,False,True,False,False,,3811.0,Lubbers Stadium,125,Grand Valley State,ii,GLIAC,24.0,"[7, 7, 0, 10]",,,,90,Pittsburg State,ii,Mid America,21.0,"[7, 7, 7, 0]",,,,,,Division II Championship - Second Round,
401614617,2023,13,postseason,2023-11-25T18:00:00.000Z,False,True,False,False,,5914.0,Veterans Memorial Stadium (WI),2740,Wisconsin La Crosse,iii,Wisconsin,56.0,"[0, 28, 7, 21]",,,,2044,Aurora,iii,NACC,35.0,"[14, 7, 7, 7]",,,,,,Division III Championship - Second Round,
401614560,2023,13,postseason,2023-11-25T18:00:00.000Z,False,True,False,False,,5121.0,University of Charleston Stadium,2128,Charleston (WV),ii,Mountain East,31.0,"[7, 14, 7, 3]",,,,2315,Kutztown,ii,Pennsylvania State Athletic,32.0,"[0, 17, 0, 15]",,,,,,Division II Championship - Second Round,
401614618,2023,13,postseason,2023-11-25T18:00:00.000Z,False,True,False,False,,980.0,Benedetti-Wehrli Stadium,3071,North Central College,iii,CCIW,71.0,"[27, 14, 13, 17]",,,,386,Trinity (TX),iii,Southern Athletic,28.0,"[14, 0, 7, 7]",,,,,,Division III Championship - Second Round,
401614563,2023,13,postseason,2023-11-25T18:00:00.000Z,False,True,False,False,,5875.0,Charlie W. Johnson Stadium,490,Benedict,ii,SIAC,25.0,"[12, 7, 0, 6]",,,,2331,Lenoir Rhyne,ii,South Atlantic,35.0,"[7, 7, 14, 7]",,,,,,Division II Championship - Second Round,
401614616,2023,13,postseason,2023-11-25T19:00:00.000Z,False,True,False,False,,3695.0,Delaware Stadium,48,Delaware,fcs,CAA,36.0,"[7, 6, 6, 17]",0.3353939652442932,,,322,Lafayette,fcs,Patriot,34.0,"[21, 7, 0, 6]",0.6646060347557068,,,6.310752967961734,,FCS Championship - First Round,
401614561,2023,13,postseason,2023-11-25T19:00:00.000Z,False,True,False,False,,5885.0,First Security Stadium,2264,Harding,ii,Great American,35.0,"[7, 14, 7, 7]",,,,2118,Central Missouri,ii,Mid America,34.0,"[7, 7, 7, 13]",,,,,,Division II Championship - Second Round,
401614564,2023,13,postseason,2023-11-25T19:00:00.000Z,False,True,False,True,,5935.0,Parker Field at McCool Stadium,2170,Delta State,ii,Gulf South,31.0,"[7, 7, 7, 10]",,,,2673,Valdosta State,ii,Gulf South,38.0,"[14, 7, 0, 17]",,,,,,Division II Championship - Second Round,
401614565,2023,13,postseason,2023-11-25T19:00:00.000Z,False,True,False,False,,5874.0,Chet Anderson Stadium,132,Bemidji State,ii,Northern Sun,17.0,"[17, 0, 0, 0]",,,,2120,Central Washington,ii,Lone Star,21.0,"[0, 14, 7, 0]",,,,,,Division II Championship - Second Round,
401614566,2023,13,postseason,2023-11-25T19:00:00.000Z,False,True,False,False,,5883.0,Marv Kay Stadium at Campbell Field,2146,Colorado School of Mines,ii,Rocky Mountain,56.0,"[14, 14, 14, 14]",,,,2043,Augustana (SD),ii,Northern Sun,10.0,"[0, 3, 7, 0]",,,,,,Division II Championship - Second Round,
401614601,2023,13,postseason,2023-11-25T19:00:00.000Z,False,True,False,False,,2068.0,E. Claiborne Robins Stadium,257,Richmond,fcs,Coastal Athletic,49.0,"[7, 7, 14, 21]",,,,2428,North Carolina Central,fcs,MEAC,27.0,"[13, 7, 0, 7]",,,,,,FCS Championship - First Round,
401614602,2023,13,postseason,2023-11-25T20:00:00.000Z,False,True,False,False,,3913.0,Saluki Stadium,79,Southern Illinois,fcs,MVFC,35.0,"[21, 0, 14, 0]",0.9827043414115906,,,2447,Nicholls,fcs,Southland,0.0,"[0, 0, 0, 0]",0.017295658588409424,,,1.3135461807250977,,FCS Championship - First Round,
401614599,2023,13,postseason,2023-11-25T20:00:00.000Z,False,True,False,False,,4417.0,Five Star Stadium at the Moye Complex,2382,Mercer,fcs,Southern,17.0,"[0, 14, 0, 3]",0.9381365180015564,,,2241,Gardner-Webb,fcs,Big South-OVC,7.0,"[0, 7, 0, 0]",0.061863481998443604,,,4.289026315052142,,FCS Championship - First Round,
401614615,2023,13,postseason,2023-11-25T20:00:00.000Z,False,True,False,False,,3742.0,Governors Stadium,2046,Austin Peay,fcs,UAC,21.0,"[7, 0, 14, 0]",0.09270365362122636,,,236,Chattanooga,fcs,Southern,24.0,"[7, 14, 0, 3]",0.9072963463787737,,,5.9792201664,,FCS Championship - First Round,
401614604,2023,13,postseason,2023-11-25T20:30:00.000Z,False,True,False,False,,3714.0,Fargodome,2449,North Dakota State,fcs,MVFC,66.0,"[14, 21, 10, 21]",0.9932418465614319,,,2181,Drake,fcs,Pioneer,3.0,"[3, 0, 0, 0]",0.006758153438568115,,,2.5594435944987772,,FCS Championship - First Round,
401614600,2023,13,postseason,2023-11-25T22:00:00.000Z,False,True,False,False,,844.0,Stambaugh Stadium,2754,Youngstown State,fcs,MVFC,40.0,"[10, 14, 6, 10]",0.9805873036384583,,,2184,Duquesne,fcs,NEC,7.0,"[7, 0, 0, 0]",0.019412696361541748,,,2.1682111408126237,,FCS Championship - First Round,
401615939,2023,14,postseason,2023-12-02T17:00:00.000Z,False,True,False,False,,717.0,Villanova Stadium,222,Villanova,fcs,Coastal Athletic,45.0,"[7, 14, 10, 14]",0.9934402704238892,,,2754,Youngstown State,fcs,MVFC,28.0,"[3, 7, 3, 15]",0.00655972957611084,,,3.7331908626022496,,FCS Championship - Second Round,
401615860,2023,14,postseason,2023-12-02T17:00:00.000Z,False,True,False,True,,4419.0,Bob Ford Field,399,UAlbany,fcs,Coastal Athletic,41.0,"[14, 13, 14, 0]",0.9865161180496216,,,257,Richmond,fcs,Coastal Athletic,13.0,"[0, 7, 0, 6]",0.013483881950378418,,,2.9661016321046803,,FCS Championship - Second Round,
401615822,2023,14,postseason,2023-12-02T17:00:00.000Z,False,True,False,False,,5790.0,Bahlke Field,2800,Alma,iii,Michigan,41.0,"[13, 21, 7, 0]",,,,2782,SUNY Cortland,iii,Empire 8,58.0,"[6, 28, 14, 10]",,,,,,Division III Championship - Quarterfinal,
401615820,2023,14,postseason,2023-12-02T17:00:00.000Z,False,True,False,True,,4430.0,Mihalik-Thompson Stadium,215,Slippery Rock,ii,Pennsylvania State Athletic,16.0,"[7, 7, 0, 2]",,,,2315,Kutztown,ii,Pennsylvania State Athletic,28.0,"[14, 7, 0, 7]",,,,,,Division II Championship - Quarterfinal,
401615824,2023,14,postseason,2023-12-02T17:00:00.000Z,False,True,False,False,,5124.0,Homewood Field,118,Johns Hopkins,iii,Centennial,36.0,"[3, 6, 13, 14]",,,,2516,Randolph Macon,iii,Old Dominion,39.0,"[0, 21, 8, 10]",,,,,,Division III Championship - Quarterfinal,
401615823,2023,14,postseason,2023-12-02T18:00:00.000Z,False,True,False,False,,6137.0,Walston-Hoover Stadium,2685,Wartburg,iii,American Rivers,31.0,"[3, 14, 7, 7]",,,,2745,Wisconsin Whitewater,iii,Wisconsin,28.0,"[14, 7, 0, 7]",,,,,,Division III Championship - Quarterfinal,
401615901,2023,14,postseason,2023-12-02T18:00:00.000Z,False,True,False,True,,3868.0,Paladin Stadium,231,Furman,fcs,Southern,26.0,"[0, 10, 10, 6]",0.9894581437110901,,,236,Chattanooga,fcs,Southern,7.0,"[7, 0, 0, 0]",0.010541856288909912,,,3.544982448325843,,FCS Championship - Second Round,
401615848,2023,14,postseason,2023-12-02T18:00:00.000Z,False,True,False,False,,6553.0,Helen and Leonard Moretz Stadium,2331,Lenoir Rhyne,ii,South Atlantic,35.0,"[0, 28, 0, 7]",,,,2673,Valdosta State,ii,Gulf South,7.0,"[0, 0, 7, 0]",,,,,,Division II Championship - Quarterfinal,
401615821,2023,14,postseason,2023-12-02T18:00:00.000Z,False,True,False,False,,5914.0,Veterans Memorial Stadium (WI),2740,Wisconsin La Crosse,iii,Wisconsin,42.0,"[7, 7, 14, 14]",,,,3071,North Central College,iii,CCIW,55.0,"[14, 21, 6, 14]",,,,,,Division III Championship - Quarterfinal,
401615819,2023,14,postseason,2023-12-02T19:00:00.000Z,False,True,False,False,,1905.0,DakotaDome,233,South Dakota,fcs,MVFC,34.0,"[3, 21, 7, 3]",0.985556960105896,,,16,Sacramento State,fcs,Big Sky,24.0,"[0, 14, 0, 10]",0.014443039894104004,,,3.4128716516183455,,FCS Championship - Second Round,
401615899,2023,14,postseason,2023-12-02T19:00:00.000Z,False,True,False,False,,5237.0,Dana J. Dykhouse Stadium,2571,South Dakota State,fcs,MVFC,41.0,"[3, 21, 7, 10]",0.9924238920211792,,,2382,Mercer,fcs,Southern,0.0,"[0, 0, 0, 0]",0.007576107978820801,,,2.1504130310683967,,FCS Championship - Second Round,
401615849,2023,14,postseason,2023-12-02T19:00:00.000Z,False,True,False,False,,5883.0,Marv Kay Stadium at Campbell Field,2146,Colorado School of Mines,ii,Rocky Mountain,38.0,"[7, 7, 10, 14]",,,,2120,Central Washington,ii,Lone Star,14.0,"[0, 14, 0, 0]",,,,,,Division II Championship - Quarterfinal,
401615847,2023,14,postseason,2023-12-02T19:00:00.000Z,False,True,False,False,,5885.0,First Security Stadium,2264,Harding,ii,Great American,7.0,"[0, 0, 0, 7]",,,,125,Grand Valley State,ii,GLIAC,6.0,"[0, 6, 0, 0]",,,,,,Division II Championship - Quarterfinal,
401615900,2023,14,postseason,2023-12-02T20:00:00.000Z,False,True,False,False,,3643.0,Bobcat Stadium,147,Montana State,fcs,Big Sky,34.0,"[7, 7, 14, 0, 6]",0.8994618058204651,,,2449,North Dakota State,fcs,MVFC,35.0,"[0, 14, 7, 7, 7]",0.10053819417953491,,,6.7502473924722475,,FCS Championship - Second Round,
401539485,2023,14,postseason,2023-12-02T21:00:00.000Z,False,True,False,True,,3650.0,Bragg Memorial Stadium,50,Florida A&M,fcs,SWAC,35.0,"[14, 7, 7, 7]",0.9933289885520935,,,2504,Prairie View A&M,fcs,SWAC,14.0,"[0, 7, 7, 0]",0.006671011447906494,,,2.337513691824447,,SWAC Championship,
401615859,2023,14,postseason,2023-12-03T02:00:00.000Z,False,True,False,False,,3987.0,Washington-Grizzly Stadium,149,Montana,fcs,Big Sky,49.0,"[10, 25, 14, 0]",0.9972485303878784,,,48,Delaware,fcs,CAA,19.0,"[0, 12, 7, 0]",0.002751469612121582,,,2.901020914228844,,FCS Championship - Second Round,
401615879,2023,14,postseason,2023-12-03T03:00:00.000Z,False,True,False,False,,3791.0,Kibbie Dome,70,Idaho,fcs,Big Sky,20.0,"[0, 3, 7, 7, 3]",0.12880219519138336,,,79,Southern Illinois,fcs,MVFC,17.0,"[0, 10, 0, 7, 0]",0.8711978048086166,,,5.736356730455421,,FCS Championship - Second Round,
401617310,2023,15,postseason,2023-12-09T02:00:00.000Z,False,True,False,False,,3987.0,Washington-Grizzly Stadium,149,Montana,fcs,Big Sky,35.0,"[14, 6, 0, 8, 7]",,,,231,Furman,fcs,Southern,28.0,"[14, 0, 7, 7, 0]",,,,,,FCS Championship - Quarterfinals,
401617307,2023,15,postseason,2023-12-09T17:00:00.000Z,False,True,False,False,,5237.0,Dana J. Dykhouse Stadium,2571,South Dakota State,fcs,MVFC,23.0,"[3, 7, 7, 6]",0.4270116090774536,,,222,Villanova,fcs,Coastal Athletic,12.0,"[0, 9, 0, 3]",0.5729883909225464,,,3.7477919247278835,,FCS Championship - Quarterfinals,
401617199,2023,15,postseason,2023-12-09T17:00:00.000Z,False,True,False,False,,6105.0,Day Field,2782,SUNY Cortland,iii,Empire 8,49.0,"[14, 21, 14, 0]",,,,2516,Randolph Macon,iii,Old Dominion,14.0,"[0, 0, 7, 7]",,,,,,Division III Championship - Semifinal,
401617204,2023,15,postseason,2023-12-09T17:00:00.000Z,False,True,False,False,,5885.0,First Security Stadium,2264,Harding,ii,Great American,55.0,"[14, 20, 14, 7]",,,,2331,Lenoir Rhyne,ii,South Atlantic,14.0,"[0, 7, 0, 7]",,,,,,Division II Championship - Semifinal,
401617308,2023,15,postseason,2023-12-09T19:30:00.000Z,False,True,False,True,,1905.0,DakotaDome,233,South Dakota,fcs,MVFC,17.0,"[3, 0, 7, 7]",0.003624177537858486,,,2449,North Dakota State,fcs,MVFC,45.0,"[21, 14, 3, 7]",0.9963758224621415,,,2.3373169269761065,,FCS Championship - Quarterfinals,
401617205,2023,15,postseason,2023-12-09T20:30:00.000Z,False,True,False,False,,5883.0,Marv Kay Stadium at Campbell Field,2146,Colorado School of Mines,ii,Rocky Mountain,35.0,"[14, 7, 7, 7]",,,,2315,Kutztown,ii,Pennsylvania State Athletic,7.0,"[0, 7, 0, 0]",,,,,,Division II Championship - Semifinal,
401617200,2023,15,postseason,2023-12-09T20:30:00.000Z,False,True,False,False,,6137.0,Walston-Hoover Stadium,3071,North Central College,iii,CCIW,34.0,"[13, 13, 0, 8]",,,,2685,Wartburg,iii,American Rivers,27.0,"[0, 13, 7, 7]",,,,,,Division III Championship - Semifinal,
401617309,2023,15,postseason,2023-12-10T03:00:00.000Z,False,True,False,False,,3791.0,Kibbie Dome,70,Idaho,fcs,Big Sky,22.0,"[10, 6, 3, 3]",0.34391483664512634,,,399,UAlbany,fcs,Coastal Athletic,30.0,"[7, 7, 0, 16]",0.6560851633548737,,,5.465649306877975,,FCS Championship - Quarterfinals,
